2026-10-10T14:28:24.144+05:30  INFO 5118 --- [taskflow] [restartedMain] c.example.taskflow.TaskflowApplication   : Starting TaskflowApplication using Java 22.0.2 with PID 5118 (/Users/janidubomal/Downloads/taskflow/target/classes started by janidubomal in /Users/janidubomal/Downloads/taskflow)
2026-10-10T14:28:24.145+05:30 DEBUG 5118 --- [taskflow] [restartedMain] c.example.taskflow.TaskflowApplication   : Running with Spring Boot v4.1.1, Spring v7.0.9
2026-10-10T14:28:24.145+05:30  INFO 5118 --- [taskflow] [restartedMain] c.example.taskflow.TaskflowApplication   : No active profile set, falling back to 1 default profile: "default"
2026-10-10T14:28:24.165+05:30  INFO 5118 --- [taskflow] [restartedMain] .e.DevToolsPropertyDefaultsPostProcessor : Devtools property defaults active! Set 'spring.devtools.add-properties' to 'false' to disable
2026-10-10T14:28:24.165+05:30  INFO 5118 --- [taskflow] [restartedMain] .e.DevToolsPropertyDefaultsPostProcessor : For additional web related logging consider setting the 'logging.level.web' property to 'DEBUG'
2026-10-10T14:28:24.428+05:30  INFO 5118 --- [taskflow] [restartedMain] .s.d.r.c.RepositoryConfigurationDelegate : Bootstrapping Spring Data JPA repositories in DEFAULT mode.
2026-10-10T14:28:24.445+05:30  INFO 5118 --- [taskflow] [restartedMain] .s.d.r.c.RepositoryConfigurationDelegate : Finished Spring Data repository scanning in 14 ms. Found 1 JPA repository interface.
2026-10-10T14:28:24.620+05:30  INFO 5118 --- [taskflow] [restartedMain] o.s.boot.tomcat.TomcatWebServer          : Tomcat initialized with port 8080 (http)
2026-10-10T14:28:24.626+05:30  INFO 5118 --- [taskflow] [restartedMain] o.apache.catalina.core.StandardService   : Starting service [Tomcat]
2026-10-10T14:28:24.626+05:30  INFO 5118 --- [taskflow] [restartedMain] o.apache.catalina.core.StandardEngine    : Starting Servlet engine: [Apache Tomcat/11.0.24]
2026-10-10T14:28:24.641+05:30  INFO 5118 --- [taskflow] [restartedMain] b.w.c.s.WebApplicationContextInitializer : Root WebApplicationContext: initialization completed in 476 ms
2026-10-10T14:28:24.761+05:30  INFO 5118 --- [taskflow] [restartedMain] com.zaxxer.hikari.HikariDataSource       : HikariPool-1 - Starting...
2026-10-10T14:28:24.822+05:30  INFO 5118 --- [taskflow] [restartedMain] com.zaxxer.hikari.pool.HikariPool        : HikariPool-1 - Added connection org.postgresql.jdbc.PgConnection@59a1e9e8
2026-10-10T14:28:24.822+05:30  INFO 5118 --- [taskflow] [restartedMain] com.zaxxer.hikari.HikariDataSource       : HikariPool-1 - Start completed.
2026-10-10T14:28:24.830+05:30  INFO 5118 --- [taskflow] [restartedMain] org.flywaydb.core.FlywayExecutor         : Database: jdbc:postgresql://localhost:5432/taskflow (PostgreSQL 17.2)
2026-10-10T14:28:24.856+05:30  INFO 5118 --- [taskflow] [restartedMain] o.f.core.internal.command.DbValidate     : Successfully validated 2 migrations (execution time 00:00.011s)
2026-10-10T14:28:24.877+05:30  INFO 5118 --- [taskflow] [restartedMain] o.f.core.internal.command.DbMigrate      : Current version of schema "public": 2
2026-10-10T14:28:24.878+05:30  INFO 5118 --- [taskflow] [restartedMain] o.f.core.internal.command.DbMigrate      : Schema "public" is up to date. No migration necessary.
2026-10-10T14:28:24.912+05:30  INFO 5118 --- [taskflow] [restartedMain] org.hibernate.orm.jpa                    : HHH008540: Processing PersistenceUnitInfo [name: default]
2026-10-10T14:28:24.933+05:30  INFO 5118 --- [taskflow] [restartedMain] org.hibernate.orm.core                   : HHH000001: Hibernate ORM core version 7.4.5.Final
2026-10-10T14:28:25.081+05:30  INFO 5118 --- [taskflow] [restartedMain] o.s.o.j.p.SpringPersistenceUnitInfo      : No LoadTimeWeaver setup: ignoring JPA class transformer
2026-10-10T14:28:25.119+05:30  INFO 5118 --- [taskflow] [restartedMain] org.hibernate.orm.connections.pooling    : HHH10001005: Database info:
	Database JDBC URL [jdbc:postgresql://localhost:5432/taskflow]
	Database driver: PostgreSQL JDBC Driver
	Database dialect: PostgreSQLDialect
	Database version: 17.2
	Default catalog/schema: taskflow/public
	Autocommit mode: undefined/unknown
	Isolation level: READ_COMMITTED [default READ_COMMITTED]
	JDBC fetch size: none
	Pool: DataSourceConnectionProvider
	Minimum pool size: undefined/unknown
	Maximum pool size: undefined/unknown
2026-10-10T14:28:25.433+05:30  INFO 5118 --- [taskflow] [restartedMain] org.hibernate.orm.core                   : HHH000489: No JTA platform available (set 'hibernate.transaction.jta.platform' to enable JTA platform integration)
2026-10-10T14:28:25.461+05:30  INFO 5118 --- [taskflow] [restartedMain] j.LocalContainerEntityManagerFactoryBean : Initialized JPA EntityManagerFactory for persistence unit 'default'
2026-10-10T14:28:25.490+05:30  INFO 5118 --- [taskflow] [restartedMain] o.s.d.j.r.query.QueryEnhancerFactories   : Hibernate is in classpath; If applicable, HQL parser will be used.
2026-10-10T14:28:25.559+05:30  WARN 5118 --- [taskflow] [restartedMain] JpaBaseConfiguration$JpaWebConfiguration : spring.jpa.open-in-view is enabled by default. Therefore, database queries may be performed during view rendering. Explicitly configure spring.jpa.open-in-view to disable this warning
2026-10-10T14:28:25.702+05:30  INFO 5118 --- [taskflow] [restartedMain] o.s.b.a.e.web.EndpointLinksResolver      : Exposing 4 endpoints beneath base path '/actuator'
2026-10-10T14:28:25.733+05:30  INFO 5118 --- [taskflow] [restartedMain] o.s.boot.tomcat.TomcatWebServer          : Tomcat started on port 8080 (http) with context path '/'
2026-10-10T14:28:25.737+05:30  INFO 5118 --- [taskflow] [restartedMain] c.example.taskflow.TaskflowApplication   : Started TaskflowApplication in 1.775 seconds (process running for 1.96)
2026-10-10T14:28:30.278+05:30  INFO 5118 --- [taskflow] [http-nio-8080-exec-1] o.a.c.c.C.[Tomcat].[localhost].[/]       : Initializing Spring DispatcherServlet 'dispatcherServlet'
2026-10-10T14:28:30.278+05:30  INFO 5118 --- [taskflow] [http-nio-8080-exec-1] o.s.web.servlet.DispatcherServlet        : Initializing Servlet 'dispatcherServlet'
2026-10-10T14:28:30.279+05:30  INFO 5118 --- [taskflow] [http-nio-8080-exec-1] o.s.web.servlet.DispatcherServlet        : Completed initialization in 1 ms
2026-10-10T14:28:30.295+05:30 DEBUG 5118 --- [taskflow] [http-nio-8080-exec-1] c.example.taskflow.services.TaskService  : Finding task with id: 999
2026-10-10T14:28:30.317+05:30  WARN 5118 --- [taskflow] [http-nio-8080-exec-1] c.example.taskflow.services.TaskService  : Task not found with id: 999
2026-10-10T14:28:30.327+05:30  WARN 5118 --- [taskflow] [http-nio-8080-exec-1] .m.m.a.ExceptionHandlerExceptionResolver : Resolved [com.example.taskflow.exception.TaskNotFoundException: Task not found with id: 999]
2026-10-10T14:33:48.773+05:30  INFO 5118 --- [taskflow] [SpringApplicationShutdownHook] o.s.boot.tomcat.GracefulShutdown         : Commencing graceful shutdown. Waiting for active requests to complete
2026-10-10T14:33:48.778+05:30  INFO 5118 --- [taskflow] [tomcat-shutdown] o.s.boot.tomcat.GracefulShutdown         : Graceful shutdown complete
2026-10-10T14:33:48.783+05:30  INFO 5118 --- [taskflow] [SpringApplicationShutdownHook] j.LocalContainerEntityManagerFactoryBean : Closing JPA EntityManagerFactory for persistence unit 'default'
2026-10-10T14:33:48.787+05:30  INFO 5118 --- [taskflow] [SpringApplicationShutdownHook] com.zaxxer.hikari.HikariDataSource       : HikariPool-1 - Shutdown initiated...
2026-10-10T14:33:48.789+05:30  INFO 5118 --- [taskflow] [SpringApplicationShutdownHook] com.zaxxer.hikari.HikariDataSource       : HikariPool-1 - Shutdown completed.
2026-10-10T14:33:50.322+05:30  INFO 5273 --- [taskflow] [restartedMain] c.example.taskflow.TaskflowApplication   : Starting TaskflowApplication using Java 22.0.2 with PID 5273 (/Users/janidubomal/Downloads/taskflow/target/classes started by janidubomal in /Users/janidubomal/Downloads/taskflow)
2026-10-10T14:33:50.323+05:30 DEBUG 5273 --- [taskflow] [restartedMain] c.example.taskflow.TaskflowApplication   : Running with Spring Boot v4.1.1, Spring v7.0.9
2026-10-10T14:33:50.324+05:30  INFO 5273 --- [taskflow] [restartedMain] c.example.taskflow.TaskflowApplication   : No active profile set, falling back to 1 default profile: "default"
2026-10-10T14:33:50.347+05:30  INFO 5273 --- [taskflow] [restartedMain] .e.DevToolsPropertyDefaultsPostProcessor : Devtools property defaults active! Set 'spring.devtools.add-properties' to 'false' to disable
2026-10-10T14:33:50.347+05:30  INFO 5273 --- [taskflow] [restartedMain] .e.DevToolsPropertyDefaultsPostProcessor : For additional web related logging consider setting the 'logging.level.web' property to 'DEBUG'
2026-10-10T14:33:50.612+05:30  INFO 5273 --- [taskflow] [restartedMain] .s.d.r.c.RepositoryConfigurationDelegate : Bootstrapping Spring Data JPA repositories in DEFAULT mode.
2026-10-10T14:33:50.629+05:30  INFO 5273 --- [taskflow] [restartedMain] .s.d.r.c.RepositoryConfigurationDelegate : Finished Spring Data repository scanning in 12 ms. Found 1 JPA repository interface.
2026-10-10T14:33:50.814+05:30  INFO 5273 --- [taskflow] [restartedMain] o.s.boot.tomcat.TomcatWebServer          : Tomcat initialized with port 8080 (http)
2026-10-10T14:33:50.821+05:30  INFO 5273 --- [taskflow] [restartedMain] o.apache.catalina.core.StandardService   : Starting service [Tomcat]
2026-10-10T14:33:50.821+05:30  INFO 5273 --- [taskflow] [restartedMain] o.apache.catalina.core.StandardEngine    : Starting Servlet engine: [Apache Tomcat/11.0.24]
2026-10-10T14:33:50.834+05:30  INFO 5273 --- [taskflow] [restartedMain] b.w.c.s.WebApplicationContextInitializer : Root WebApplicationContext: initialization completed in 487 ms
2026-10-10T14:33:50.974+05:30  INFO 5273 --- [taskflow] [restartedMain] com.zaxxer.hikari.HikariDataSource       : HikariPool-1 - Starting...
2026-10-10T14:33:51.036+05:30  INFO 5273 --- [taskflow] [restartedMain] com.zaxxer.hikari.pool.HikariPool        : HikariPool-1 - Added connection org.postgresql.jdbc.PgConnection@44342f6a
2026-10-10T14:33:51.037+05:30  INFO 5273 --- [taskflow] [restartedMain] com.zaxxer.hikari.HikariDataSource       : HikariPool-1 - Start completed.
2026-10-10T14:33:51.045+05:30  INFO 5273 --- [taskflow] [restartedMain] org.flywaydb.core.FlywayExecutor         : Database: jdbc:postgresql://localhost:5432/taskflow (PostgreSQL 17.2)
2026-10-10T14:33:51.075+05:30  INFO 5273 --- [taskflow] [restartedMain] o.f.core.internal.command.DbValidate     : Successfully validated 2 migrations (execution time 00:00.012s)
2026-10-10T14:33:51.094+05:30  INFO 5273 --- [taskflow] [restartedMain] o.f.core.internal.command.DbMigrate      : Current version of schema "public": 2
2026-10-10T14:33:51.095+05:30  INFO 5273 --- [taskflow] [restartedMain] o.f.core.internal.command.DbMigrate      : Schema "public" is up to date. No migration necessary.
2026-10-10T14:33:51.134+05:30  INFO 5273 --- [taskflow] [restartedMain] org.hibernate.orm.jpa                    : HHH008540: Processing PersistenceUnitInfo [name: default]
2026-10-10T14:33:51.170+05:30  INFO 5273 --- [taskflow] [restartedMain] org.hibernate.orm.core                   : HHH000001: Hibernate ORM core version 7.4.5.Final
2026-10-10T14:33:51.341+05:30  INFO 5273 --- [taskflow] [restartedMain] o.s.o.j.p.SpringPersistenceUnitInfo      : No LoadTimeWeaver setup: ignoring JPA class transformer
2026-10-10T14:33:51.376+05:30  INFO 5273 --- [taskflow] [restartedMain] org.hibernate.orm.connections.pooling    : HHH10001005: Database info:
	Database JDBC URL [jdbc:postgresql://localhost:5432/taskflow]
	Database driver: PostgreSQL JDBC Driver
	Database dialect: PostgreSQLDialect
	Database version: 17.2
	Default catalog/schema: taskflow/public
	Autocommit mode: undefined/unknown
	Isolation level: READ_COMMITTED [default READ_COMMITTED]
	JDBC fetch size: none
	Pool: DataSourceConnectionProvider
	Minimum pool size: undefined/unknown
	Maximum pool size: undefined/unknown
2026-10-10T14:33:51.698+05:30  INFO 5273 --- [taskflow] [restartedMain] org.hibernate.orm.core                   : HHH000489: No JTA platform available (set 'hibernate.transaction.jta.platform' to enable JTA platform integration)
2026-10-10T14:33:51.727+05:30  INFO 5273 --- [taskflow] [restartedMain] j.LocalContainerEntityManagerFactoryBean : Initialized JPA EntityManagerFactory for persistence unit 'default'
2026-10-10T14:33:51.757+05:30  INFO 5273 --- [taskflow] [restartedMain] o.s.d.j.r.query.QueryEnhancerFactories   : Hibernate is in classpath; If applicable, HQL parser will be used.
2026-10-10T14:33:51.827+05:30  WARN 5273 --- [taskflow] [restartedMain] JpaBaseConfiguration$JpaWebConfiguration : spring.jpa.open-in-view is enabled by default. Therefore, database queries may be performed during view rendering. Explicitly configure spring.jpa.open-in-view to disable this warning
2026-10-10T14:33:51.970+05:30  INFO 5273 --- [taskflow] [restartedMain] o.s.b.a.e.web.EndpointLinksResolver      : Exposing 4 endpoints beneath base path '/actuator'
2026-10-10T14:33:52.000+05:30  INFO 5273 --- [taskflow] [restartedMain] o.s.boot.tomcat.TomcatWebServer          : Tomcat started on port 8080 (http) with context path '/'
2026-10-10T14:33:52.003+05:30  INFO 5273 --- [taskflow] [restartedMain] c.example.taskflow.TaskflowApplication   : Started TaskflowApplication in 1.883 seconds (process running for 2.08)
2026-10-10T14:33:56.454+05:30  INFO 5273 --- [taskflow] [http-nio-8080-exec-1] o.a.c.c.C.[Tomcat].[localhost].[/]       : Initializing Spring DispatcherServlet 'dispatcherServlet'
2026-10-10T14:33:56.455+05:30  INFO 5273 --- [taskflow] [http-nio-8080-exec-1] o.s.web.servlet.DispatcherServlet        : Initializing Servlet 'dispatcherServlet'
2026-10-10T14:33:56.456+05:30  INFO 5273 --- [taskflow] [http-nio-8080-exec-1] o.s.web.servlet.DispatcherServlet        : Completed initialization in 0 ms
2026-10-10T14:34:24.776+05:30  INFO 5273 --- [taskflow] [http-nio-8080-exec-2] c.example.taskflow.services.TaskService  : Creating task with title: Task A
2026-10-10T14:34:24.832+05:30  INFO 5273 --- [taskflow] [http-nio-8080-exec-2] c.example.taskflow.services.TaskService  : Task created successfully with id: 6
2026-10-10T14:35:18.755+05:30  INFO 5273 --- [taskflow] [http-nio-8080-exec-6] c.example.taskflow.services.TaskService  : Creating task with title: Task B
2026-10-10T14:35:18.766+05:30  INFO 5273 --- [taskflow] [http-nio-8080-exec-6] c.example.taskflow.services.TaskService  : Task created successfully with id: 7
2026-10-10T14:38:10.771+05:30  INFO 5273 --- [taskflow] [File Watcher] rtingClassPathChangeChangedEventListener : Restarting due to 15 class path changes (0 additions, 0 deletions, 15 modifications)
2026-10-10T14:38:10.781+05:30  INFO 5273 --- [taskflow] [Thread-1] o.s.boot.tomcat.GracefulShutdown         : Commencing graceful shutdown. Waiting for active requests to complete
2026-10-10T14:38:10.784+05:30  INFO 5273 --- [taskflow] [tomcat-shutdown] o.s.boot.tomcat.GracefulShutdown         : Graceful shutdown complete
2026-10-10T14:38:10.788+05:30  INFO 5273 --- [taskflow] [Thread-1] j.LocalContainerEntityManagerFactoryBean : Closing JPA EntityManagerFactory for persistence unit 'default'
2026-10-10T14:38:10.791+05:30  INFO 5273 --- [taskflow] [Thread-1] com.zaxxer.hikari.HikariDataSource       : HikariPool-1 - Shutdown initiated...
2026-10-10T14:38:10.793+05:30  INFO 5273 --- [taskflow] [Thread-1] com.zaxxer.hikari.HikariDataSource       : HikariPool-1 - Shutdown completed.
2026-10-10T14:38:10.848+05:30  INFO 5273 --- [taskflow] [restartedMain] c.example.taskflow.TaskflowApplication   : Starting TaskflowApplication using Java 22.0.2 with PID 5273 (/Users/janidubomal/Downloads/taskflow/target/classes started by janidubomal in /Users/janidubomal/Downloads/taskflow)
2026-10-10T14:38:10.849+05:30 DEBUG 5273 --- [taskflow] [restartedMain] c.example.taskflow.TaskflowApplication   : Running with Spring Boot v4.1.1, Spring v7.0.9
2026-10-10T14:38:10.849+05:30  INFO 5273 --- [taskflow] [restartedMain] c.example.taskflow.TaskflowApplication   : No active profile set, falling back to 1 default profile: "default"
2026-10-10T14:38:10.880+05:30  INFO 5585 --- [taskflow] [main] c.e.t.repository.TaskRepositoryTest      : Starting TaskRepositoryTest using Java 22.0.2 with PID 5585 (started by janidubomal in /Users/janidubomal/Downloads/taskflow)
2026-10-10T14:38:10.880+05:30 DEBUG 5585 --- [taskflow] [main] c.e.t.repository.TaskRepositoryTest      : Running with Spring Boot v4.1.1, Spring v7.0.9
2026-10-10T14:38:10.881+05:30  INFO 5585 --- [taskflow] [main] c.e.t.repository.TaskRepositoryTest      : No active profile set, falling back to 1 default profile: "default"
2026-10-10T14:38:10.931+05:30  INFO 5273 --- [taskflow] [restartedMain] .s.d.r.c.RepositoryConfigurationDelegate : Bootstrapping Spring Data JPA repositories in DEFAULT mode.
2026-10-10T14:38:10.934+05:30  INFO 5273 --- [taskflow] [restartedMain] .s.d.r.c.RepositoryConfigurationDelegate : Finished Spring Data repository scanning in 2 ms. Found 1 JPA repository interface.
2026-10-10T14:38:10.994+05:30  INFO 5273 --- [taskflow] [restartedMain] o.s.boot.tomcat.TomcatWebServer          : Tomcat initialized with port 8080 (http)
2026-10-10T14:38:10.994+05:30  INFO 5273 --- [taskflow] [restartedMain] o.apache.catalina.core.StandardService   : Starting service [Tomcat]
2026-10-10T14:38:10.995+05:30  INFO 5273 --- [taskflow] [restartedMain] o.apache.catalina.core.StandardEngine    : Starting Servlet engine: [Apache Tomcat/11.0.24]
2026-10-10T14:38:11.001+05:30  INFO 5273 --- [taskflow] [restartedMain] b.w.c.s.WebApplicationContextInitializer : Root WebApplicationContext: initialization completed in 151 ms
2026-10-10T14:38:11.042+05:30  INFO 5273 --- [taskflow] [restartedMain] com.zaxxer.hikari.HikariDataSource       : HikariPool-2 - Starting...
2026-10-10T14:38:11.074+05:30  INFO 5585 --- [taskflow] [main] .s.d.r.c.RepositoryConfigurationDelegate : Bootstrapping Spring Data JPA repositories in DEFAULT mode.
2026-10-10T14:38:11.096+05:30  INFO 5585 --- [taskflow] [main] .s.d.r.c.RepositoryConfigurationDelegate : Finished Spring Data repository scanning in 17 ms. Found 1 JPA repository interface.
2026-10-10T14:38:11.103+05:30  INFO 5273 --- [taskflow] [restartedMain] com.zaxxer.hikari.pool.HikariPool        : HikariPool-2 - Added connection org.postgresql.jdbc.PgConnection@6948662c
2026-10-10T14:38:11.103+05:30  INFO 5273 --- [taskflow] [restartedMain] com.zaxxer.hikari.HikariDataSource       : HikariPool-2 - Start completed.
2026-10-10T14:38:11.103+05:30  INFO 5273 --- [taskflow] [restartedMain] org.flywaydb.core.FlywayExecutor         : Database: jdbc:postgresql://localhost:5432/taskflow (PostgreSQL 17.2)
2026-10-10T14:38:11.118+05:30  INFO 5273 --- [taskflow] [restartedMain] o.f.core.internal.command.DbValidate     : Successfully validated 2 migrations (execution time 00:00.006s)
2026-10-10T14:38:11.121+05:30  INFO 5585 --- [taskflow] [main] beddedDataSourceBeanFactoryPostProcessor : Replacing 'dataSource' DataSource bean with embedded version
2026-10-10T14:38:11.132+05:30  INFO 5273 --- [taskflow] [restartedMain] o.f.core.internal.command.DbMigrate      : Current version of schema "public": 2
2026-10-10T14:38:11.133+05:30  INFO 5273 --- [taskflow] [restartedMain] o.f.core.internal.command.DbMigrate      : Schema "public" is up to date. No migration necessary.
2026-10-10T14:38:11.139+05:30  INFO 5273 --- [taskflow] [restartedMain] org.hibernate.orm.jpa                    : HHH008540: Processing PersistenceUnitInfo [name: default]
2026-10-10T14:38:11.149+05:30  INFO 5273 --- [taskflow] [restartedMain] o.s.o.j.p.SpringPersistenceUnitInfo      : No LoadTimeWeaver setup: ignoring JPA class transformer
2026-10-10T14:38:11.154+05:30  INFO 5273 --- [taskflow] [restartedMain] org.hibernate.orm.connections.pooling    : HHH10001005: Database info:
	Database JDBC URL [jdbc:postgresql://localhost:5432/taskflow]
	Database driver: PostgreSQL JDBC Driver
	Database dialect: PostgreSQLDialect
	Database version: 17.2
	Default catalog/schema: taskflow/public
	Autocommit mode: undefined/unknown
	Isolation level: READ_COMMITTED [default READ_COMMITTED]
	JDBC fetch size: none
	Pool: DataSourceConnectionProvider
	Minimum pool size: undefined/unknown
	Maximum pool size: undefined/unknown
2026-10-10T14:38:11.160+05:30  INFO 5585 --- [taskflow] [main] o.s.j.d.e.EmbeddedDatabaseFactory        : Starting embedded database: url='jdbc:h2:mem:da24d064-a22e-4632-b30e-0dad72007855;DB_CLOSE_DELAY=-1;DB_CLOSE_ON_EXIT=false', username='sa'
2026-10-10T14:38:11.173+05:30  INFO 5273 --- [taskflow] [restartedMain] org.hibernate.orm.core                   : HHH000489: No JTA platform available (set 'hibernate.transaction.jta.platform' to enable JTA platform integration)
2026-10-10T14:38:11.204+05:30  INFO 5273 --- [taskflow] [restartedMain] j.LocalContainerEntityManagerFactoryBean : Initialized JPA EntityManagerFactory for persistence unit 'default'
2026-10-10T14:38:11.230+05:30  WARN 5273 --- [taskflow] [restartedMain] JpaBaseConfiguration$JpaWebConfiguration : spring.jpa.open-in-view is enabled by default. Therefore, database queries may be performed during view rendering. Explicitly configure spring.jpa.open-in-view to disable this warning
2026-10-10T14:38:11.285+05:30  INFO 5273 --- [taskflow] [restartedMain] o.s.b.a.e.web.EndpointLinksResolver      : Exposing 4 endpoints beneath base path '/actuator'
2026-10-10T14:38:11.294+05:30  INFO 5273 --- [taskflow] [restartedMain] o.s.boot.tomcat.TomcatWebServer          : Tomcat started on port 8080 (http) with context path '/'
2026-10-10T14:38:11.296+05:30  INFO 5585 --- [taskflow] [main] org.hibernate.orm.jpa                    : HHH008540: Processing PersistenceUnitInfo [name: default]
2026-10-10T14:38:11.296+05:30  INFO 5273 --- [taskflow] [restartedMain] c.example.taskflow.TaskflowApplication   : Started TaskflowApplication in 0.457 seconds (process running for 261.375)
2026-10-10T14:38:11.297+05:30  INFO 5273 --- [taskflow] [restartedMain] .ConditionEvaluationDeltaLoggingListener : Condition evaluation unchanged
2026-10-10T14:38:11.326+05:30  INFO 5585 --- [taskflow] [main] org.hibernate.orm.core                   : HHH000001: Hibernate ORM core version 7.4.5.Final
2026-10-10T14:38:11.505+05:30  INFO 5585 --- [taskflow] [main] o.s.o.j.p.SpringPersistenceUnitInfo      : No LoadTimeWeaver setup: ignoring JPA class transformer
2026-10-10T14:38:11.543+05:30  INFO 5585 --- [taskflow] [main] org.hibernate.orm.connections.pooling    : HHH10001005: Database info:
	Database JDBC URL [jdbc:h2:mem:da24d064-a22e-4632-b30e-0dad72007855]
	Database driver: H2 JDBC Driver
	Database dialect: H2Dialect
	Database version: 2.4.240
	Default catalog/schema: DA24D064-A22E-4632-B30E-0DAD72007855/PUBLIC
	Autocommit mode: undefined/unknown
	Isolation level: READ_COMMITTED [default READ_COMMITTED]
	JDBC fetch size: 100
	Pool: DataSourceConnectionProvider
	Minimum pool size: undefined/unknown
	Maximum pool size: undefined/unknown
2026-10-10T14:38:11.879+05:30  INFO 5585 --- [taskflow] [main] org.hibernate.orm.core                   : HHH000489: No JTA platform available (set 'hibernate.transaction.jta.platform' to enable JTA platform integration)
2026-10-10T14:38:11.892+05:30  INFO 5585 --- [taskflow] [main] j.LocalContainerEntityManagerFactoryBean : Initialized JPA EntityManagerFactory for persistence unit 'default'
2026-10-10T14:38:11.935+05:30  INFO 5585 --- [taskflow] [main] o.s.d.j.r.query.QueryEnhancerFactories   : Hibernate is in classpath; If applicable, HQL parser will be used.
2026-10-10T14:38:12.008+05:30  INFO 5585 --- [taskflow] [main] c.e.t.repository.TaskRepositoryTest      : Started TaskRepositoryTest in 1.344 seconds (process running for 1.841)
2026-10-10T14:38:12.580+05:30  INFO 5585 --- [taskflow] [main] org.testcontainers.images.PullPolicy     : Image pull policy will be performed by: DefaultPullPolicy()
2026-10-10T14:38:12.581+05:30  INFO 5585 --- [taskflow] [main] o.t.utility.ImageNameSubstitutor         : Image name substitution will be performed by: DefaultImageNameSubstitutor (composite of 'ConfigurationFileImageNameSubstitutor' and 'PrefixingImageNameSubstitutor')
2026-10-10T14:38:12.586+05:30  INFO 5585 --- [taskflow] [main] org.testcontainers.DockerClientFactory   : Testcontainers version: 2.0.5
2026-10-10T14:38:12.697+05:30  INFO 5585 --- [taskflow] [main] o.t.d.DockerClientProviderStrategy       : Loaded org.testcontainers.dockerclient.UnixSocketClientProviderStrategy from ~/.testcontainers.properties, will try it first
2026-10-10T14:38:14.443+05:30  INFO 5585 --- [taskflow] [main] o.t.d.DockerClientProviderStrategy       : Found Docker environment with local Unix socket (unix:///var/run/docker.sock)
2026-10-10T14:38:14.444+05:30  INFO 5585 --- [taskflow] [main] org.testcontainers.DockerClientFactory   : Docker host IP address is localhost
2026-10-10T14:38:14.452+05:30  INFO 5585 --- [taskflow] [main] org.testcontainers.DockerClientFactory   : Connected to docker: 
  Server Version: 27.4.0
  API Version: 1.47
  Operating System: Docker Desktop
  Total Memory: 3919 MB
  Labels: 
    com.docker.desktop.address=unix:///Users/janidubomal/Library/Containers/com.docker.docker/Data/docker-cli.sock
2026-10-10T14:38:14.468+05:30  INFO 5585 --- [taskflow] [main] tc.testcontainers/ryuk:0.14.0            : Creating container for image: testcontainers/ryuk:0.14.0
2026-10-10T14:38:14.675+05:30  INFO 5585 --- [taskflow] [main] tc.testcontainers/ryuk:0.14.0            : Container testcontainers/ryuk:0.14.0 is starting: b8b5ce5948db33cd6b0db8df7c7fb994476acb6dc4e34e33acccd02ed7151146
2026-10-10T14:38:14.962+05:30  INFO 5585 --- [taskflow] [main] tc.testcontainers/ryuk:0.14.0            : Container testcontainers/ryuk:0.14.0 started in PT0.493374S
2026-10-10T14:38:14.968+05:30  INFO 5585 --- [taskflow] [main] o.t.utility.RyukResourceReaper           : Ryuk started - will monitor and terminate Testcontainers containers on JVM exit
2026-10-10T14:38:14.969+05:30  INFO 5585 --- [taskflow] [main] org.testcontainers.DockerClientFactory   : Checking the system...
2026-10-10T14:38:14.969+05:30  INFO 5585 --- [taskflow] [main] org.testcontainers.DockerClientFactory   : ✔︎ Docker server version should be at least 1.6.0
2026-10-10T14:38:14.969+05:30  INFO 5585 --- [taskflow] [main] tc.postgres:16-alpine                    : Creating container for image: postgres:16-alpine
2026-10-10T14:38:15.008+05:30  INFO 5585 --- [taskflow] [main] tc.postgres:16-alpine                    : Container postgres:16-alpine is starting: 0a973b3956afcb6ea7d36783064691cd1d4001e3024ef63380cf2d27f4a78d7d
2026-10-10T14:38:15.992+05:30  INFO 5585 --- [taskflow] [main] tc.postgres:16-alpine                    : Container postgres:16-alpine started in PT1.022671S
2026-10-10T14:38:15.993+05:30  INFO 5585 --- [taskflow] [main] tc.postgres:16-alpine                    : Container is started (JDBC URL: jdbc:postgresql://localhost:51023/test?loggerLevel=OFF)
2026-10-10T14:38:15.998+05:30  INFO 5585 --- [taskflow] [main] t.c.s.AnnotationConfigContextLoaderUtils : Could not detect default configuration classes for test class [com.example.taskflow.integration.TaskRepositoryPostgresIntegrationTest]: TaskRepositoryPostgresIntegrationTest does not declare any static, non-private, non-final, nested classes annotated with @Configuration.
2026-10-10T14:38:16.012+05:30  INFO 5585 --- [taskflow] [main] .b.t.c.SpringBootTestContextBootstrapper : Found @SpringBootConfiguration com.example.taskflow.TaskflowApplication for test class com.example.taskflow.integration.TaskRepositoryPostgresIntegrationTest
2026-10-10T14:38:16.013+05:30  INFO 5585 --- [taskflow] [main] t.c.s.AnnotationConfigContextLoaderUtils : Could not detect default configuration classes for test class [com.example.taskflow.integration.TaskRepositoryPostgresIntegrationTest]: TaskRepositoryPostgresIntegrationTest does not declare any static, non-private, non-final, nested classes annotated with @Configuration.
2026-10-10T14:38:16.015+05:30  INFO 5585 --- [taskflow] [main] .b.t.c.SpringBootTestContextBootstrapper : Found @SpringBootConfiguration com.example.taskflow.TaskflowApplication for test class com.example.taskflow.integration.TaskRepositoryPostgresIntegrationTest
2026-10-10T14:38:16.022+05:30  INFO 5585 --- [taskflow] [main] o.s.b.d.r.RestartApplicationListener     : Restart disabled due to context in which it is running
2026-10-10T14:38:16.043+05:30  INFO 5585 --- [taskflow] [main] .i.TaskRepositoryPostgresIntegrationTest : Starting TaskRepositoryPostgresIntegrationTest using Java 22.0.2 with PID 5585 (started by janidubomal in /Users/janidubomal/Downloads/taskflow)
2026-10-10T14:38:16.043+05:30 DEBUG 5585 --- [taskflow] [main] .i.TaskRepositoryPostgresIntegrationTest : Running with Spring Boot v4.1.1, Spring v7.0.9
2026-10-10T14:38:16.043+05:30  INFO 5585 --- [taskflow] [main] .i.TaskRepositoryPostgresIntegrationTest : No active profile set, falling back to 1 default profile: "default"
2026-10-10T14:38:16.238+05:30  INFO 5585 --- [taskflow] [main] .s.d.r.c.RepositoryConfigurationDelegate : Bootstrapping Spring Data JPA repositories in DEFAULT mode.
2026-10-10T14:38:16.243+05:30  INFO 5585 --- [taskflow] [main] .s.d.r.c.RepositoryConfigurationDelegate : Finished Spring Data repository scanning in 3 ms. Found 1 JPA repository interface.
2026-10-10T14:38:16.543+05:30  INFO 5585 --- [taskflow] [main] org.flywaydb.core.FlywayExecutor         : Database: jdbc:postgresql://localhost:51023/test?loggerLevel=OFF (PostgreSQL 16.15)
2026-10-10T14:38:16.569+05:30  INFO 5585 --- [taskflow] [main] o.f.c.i.s.JdbcTableSchemaHistory         : Schema history table "public"."flyway_schema_history" does not exist yet
2026-10-10T14:38:16.571+05:30  INFO 5585 --- [taskflow] [main] o.f.core.internal.command.DbValidate     : Successfully validated 2 migrations (execution time 00:00.007s)
2026-10-10T14:38:16.578+05:30  INFO 5585 --- [taskflow] [main] o.f.c.i.s.JdbcTableSchemaHistory         : Creating Schema History table "public"."flyway_schema_history" ...
2026-10-10T14:38:16.619+05:30  INFO 5585 --- [taskflow] [main] o.f.core.internal.command.DbMigrate      : Current version of schema "public": << Empty Schema >>
2026-10-10T14:38:16.623+05:30  INFO 5585 --- [taskflow] [main] o.f.core.internal.command.DbMigrate      : Migrating schema "public" to version "1 - create tasks table"
2026-10-10T14:38:16.637+05:30  INFO 5585 --- [taskflow] [main] o.f.core.internal.command.DbMigrate      : Migrating schema "public" to version "2 - add priority to tasks"
2026-10-10T14:38:16.644+05:30  INFO 5585 --- [taskflow] [main] o.f.core.internal.command.DbMigrate      : Successfully applied 2 migrations to schema "public", now at version v2 (execution time 00:00.006s)
2026-10-10T14:38:16.656+05:30  INFO 5585 --- [taskflow] [main] org.hibernate.orm.jpa                    : HHH008540: Processing PersistenceUnitInfo [name: default]
2026-10-10T14:38:16.667+05:30  INFO 5585 --- [taskflow] [main] o.s.o.j.p.SpringPersistenceUnitInfo      : No LoadTimeWeaver setup: ignoring JPA class transformer
2026-10-10T14:38:16.668+05:30  INFO 5585 --- [taskflow] [main] com.zaxxer.hikari.HikariDataSource       : HikariPool-1 - Starting...
2026-10-10T14:38:16.690+05:30  INFO 5585 --- [taskflow] [main] com.zaxxer.hikari.pool.HikariPool        : HikariPool-1 - Added connection org.postgresql.jdbc.PgConnection@21833d72
2026-10-10T14:38:16.690+05:30  INFO 5585 --- [taskflow] [main] com.zaxxer.hikari.HikariDataSource       : HikariPool-1 - Start completed.
2026-10-10T14:38:16.701+05:30  INFO 5585 --- [taskflow] [main] org.hibernate.orm.connections.pooling    : HHH10001005: Database info:
	Database JDBC URL [jdbc:postgresql://localhost:51023/test?loggerLevel=OFF]
	Database driver: PostgreSQL JDBC Driver
	Database dialect: PostgreSQLDialect
	Database version: 16.15
	Default catalog/schema: test/public
	Autocommit mode: undefined/unknown
	Isolation level: READ_COMMITTED [default READ_COMMITTED]
	JDBC fetch size: none
	Pool: DataSourceConnectionProvider
	Minimum pool size: undefined/unknown
	Maximum pool size: undefined/unknown
2026-10-10T14:38:16.733+05:30  INFO 5585 --- [taskflow] [main] org.hibernate.orm.core                   : HHH000489: No JTA platform available (set 'hibernate.transaction.jta.platform' to enable JTA platform integration)
2026-10-10T14:38:16.748+05:30  INFO 5585 --- [taskflow] [main] j.LocalContainerEntityManagerFactoryBean : Initialized JPA EntityManagerFactory for persistence unit 'default'
2026-10-10T14:38:16.819+05:30  WARN 5585 --- [taskflow] [main] JpaBaseConfiguration$JpaWebConfiguration : spring.jpa.open-in-view is enabled by default. Therefore, database queries may be performed during view rendering. Explicitly configure spring.jpa.open-in-view to disable this warning
2026-10-10T14:38:17.033+05:30  INFO 5585 --- [taskflow] [main] o.s.b.a.e.web.EndpointLinksResolver      : Exposing 4 endpoints beneath base path '/actuator'
2026-10-10T14:38:17.061+05:30  INFO 5585 --- [taskflow] [main] .i.TaskRepositoryPostgresIntegrationTest : Started TaskRepositoryPostgresIntegrationTest in 1.039 seconds (process running for 6.895)
2026-10-10T14:38:17.312+05:30  INFO 5585 --- [taskflow] [main] tc.postgres:16-alpine                    : Creating container for image: postgres:16-alpine
2026-10-10T14:38:17.360+05:30  INFO 5585 --- [taskflow] [main] tc.postgres:16-alpine                    : Container postgres:16-alpine is starting: deb30ce331d3bd6b01cba8a54ca57c3af0f5a6e46b2953d722867cad412c0e33
2026-10-10T14:38:18.269+05:30  INFO 5585 --- [taskflow] [main] tc.postgres:16-alpine                    : Container postgres:16-alpine started in PT0.956974S
2026-10-10T14:38:18.271+05:30  INFO 5585 --- [taskflow] [main] tc.postgres:16-alpine                    : Container is started (JDBC URL: jdbc:postgresql://localhost:51038/test?loggerLevel=OFF)
2026-10-10T14:38:18.274+05:30  INFO 5585 --- [taskflow] [main] t.c.s.AnnotationConfigContextLoaderUtils : Could not detect default configuration classes for test class [com.example.taskflow.integration.TaskApiIntegrationTest]: TaskApiIntegrationTest does not declare any static, non-private, non-final, nested classes annotated with @Configuration.
2026-10-10T14:38:18.282+05:30  INFO 5585 --- [taskflow] [main] .b.t.c.SpringBootTestContextBootstrapper : Found @SpringBootConfiguration com.example.taskflow.TaskflowApplication for test class com.example.taskflow.integration.TaskApiIntegrationTest
2026-10-10T14:38:18.283+05:30  INFO 5585 --- [taskflow] [main] t.c.s.AnnotationConfigContextLoaderUtils : Could not detect default configuration classes for test class [com.example.taskflow.integration.TaskApiIntegrationTest]: TaskApiIntegrationTest does not declare any static, non-private, non-final, nested classes annotated with @Configuration.
2026-10-10T14:38:18.288+05:30  INFO 5585 --- [taskflow] [main] .b.t.c.SpringBootTestContextBootstrapper : Found @SpringBootConfiguration com.example.taskflow.TaskflowApplication for test class com.example.taskflow.integration.TaskApiIntegrationTest
2026-10-10T14:38:18.291+05:30  INFO 5585 --- [taskflow] [main] o.s.b.d.r.RestartApplicationListener     : Restart disabled due to context in which it is running
2026-10-10T14:38:18.301+05:30  INFO 5585 --- [taskflow] [main] c.e.t.i.TaskApiIntegrationTest           : Starting TaskApiIntegrationTest using Java 22.0.2 with PID 5585 (started by janidubomal in /Users/janidubomal/Downloads/taskflow)
2026-10-10T14:38:18.301+05:30 DEBUG 5585 --- [taskflow] [main] c.e.t.i.TaskApiIntegrationTest           : Running with Spring Boot v4.1.1, Spring v7.0.9
2026-10-10T14:38:18.301+05:30  INFO 5585 --- [taskflow] [main] c.e.t.i.TaskApiIntegrationTest           : No active profile set, falling back to 1 default profile: "default"
2026-10-10T14:38:18.393+05:30  INFO 5585 --- [taskflow] [main] .s.d.r.c.RepositoryConfigurationDelegate : Bootstrapping Spring Data JPA repositories in DEFAULT mode.
2026-10-10T14:38:18.401+05:30  INFO 5585 --- [taskflow] [main] .s.d.r.c.RepositoryConfigurationDelegate : Finished Spring Data repository scanning in 3 ms. Found 1 JPA repository interface.
2026-10-10T14:38:18.488+05:30  INFO 5585 --- [taskflow] [main] org.flywaydb.core.FlywayExecutor         : Database: jdbc:postgresql://localhost:51038/test?loggerLevel=OFF (PostgreSQL 16.15)
2026-10-10T14:38:18.501+05:30  INFO 5585 --- [taskflow] [main] o.f.c.i.s.JdbcTableSchemaHistory         : Schema history table "public"."flyway_schema_history" does not exist yet
2026-10-10T14:38:18.501+05:30  INFO 5585 --- [taskflow] [main] o.f.core.internal.command.DbValidate     : Successfully validated 2 migrations (execution time 00:00.002s)
2026-10-10T14:38:18.508+05:30  INFO 5585 --- [taskflow] [main] o.f.c.i.s.JdbcTableSchemaHistory         : Creating Schema History table "public"."flyway_schema_history" ...
2026-10-10T14:38:18.525+05:30  INFO 5585 --- [taskflow] [main] o.f.core.internal.command.DbMigrate      : Current version of schema "public": << Empty Schema >>
2026-10-10T14:38:18.527+05:30  INFO 5585 --- [taskflow] [main] o.f.core.internal.command.DbMigrate      : Migrating schema "public" to version "1 - create tasks table"
2026-10-10T14:38:18.537+05:30  INFO 5585 --- [taskflow] [main] o.f.core.internal.command.DbMigrate      : Migrating schema "public" to version "2 - add priority to tasks"
2026-10-10T14:38:18.545+05:30  INFO 5585 --- [taskflow] [main] o.f.core.internal.command.DbMigrate      : Successfully applied 2 migrations to schema "public", now at version v2 (execution time 00:00.006s)
2026-10-10T14:38:18.553+05:30  INFO 5585 --- [taskflow] [main] org.hibernate.orm.jpa                    : HHH008540: Processing PersistenceUnitInfo [name: default]
2026-10-10T14:38:18.561+05:30  INFO 5585 --- [taskflow] [main] o.s.o.j.p.SpringPersistenceUnitInfo      : No LoadTimeWeaver setup: ignoring JPA class transformer
2026-10-10T14:38:18.562+05:30  INFO 5585 --- [taskflow] [main] com.zaxxer.hikari.HikariDataSource       : HikariPool-2 - Starting...
2026-10-10T14:38:18.574+05:30  INFO 5585 --- [taskflow] [main] com.zaxxer.hikari.pool.HikariPool        : HikariPool-2 - Added connection org.postgresql.jdbc.PgConnection@1ee590b7
2026-10-10T14:38:18.574+05:30  INFO 5585 --- [taskflow] [main] com.zaxxer.hikari.HikariDataSource       : HikariPool-2 - Start completed.
2026-10-10T14:38:18.578+05:30  INFO 5585 --- [taskflow] [main] org.hibernate.orm.connections.pooling    : HHH10001005: Database info:
	Database JDBC URL [jdbc:postgresql://localhost:51038/test?loggerLevel=OFF]
	Database driver: PostgreSQL JDBC Driver
	Database dialect: PostgreSQLDialect
	Database version: 16.15
	Default catalog/schema: test/public
	Autocommit mode: undefined/unknown
	Isolation level: READ_COMMITTED [default READ_COMMITTED]
	JDBC fetch size: none
	Pool: DataSourceConnectionProvider
	Minimum pool size: undefined/unknown
	Maximum pool size: undefined/unknown
2026-10-10T14:38:18.590+05:30  INFO 5585 --- [taskflow] [main] org.hibernate.orm.core                   : HHH000489: No JTA platform available (set 'hibernate.transaction.jta.platform' to enable JTA platform integration)
2026-10-10T14:38:18.601+05:30  INFO 5585 --- [taskflow] [main] j.LocalContainerEntityManagerFactoryBean : Initialized JPA EntityManagerFactory for persistence unit 'default'
2026-10-10T14:38:18.618+05:30  WARN 5585 --- [taskflow] [main] JpaBaseConfiguration$JpaWebConfiguration : spring.jpa.open-in-view is enabled by default. Therefore, database queries may be performed during view rendering. Explicitly configure spring.jpa.open-in-view to disable this warning
2026-10-10T14:38:18.675+05:30  INFO 5585 --- [taskflow] [main] o.s.b.t.m.w.SpringBootMockServletContext : Initializing Spring TestDispatcherServlet ''
2026-10-10T14:38:18.676+05:30  INFO 5585 --- [taskflow] [main] o.s.t.web.servlet.TestDispatcherServlet  : Initializing Servlet ''
2026-10-10T14:38:18.678+05:30  INFO 5585 --- [taskflow] [main] o.s.b.a.e.web.EndpointLinksResolver      : Exposing 4 endpoints beneath base path '/actuator'
2026-10-10T14:38:18.681+05:30  INFO 5585 --- [taskflow] [main] o.s.t.web.servlet.TestDispatcherServlet  : Completed initialization in 5 ms
2026-10-10T14:38:18.689+05:30  INFO 5585 --- [taskflow] [main] c.e.t.i.TaskApiIntegrationTest           : Started TaskApiIntegrationTest in 0.398 seconds (process running for 8.523)
2026-10-10T14:38:18.756+05:30  INFO 5585 --- [taskflow] [main] c.example.taskflow.services.TaskService  : Creating task with title: Learn Spring Boot
2026-10-10T14:38:18.758+05:30  INFO 5585 --- [taskflow] [main] c.example.taskflow.services.TaskService  : Task created successfully with id: 1
2026-10-10T14:38:18.771+05:30  INFO 5585 --- [taskflow] [main] c.example.taskflow.services.TaskService  : Creating task with title: Learn Docker
2026-10-10T14:38:18.773+05:30  INFO 5585 --- [taskflow] [main] c.example.taskflow.services.TaskService  : Task created successfully with id: 2
2026-10-10T14:38:18.801+05:30 DEBUG 5585 --- [taskflow] [main] c.example.taskflow.services.TaskService  : Finding task with id: 999
2026-10-10T14:38:18.803+05:30  WARN 5585 --- [taskflow] [main] c.example.taskflow.services.TaskService  : Task not found with id: 999
2026-10-10T14:38:18.811+05:30  INFO 5585 --- [taskflow] [main] c.example.taskflow.services.TaskService  : Creating task with title: Learn Testcontainers
2026-10-10T14:38:18.813+05:30  INFO 5585 --- [taskflow] [main] c.example.taskflow.services.TaskService  : Task created successfully with id: 3
2026-10-10T14:38:18.831+05:30  WARN 5585 --- [taskflow] [main] .w.s.m.s.DefaultHandlerExceptionResolver : Resolved [org.springframework.web.bind.MethodArgumentNotValidException: Validation failed for argument [0] in public org.springframework.http.ResponseEntity<com.example.taskflow.model.Task> com.example.taskflow.controller.TaskController.createTask(com.example.taskflow.dto.request.CreateTaskRequest) with 2 errors: [Field error in object 'createTaskRequest' on field 'title': rejected value []; codes [NotBlank.createTaskRequest.title,NotBlank.title,NotBlank.java.lang.String,NotBlank]; arguments [org.springframework.context.support.DefaultMessageSourceResolvable: codes [createTaskRequest.title,title]; arguments []; default message [title]]; default message [Title is required]] [Field error in object 'createTaskRequest' on field 'priority': rejected value [10]; codes [Max.createTaskRequest.priority,Max.priority,Max.java.lang.Integer,Max]; arguments [org.springframework.context.support.DefaultMessageSourceResolvable: codes [createTaskRequest.priority,priority]; arguments []; default message [priority],5]; default message [must be less than or equal to 5]] ]
2026-10-10T14:38:18.841+05:30  INFO 5585 --- [taskflow] [main] c.example.taskflow.services.TaskService  : Creating task with title: Learn Integration Testing
2026-10-10T14:38:18.844+05:30  INFO 5585 --- [taskflow] [main] c.example.taskflow.services.TaskService  : Task created successfully with id: 4
2026-10-10T14:38:18.853+05:30  INFO 5585 --- [taskflow] [main] c.example.taskflow.services.TaskService  : Creating task with title: Delete this task
2026-10-10T14:38:18.855+05:30  INFO 5585 --- [taskflow] [main] c.example.taskflow.services.TaskService  : Task created successfully with id: 5
2026-10-10T14:38:18.867+05:30  INFO 5585 --- [taskflow] [main] c.example.taskflow.services.TaskService  : Creating task with title: Finish Spring Testing
2026-10-10T14:38:18.868+05:30  INFO 5585 --- [taskflow] [main] c.example.taskflow.services.TaskService  : Task created successfully with id: 6
2026-10-10T14:38:18.871+05:30 DEBUG 5585 --- [taskflow] [main] c.example.taskflow.services.TaskService  : Finding task with id: 6
2026-10-10T14:38:19.016+05:30  INFO 5585 --- [taskflow] [main] t.c.s.AnnotationConfigContextLoaderUtils : Could not detect default configuration classes for test class [com.example.taskflow.TaskflowApplicationTests]: TaskflowApplicationTests does not declare any static, non-private, non-final, nested classes annotated with @Configuration.
2026-10-10T14:38:19.024+05:30  INFO 5585 --- [taskflow] [main] .b.t.c.SpringBootTestContextBootstrapper : Found @SpringBootConfiguration com.example.taskflow.TaskflowApplication for test class com.example.taskflow.TaskflowApplicationTests
2026-10-10T14:38:19.024+05:30  INFO 5585 --- [taskflow] [main] t.c.s.AnnotationConfigContextLoaderUtils : Could not detect default configuration classes for test class [com.example.taskflow.TaskflowApplicationTests]: TaskflowApplicationTests does not declare any static, non-private, non-final, nested classes annotated with @Configuration.
2026-10-10T14:38:19.026+05:30  INFO 5585 --- [taskflow] [main] .b.t.c.SpringBootTestContextBootstrapper : Found @SpringBootConfiguration com.example.taskflow.TaskflowApplication for test class com.example.taskflow.TaskflowApplicationTests
2026-10-10T14:38:19.028+05:30  INFO 5585 --- [taskflow] [main] o.s.b.d.r.RestartApplicationListener     : Restart disabled due to context in which it is running
2026-10-10T14:38:19.037+05:30  INFO 5585 --- [taskflow] [main] c.e.taskflow.TaskflowApplicationTests    : Starting TaskflowApplicationTests using Java 22.0.2 with PID 5585 (started by janidubomal in /Users/janidubomal/Downloads/taskflow)
2026-10-10T14:38:19.037+05:30 DEBUG 5585 --- [taskflow] [main] c.e.taskflow.TaskflowApplicationTests    : Running with Spring Boot v4.1.1, Spring v7.0.9
2026-10-10T14:38:19.037+05:30  INFO 5585 --- [taskflow] [main] c.e.taskflow.TaskflowApplicationTests    : No active profile set, falling back to 1 default profile: "default"
2026-10-10T14:38:19.103+05:30  INFO 5585 --- [taskflow] [main] .s.d.r.c.RepositoryConfigurationDelegate : Bootstrapping Spring Data JPA repositories in DEFAULT mode.
2026-10-10T14:38:19.106+05:30  INFO 5585 --- [taskflow] [main] .s.d.r.c.RepositoryConfigurationDelegate : Finished Spring Data repository scanning in 2 ms. Found 1 JPA repository interface.
2026-10-10T14:38:19.156+05:30  INFO 5585 --- [taskflow] [main] com.zaxxer.hikari.HikariDataSource       : HikariPool-3 - Starting...
2026-10-10T14:38:19.173+05:30  INFO 5585 --- [taskflow] [main] com.zaxxer.hikari.pool.HikariPool        : HikariPool-3 - Added connection org.postgresql.jdbc.PgConnection@3d8e2b96
2026-10-10T14:38:19.173+05:30  INFO 5585 --- [taskflow] [main] com.zaxxer.hikari.HikariDataSource       : HikariPool-3 - Start completed.
2026-10-10T14:38:19.174+05:30  INFO 5585 --- [taskflow] [main] org.flywaydb.core.FlywayExecutor         : Database: jdbc:postgresql://localhost:5432/taskflow (PostgreSQL 17.2)
2026-10-10T14:38:19.183+05:30  INFO 5585 --- [taskflow] [main] o.f.core.internal.command.DbValidate     : Successfully validated 2 migrations (execution time 00:00.003s)
2026-10-10T14:38:19.192+05:30  INFO 5585 --- [taskflow] [main] o.f.core.internal.command.DbMigrate      : Current version of schema "public": 2
2026-10-10T14:38:19.192+05:30  INFO 5585 --- [taskflow] [main] o.f.core.internal.command.DbMigrate      : Schema "public" is up to date. No migration necessary.
2026-10-10T14:38:19.198+05:30  INFO 5585 --- [taskflow] [main] org.hibernate.orm.jpa                    : HHH008540: Processing PersistenceUnitInfo [name: default]
2026-10-10T14:38:19.205+05:30  INFO 5585 --- [taskflow] [main] o.s.o.j.p.SpringPersistenceUnitInfo      : No LoadTimeWeaver setup: ignoring JPA class transformer
2026-10-10T14:38:19.208+05:30  INFO 5585 --- [taskflow] [main] org.hibernate.orm.connections.pooling    : HHH10001005: Database info:
	Database JDBC URL [jdbc:postgresql://localhost:5432/taskflow]
	Database driver: PostgreSQL JDBC Driver
	Database dialect: PostgreSQLDialect
	Database version: 17.2
	Default catalog/schema: taskflow/public
	Autocommit mode: undefined/unknown
	Isolation level: READ_COMMITTED [default READ_COMMITTED]
	JDBC fetch size: none
	Pool: DataSourceConnectionProvider
	Minimum pool size: undefined/unknown
	Maximum pool size: undefined/unknown
2026-10-10T14:38:19.219+05:30  INFO 5585 --- [taskflow] [main] org.hibernate.orm.core                   : HHH000489: No JTA platform available (set 'hibernate.transaction.jta.platform' to enable JTA platform integration)
2026-10-10T14:38:19.230+05:30  INFO 5585 --- [taskflow] [main] j.LocalContainerEntityManagerFactoryBean : Initialized JPA EntityManagerFactory for persistence unit 'default'
2026-10-10T14:38:19.246+05:30  WARN 5585 --- [taskflow] [main] JpaBaseConfiguration$JpaWebConfiguration : spring.jpa.open-in-view is enabled by default. Therefore, database queries may be performed during view rendering. Explicitly configure spring.jpa.open-in-view to disable this warning
2026-10-10T14:38:19.281+05:30  INFO 5585 --- [taskflow] [main] o.s.b.a.e.web.EndpointLinksResolver      : Exposing 4 endpoints beneath base path '/actuator'
2026-10-10T14:38:19.286+05:30  INFO 5585 --- [taskflow] [main] c.e.taskflow.TaskflowApplicationTests    : Started TaskflowApplicationTests in 0.259 seconds (process running for 9.119)
2026-10-10T14:38:19.291+05:30  INFO 5585 --- [taskflow] [main] t.c.s.AnnotationConfigContextLoaderUtils : Could not detect default configuration classes for test class [com.example.taskflow.controller.TaskControllerTest]: TaskControllerTest does not declare any static, non-private, non-final, nested classes annotated with @Configuration.
2026-10-10T14:38:19.298+05:30  INFO 5585 --- [taskflow] [main] .b.t.c.SpringBootTestContextBootstrapper : Found @SpringBootConfiguration com.example.taskflow.TaskflowApplication for test class com.example.taskflow.controller.TaskControllerTest
2026-10-10T14:38:19.298+05:30  INFO 5585 --- [taskflow] [main] t.c.s.AnnotationConfigContextLoaderUtils : Could not detect default configuration classes for test class [com.example.taskflow.controller.TaskControllerTest]: TaskControllerTest does not declare any static, non-private, non-final, nested classes annotated with @Configuration.
2026-10-10T14:38:19.301+05:30  INFO 5585 --- [taskflow] [main] .b.t.c.SpringBootTestContextBootstrapper : Found @SpringBootConfiguration com.example.taskflow.TaskflowApplication for test class com.example.taskflow.controller.TaskControllerTest
2026-10-10T14:38:19.303+05:30  INFO 5585 --- [taskflow] [main] o.s.b.d.r.RestartApplicationListener     : Restart disabled due to context in which it is running
2026-10-10T14:38:19.310+05:30  INFO 5585 --- [taskflow] [main] c.e.t.controller.TaskControllerTest      : Starting TaskControllerTest using Java 22.0.2 with PID 5585 (started by janidubomal in /Users/janidubomal/Downloads/taskflow)
2026-10-10T14:38:19.310+05:30 DEBUG 5585 --- [taskflow] [main] c.e.t.controller.TaskControllerTest      : Running with Spring Boot v4.1.1, Spring v7.0.9
2026-10-10T14:38:19.311+05:30  INFO 5585 --- [taskflow] [main] c.e.t.controller.TaskControllerTest      : No active profile set, falling back to 1 default profile: "default"
2026-10-10T14:38:19.546+05:30  INFO 5585 --- [taskflow] [main] o.s.b.t.m.w.SpringBootMockServletContext : Initializing Spring TestDispatcherServlet ''
2026-10-10T14:38:19.546+05:30  INFO 5585 --- [taskflow] [main] o.s.t.web.servlet.TestDispatcherServlet  : Initializing Servlet ''
2026-10-10T14:38:19.547+05:30  INFO 5585 --- [taskflow] [main] o.s.t.web.servlet.TestDispatcherServlet  : Completed initialization in 1 ms
2026-10-10T14:38:19.558+05:30  INFO 5585 --- [taskflow] [main] c.e.t.controller.TaskControllerTest      : Started TaskControllerTest in 0.255 seconds (process running for 9.392)
2026-10-10T14:38:19.645+05:30  WARN 5585 --- [taskflow] [main] .w.s.m.s.DefaultHandlerExceptionResolver : Resolved [org.springframework.web.bind.MethodArgumentNotValidException: Validation failed for argument [0] in public org.springframework.http.ResponseEntity<com.example.taskflow.model.Task> com.example.taskflow.controller.TaskController.createTask(com.example.taskflow.dto.request.CreateTaskRequest): [Field error in object 'createTaskRequest' on field 'title': rejected value []; codes [NotBlank.createTaskRequest.title,NotBlank.title,NotBlank.java.lang.String,NotBlank]; arguments [org.springframework.context.support.DefaultMessageSourceResolvable: codes [createTaskRequest.title,title]; arguments []; default message [title]]; default message [Title is required]] ]
2026-10-10T14:38:19.658+05:30  WARN 5585 --- [taskflow] [main] .w.s.m.s.DefaultHandlerExceptionResolver : Resolved [org.springframework.web.bind.MethodArgumentNotValidException: Validation failed for argument [0] in public org.springframework.http.ResponseEntity<com.example.taskflow.model.Task> com.example.taskflow.controller.TaskController.createTask(com.example.taskflow.dto.request.CreateTaskRequest): [Field error in object 'createTaskRequest' on field 'priority': rejected value [10]; codes [Max.createTaskRequest.priority,Max.priority,Max.java.lang.Integer,Max]; arguments [org.springframework.context.support.DefaultMessageSourceResolvable: codes [createTaskRequest.priority,priority]; arguments []; default message [priority],5]; default message [must be less than or equal to 5]] ]
2026-10-10T14:38:20.026+05:30  INFO 5585 --- [taskflow] [SpringApplicationShutdownHook] j.LocalContainerEntityManagerFactoryBean : Closing JPA EntityManagerFactory for persistence unit 'default'
2026-10-10T14:38:20.036+05:30  INFO 5585 --- [taskflow] [SpringApplicationShutdownHook] j.LocalContainerEntityManagerFactoryBean : Closing JPA EntityManagerFactory for persistence unit 'default'
2026-10-10T14:38:20.037+05:30  INFO 5585 --- [taskflow] [SpringApplicationShutdownHook] com.zaxxer.hikari.HikariDataSource       : HikariPool-1 - Shutdown initiated...
2026-10-10T14:38:20.042+05:30  INFO 5585 --- [taskflow] [SpringApplicationShutdownHook] com.zaxxer.hikari.HikariDataSource       : HikariPool-1 - Shutdown completed.
2026-10-10T14:38:20.045+05:30  INFO 5585 --- [taskflow] [SpringApplicationShutdownHook] j.LocalContainerEntityManagerFactoryBean : Closing JPA EntityManagerFactory for persistence unit 'default'
2026-10-10T14:38:20.046+05:30  INFO 5585 --- [taskflow] [SpringApplicationShutdownHook] com.zaxxer.hikari.HikariDataSource       : HikariPool-2 - Shutdown initiated...
2026-10-10T14:38:20.222+05:30  INFO 5585 --- [taskflow] [SpringApplicationShutdownHook] com.zaxxer.hikari.HikariDataSource       : HikariPool-2 - Shutdown completed.
2026-10-10T14:38:20.224+05:30  INFO 5585 --- [taskflow] [SpringApplicationShutdownHook] j.LocalContainerEntityManagerFactoryBean : Closing JPA EntityManagerFactory for persistence unit 'default'
2026-10-10T14:38:20.224+05:30  INFO 5585 --- [taskflow] [SpringApplicationShutdownHook] com.zaxxer.hikari.HikariDataSource       : HikariPool-3 - Shutdown initiated...
2026-10-10T14:38:20.225+05:30  INFO 5585 --- [taskflow] [SpringApplicationShutdownHook] com.zaxxer.hikari.HikariDataSource       : HikariPool-3 - Shutdown completed.
2026-10-10T14:45:03.756+05:30  INFO 5273 --- [taskflow] [SpringApplicationShutdownHook] o.s.boot.tomcat.GracefulShutdown         : Commencing graceful shutdown. Waiting for active requests to complete
2026-10-10T14:45:03.764+05:30  INFO 5273 --- [taskflow] [tomcat-shutdown] o.s.boot.tomcat.GracefulShutdown         : Graceful shutdown complete
2026-10-10T14:45:03.768+05:30  INFO 5273 --- [taskflow] [SpringApplicationShutdownHook] j.LocalContainerEntityManagerFactoryBean : Closing JPA EntityManagerFactory for persistence unit 'default'
2026-10-10T14:45:03.771+05:30  INFO 5273 --- [taskflow] [SpringApplicationShutdownHook] com.zaxxer.hikari.HikariDataSource       : HikariPool-2 - Shutdown initiated...
2026-10-10T14:45:03.773+05:30  INFO 5273 --- [taskflow] [SpringApplicationShutdownHook] com.zaxxer.hikari.HikariDataSource       : HikariPool-2 - Shutdown completed.
2026-10-10T14:45:05.183+05:30  INFO 6027 --- [taskflow] [restartedMain] c.example.taskflow.TaskflowApplication   : Starting TaskflowApplication using Java 22.0.2 with PID 6027 (/Users/janidubomal/Downloads/taskflow/target/classes started by janidubomal in /Users/janidubomal/Downloads/taskflow)
2026-10-10T14:45:05.184+05:30 DEBUG 6027 --- [taskflow] [restartedMain] c.example.taskflow.TaskflowApplication   : Running with Spring Boot v4.1.1, Spring v7.0.9
2026-10-10T14:45:05.184+05:30  INFO 6027 --- [taskflow] [restartedMain] c.example.taskflow.TaskflowApplication   : No active profile set, falling back to 1 default profile: "default"
2026-10-10T14:45:05.206+05:30  INFO 6027 --- [taskflow] [restartedMain] .e.DevToolsPropertyDefaultsPostProcessor : Devtools property defaults active! Set 'spring.devtools.add-properties' to 'false' to disable
2026-10-10T14:45:05.206+05:30  INFO 6027 --- [taskflow] [restartedMain] .e.DevToolsPropertyDefaultsPostProcessor : For additional web related logging consider setting the 'logging.level.web' property to 'DEBUG'
2026-10-10T14:45:05.549+05:30  INFO 6027 --- [taskflow] [restartedMain] .s.d.r.c.RepositoryConfigurationDelegate : Bootstrapping Spring Data JPA repositories in DEFAULT mode.
2026-10-10T14:45:05.568+05:30  INFO 6027 --- [taskflow] [restartedMain] .s.d.r.c.RepositoryConfigurationDelegate : Finished Spring Data repository scanning in 14 ms. Found 1 JPA repository interface.
2026-10-10T14:45:05.782+05:30  INFO 6027 --- [taskflow] [restartedMain] o.s.boot.tomcat.TomcatWebServer          : Tomcat initialized with port 8080 (http)
2026-10-10T14:45:05.789+05:30  INFO 6027 --- [taskflow] [restartedMain] o.apache.catalina.core.StandardService   : Starting service [Tomcat]
2026-10-10T14:45:05.790+05:30  INFO 6027 --- [taskflow] [restartedMain] o.apache.catalina.core.StandardEngine    : Starting Servlet engine: [Apache Tomcat/11.0.24]
2026-10-10T14:45:05.802+05:30  INFO 6027 --- [taskflow] [restartedMain] b.w.c.s.WebApplicationContextInitializer : Root WebApplicationContext: initialization completed in 595 ms
2026-10-10T14:45:05.929+05:30  INFO 6027 --- [taskflow] [restartedMain] com.zaxxer.hikari.HikariDataSource       : HikariPool-1 - Starting...
2026-10-10T14:45:06.014+05:30  INFO 6027 --- [taskflow] [restartedMain] com.zaxxer.hikari.pool.HikariPool        : HikariPool-1 - Added connection org.postgresql.jdbc.PgConnection@37d5e2d8
2026-10-10T14:45:06.014+05:30  INFO 6027 --- [taskflow] [restartedMain] com.zaxxer.hikari.HikariDataSource       : HikariPool-1 - Start completed.
2026-10-10T14:45:06.032+05:30  INFO 6027 --- [taskflow] [restartedMain] org.flywaydb.core.FlywayExecutor         : Database: jdbc:postgresql://localhost:5432/taskflow (PostgreSQL 17.2)
2026-10-10T14:45:06.068+05:30  INFO 6027 --- [taskflow] [restartedMain] o.f.core.internal.command.DbValidate     : Successfully validated 2 migrations (execution time 00:00.013s)
2026-10-10T14:45:06.089+05:30  INFO 6027 --- [taskflow] [restartedMain] o.f.core.internal.command.DbMigrate      : Current version of schema "public": 2
2026-10-10T14:45:06.090+05:30  INFO 6027 --- [taskflow] [restartedMain] o.f.core.internal.command.DbMigrate      : Schema "public" is up to date. No migration necessary.
2026-10-10T14:45:06.126+05:30  INFO 6027 --- [taskflow] [restartedMain] org.hibernate.orm.jpa                    : HHH008540: Processing PersistenceUnitInfo [name: default]
2026-10-10T14:45:06.156+05:30  INFO 6027 --- [taskflow] [restartedMain] org.hibernate.orm.core                   : HHH000001: Hibernate ORM core version 7.4.5.Final
2026-10-10T14:45:06.347+05:30  INFO 6027 --- [taskflow] [restartedMain] o.s.o.j.p.SpringPersistenceUnitInfo      : No LoadTimeWeaver setup: ignoring JPA class transformer
2026-10-10T14:45:06.384+05:30  INFO 6027 --- [taskflow] [restartedMain] org.hibernate.orm.connections.pooling    : HHH10001005: Database info:
	Database JDBC URL [jdbc:postgresql://localhost:5432/taskflow]
	Database driver: PostgreSQL JDBC Driver
	Database dialect: PostgreSQLDialect
	Database version: 17.2
	Default catalog/schema: taskflow/public
	Autocommit mode: undefined/unknown
	Isolation level: READ_COMMITTED [default READ_COMMITTED]
	JDBC fetch size: none
	Pool: DataSourceConnectionProvider
	Minimum pool size: undefined/unknown
	Maximum pool size: undefined/unknown
2026-10-10T14:45:06.742+05:30  INFO 6027 --- [taskflow] [restartedMain] org.hibernate.orm.core                   : HHH000489: No JTA platform available (set 'hibernate.transaction.jta.platform' to enable JTA platform integration)
2026-10-10T14:45:06.796+05:30  INFO 6027 --- [taskflow] [restartedMain] j.LocalContainerEntityManagerFactoryBean : Initialized JPA EntityManagerFactory for persistence unit 'default'
2026-10-10T14:45:06.841+05:30  INFO 6027 --- [taskflow] [restartedMain] o.s.d.j.r.query.QueryEnhancerFactories   : Hibernate is in classpath; If applicable, HQL parser will be used.
2026-10-10T14:45:06.967+05:30  WARN 6027 --- [taskflow] [restartedMain] JpaBaseConfiguration$JpaWebConfiguration : spring.jpa.open-in-view is enabled by default. Therefore, database queries may be performed during view rendering. Explicitly configure spring.jpa.open-in-view to disable this warning
2026-10-10T14:45:07.160+05:30  INFO 6027 --- [taskflow] [restartedMain] o.s.b.a.e.web.EndpointLinksResolver      : Exposing 4 endpoints beneath base path '/actuator'
2026-10-10T14:45:07.195+05:30  INFO 6027 --- [taskflow] [restartedMain] o.s.boot.tomcat.TomcatWebServer          : Tomcat started on port 8080 (http) with context path '/'
2026-10-10T14:45:07.199+05:30  INFO 6027 --- [taskflow] [restartedMain] c.example.taskflow.TaskflowApplication   : Started TaskflowApplication in 2.269 seconds (process running for 2.641)
2026-10-10T14:45:27.232+05:30  INFO 6347 --- [taskflow] [main] c.e.t.repository.TaskRepositoryTest      : Starting TaskRepositoryTest using Java 22.0.2 with PID 6347 (started by janidubomal in /Users/janidubomal/Downloads/taskflow)
2026-10-10T14:45:27.233+05:30 DEBUG 6347 --- [taskflow] [main] c.e.t.repository.TaskRepositoryTest      : Running with Spring Boot v4.1.1, Spring v7.0.9
2026-10-10T14:45:27.233+05:30  INFO 6347 --- [taskflow] [main] c.e.t.repository.TaskRepositoryTest      : No active profile set, falling back to 1 default profile: "default"
2026-10-10T14:45:27.359+05:30  INFO 6347 --- [taskflow] [main] .s.d.r.c.RepositoryConfigurationDelegate : Bootstrapping Spring Data JPA repositories in DEFAULT mode.
2026-10-10T14:45:27.377+05:30  INFO 6347 --- [taskflow] [main] .s.d.r.c.RepositoryConfigurationDelegate : Finished Spring Data repository scanning in 14 ms. Found 1 JPA repository interface.
2026-10-10T14:45:27.399+05:30  INFO 6347 --- [taskflow] [main] beddedDataSourceBeanFactoryPostProcessor : Replacing 'dataSource' DataSource bean with embedded version
2026-10-10T14:45:27.434+05:30  INFO 6347 --- [taskflow] [main] o.s.j.d.e.EmbeddedDatabaseFactory        : Starting embedded database: url='jdbc:h2:mem:f30a98bc-a529-407d-b7c5-003ef34e59ca;DB_CLOSE_DELAY=-1;DB_CLOSE_ON_EXIT=false', username='sa'
2026-10-10T14:45:27.556+05:30  INFO 6347 --- [taskflow] [main] org.hibernate.orm.jpa                    : HHH008540: Processing PersistenceUnitInfo [name: default]
2026-10-10T14:45:27.578+05:30  INFO 6347 --- [taskflow] [main] org.hibernate.orm.core                   : HHH000001: Hibernate ORM core version 7.4.5.Final
2026-10-10T14:45:27.715+05:30  INFO 6347 --- [taskflow] [main] o.s.o.j.p.SpringPersistenceUnitInfo      : No LoadTimeWeaver setup: ignoring JPA class transformer
2026-10-10T14:45:27.748+05:30  INFO 6347 --- [taskflow] [main] org.hibernate.orm.connections.pooling    : HHH10001005: Database info:
	Database JDBC URL [jdbc:h2:mem:f30a98bc-a529-407d-b7c5-003ef34e59ca]
	Database driver: H2 JDBC Driver
	Database dialect: H2Dialect
	Database version: 2.4.240
	Default catalog/schema: F30A98BC-A529-407D-B7C5-003EF34E59CA/PUBLIC
	Autocommit mode: undefined/unknown
	Isolation level: READ_COMMITTED [default READ_COMMITTED]
	JDBC fetch size: 100
	Pool: DataSourceConnectionProvider
	Minimum pool size: undefined/unknown
	Maximum pool size: undefined/unknown
2026-10-10T14:45:28.061+05:30  INFO 6347 --- [taskflow] [main] org.hibernate.orm.core                   : HHH000489: No JTA platform available (set 'hibernate.transaction.jta.platform' to enable JTA platform integration)
2026-10-10T14:45:28.074+05:30  INFO 6347 --- [taskflow] [main] j.LocalContainerEntityManagerFactoryBean : Initialized JPA EntityManagerFactory for persistence unit 'default'
2026-10-10T14:45:28.113+05:30  INFO 6347 --- [taskflow] [main] o.s.d.j.r.query.QueryEnhancerFactories   : Hibernate is in classpath; If applicable, HQL parser will be used.
2026-10-10T14:45:28.183+05:30  INFO 6347 --- [taskflow] [main] c.e.t.repository.TaskRepositoryTest      : Started TaskRepositoryTest in 1.119 seconds (process running for 1.571)
2026-10-10T14:45:28.767+05:30  INFO 6347 --- [taskflow] [main] org.testcontainers.images.PullPolicy     : Image pull policy will be performed by: DefaultPullPolicy()
2026-10-10T14:45:28.771+05:30  INFO 6347 --- [taskflow] [main] o.t.utility.ImageNameSubstitutor         : Image name substitution will be performed by: DefaultImageNameSubstitutor (composite of 'ConfigurationFileImageNameSubstitutor' and 'PrefixingImageNameSubstitutor')
2026-10-10T14:45:28.782+05:30  INFO 6347 --- [taskflow] [main] org.testcontainers.DockerClientFactory   : Testcontainers version: 2.0.5
2026-10-10T14:45:28.902+05:30  INFO 6347 --- [taskflow] [main] o.t.d.DockerClientProviderStrategy       : Loaded org.testcontainers.dockerclient.UnixSocketClientProviderStrategy from ~/.testcontainers.properties, will try it first
2026-10-10T14:45:30.616+05:30  INFO 6347 --- [taskflow] [main] o.t.d.DockerClientProviderStrategy       : Found Docker environment with local Unix socket (unix:///var/run/docker.sock)
2026-10-10T14:45:30.617+05:30  INFO 6347 --- [taskflow] [main] org.testcontainers.DockerClientFactory   : Docker host IP address is localhost
2026-10-10T14:45:30.626+05:30  INFO 6347 --- [taskflow] [main] org.testcontainers.DockerClientFactory   : Connected to docker: 
  Server Version: 27.4.0
  API Version: 1.47
  Operating System: Docker Desktop
  Total Memory: 3919 MB
  Labels: 
    com.docker.desktop.address=unix:///Users/janidubomal/Library/Containers/com.docker.docker/Data/docker-cli.sock
2026-10-10T14:45:30.643+05:30  INFO 6347 --- [taskflow] [main] tc.testcontainers/ryuk:0.14.0            : Creating container for image: testcontainers/ryuk:0.14.0
2026-10-10T14:45:30.922+05:30  INFO 6347 --- [taskflow] [main] tc.testcontainers/ryuk:0.14.0            : Container testcontainers/ryuk:0.14.0 is starting: 7a59d59fca4b80386f71fc66f76500095de4670035d0df815ee46723be7b1f6b
2026-10-10T14:45:31.345+05:30  INFO 6347 --- [taskflow] [main] tc.testcontainers/ryuk:0.14.0            : Container testcontainers/ryuk:0.14.0 started in PT0.701582S
2026-10-10T14:45:31.350+05:30  INFO 6347 --- [taskflow] [main] o.t.utility.RyukResourceReaper           : Ryuk started - will monitor and terminate Testcontainers containers on JVM exit
2026-10-10T14:45:31.350+05:30  INFO 6347 --- [taskflow] [main] org.testcontainers.DockerClientFactory   : Checking the system...
2026-10-10T14:45:31.350+05:30  INFO 6347 --- [taskflow] [main] org.testcontainers.DockerClientFactory   : ✔︎ Docker server version should be at least 1.6.0
2026-10-10T14:45:31.350+05:30  INFO 6347 --- [taskflow] [main] tc.postgres:16-alpine                    : Creating container for image: postgres:16-alpine
2026-10-10T14:45:31.478+05:30  INFO 6347 --- [taskflow] [main] tc.postgres:16-alpine                    : Container postgres:16-alpine is starting: a32391447b2fa4c66bd624045f54a43ca464486d41d125b7ab3f66e857419590
2026-10-10T14:45:32.500+05:30  INFO 6347 --- [taskflow] [main] tc.postgres:16-alpine                    : Container postgres:16-alpine started in PT1.149108S
2026-10-10T14:45:32.501+05:30  INFO 6347 --- [taskflow] [main] tc.postgres:16-alpine                    : Container is started (JDBC URL: jdbc:postgresql://localhost:51169/test?loggerLevel=OFF)
2026-10-10T14:45:32.507+05:30  INFO 6347 --- [taskflow] [main] t.c.s.AnnotationConfigContextLoaderUtils : Could not detect default configuration classes for test class [com.example.taskflow.integration.TaskRepositoryPostgresIntegrationTest]: TaskRepositoryPostgresIntegrationTest does not declare any static, non-private, non-final, nested classes annotated with @Configuration.
2026-10-10T14:45:32.521+05:30  INFO 6347 --- [taskflow] [main] .b.t.c.SpringBootTestContextBootstrapper : Found @SpringBootConfiguration com.example.taskflow.TaskflowApplication for test class com.example.taskflow.integration.TaskRepositoryPostgresIntegrationTest
2026-10-10T14:45:32.522+05:30  INFO 6347 --- [taskflow] [main] t.c.s.AnnotationConfigContextLoaderUtils : Could not detect default configuration classes for test class [com.example.taskflow.integration.TaskRepositoryPostgresIntegrationTest]: TaskRepositoryPostgresIntegrationTest does not declare any static, non-private, non-final, nested classes annotated with @Configuration.
2026-10-10T14:45:32.524+05:30  INFO 6347 --- [taskflow] [main] .b.t.c.SpringBootTestContextBootstrapper : Found @SpringBootConfiguration com.example.taskflow.TaskflowApplication for test class com.example.taskflow.integration.TaskRepositoryPostgresIntegrationTest
2026-10-10T14:45:32.530+05:30  INFO 6347 --- [taskflow] [main] o.s.b.d.r.RestartApplicationListener     : Restart disabled due to context in which it is running
2026-10-10T14:45:32.547+05:30  INFO 6347 --- [taskflow] [main] .i.TaskRepositoryPostgresIntegrationTest : Starting TaskRepositoryPostgresIntegrationTest using Java 22.0.2 with PID 6347 (started by janidubomal in /Users/janidubomal/Downloads/taskflow)
2026-10-10T14:45:32.547+05:30 DEBUG 6347 --- [taskflow] [main] .i.TaskRepositoryPostgresIntegrationTest : Running with Spring Boot v4.1.1, Spring v7.0.9
2026-10-10T14:45:32.547+05:30  INFO 6347 --- [taskflow] [main] .i.TaskRepositoryPostgresIntegrationTest : No active profile set, falling back to 1 default profile: "default"
2026-10-10T14:45:32.746+05:30  INFO 6347 --- [taskflow] [main] .s.d.r.c.RepositoryConfigurationDelegate : Bootstrapping Spring Data JPA repositories in DEFAULT mode.
2026-10-10T14:45:32.751+05:30  INFO 6347 --- [taskflow] [main] .s.d.r.c.RepositoryConfigurationDelegate : Finished Spring Data repository scanning in 3 ms. Found 1 JPA repository interface.
2026-10-10T14:45:33.057+05:30  INFO 6347 --- [taskflow] [main] org.flywaydb.core.FlywayExecutor         : Database: jdbc:postgresql://localhost:51169/test?loggerLevel=OFF (PostgreSQL 16.15)
2026-10-10T14:45:33.090+05:30  INFO 6347 --- [taskflow] [main] o.f.c.i.s.JdbcTableSchemaHistory         : Schema history table "public"."flyway_schema_history" does not exist yet
2026-10-10T14:45:33.092+05:30  INFO 6347 --- [taskflow] [main] o.f.core.internal.command.DbValidate     : Successfully validated 2 migrations (execution time 00:00.013s)
2026-10-10T14:45:33.099+05:30  INFO 6347 --- [taskflow] [main] o.f.c.i.s.JdbcTableSchemaHistory         : Creating Schema History table "public"."flyway_schema_history" ...
2026-10-10T14:45:33.142+05:30  INFO 6347 --- [taskflow] [main] o.f.core.internal.command.DbMigrate      : Current version of schema "public": << Empty Schema >>
2026-10-10T14:45:33.146+05:30  INFO 6347 --- [taskflow] [main] o.f.core.internal.command.DbMigrate      : Migrating schema "public" to version "1 - create tasks table"
2026-10-10T14:45:33.159+05:30  INFO 6347 --- [taskflow] [main] o.f.core.internal.command.DbMigrate      : Migrating schema "public" to version "2 - add priority to tasks"
2026-10-10T14:45:33.167+05:30  INFO 6347 --- [taskflow] [main] o.f.core.internal.command.DbMigrate      : Successfully applied 2 migrations to schema "public", now at version v2 (execution time 00:00.007s)
2026-10-10T14:45:33.178+05:30  INFO 6347 --- [taskflow] [main] org.hibernate.orm.jpa                    : HHH008540: Processing PersistenceUnitInfo [name: default]
2026-10-10T14:45:33.190+05:30  INFO 6347 --- [taskflow] [main] o.s.o.j.p.SpringPersistenceUnitInfo      : No LoadTimeWeaver setup: ignoring JPA class transformer
2026-10-10T14:45:33.191+05:30  INFO 6347 --- [taskflow] [main] com.zaxxer.hikari.HikariDataSource       : HikariPool-1 - Starting...
2026-10-10T14:45:33.205+05:30  INFO 6347 --- [taskflow] [main] com.zaxxer.hikari.pool.HikariPool        : HikariPool-1 - Added connection org.postgresql.jdbc.PgConnection@195b4f4f
2026-10-10T14:45:33.205+05:30  INFO 6347 --- [taskflow] [main] com.zaxxer.hikari.HikariDataSource       : HikariPool-1 - Start completed.
2026-10-10T14:45:33.217+05:30  INFO 6347 --- [taskflow] [main] org.hibernate.orm.connections.pooling    : HHH10001005: Database info:
	Database JDBC URL [jdbc:postgresql://localhost:51169/test?loggerLevel=OFF]
	Database driver: PostgreSQL JDBC Driver
	Database dialect: PostgreSQLDialect
	Database version: 16.15
	Default catalog/schema: test/public
	Autocommit mode: undefined/unknown
	Isolation level: READ_COMMITTED [default READ_COMMITTED]
	JDBC fetch size: none
	Pool: DataSourceConnectionProvider
	Minimum pool size: undefined/unknown
	Maximum pool size: undefined/unknown
2026-10-10T14:45:33.249+05:30  INFO 6347 --- [taskflow] [main] org.hibernate.orm.core                   : HHH000489: No JTA platform available (set 'hibernate.transaction.jta.platform' to enable JTA platform integration)
2026-10-10T14:45:33.266+05:30  INFO 6347 --- [taskflow] [main] j.LocalContainerEntityManagerFactoryBean : Initialized JPA EntityManagerFactory for persistence unit 'default'
2026-10-10T14:45:33.325+05:30  WARN 6347 --- [taskflow] [main] JpaBaseConfiguration$JpaWebConfiguration : spring.jpa.open-in-view is enabled by default. Therefore, database queries may be performed during view rendering. Explicitly configure spring.jpa.open-in-view to disable this warning
2026-10-10T14:45:33.536+05:30  INFO 6347 --- [taskflow] [main] o.s.b.a.e.web.EndpointLinksResolver      : Exposing 4 endpoints beneath base path '/actuator'
2026-10-10T14:45:33.570+05:30  INFO 6347 --- [taskflow] [main] .i.TaskRepositoryPostgresIntegrationTest : Started TaskRepositoryPostgresIntegrationTest in 1.04 seconds (process running for 6.958)
2026-10-10T14:45:33.867+05:30  INFO 6347 --- [taskflow] [main] tc.postgres:16-alpine                    : Creating container for image: postgres:16-alpine
2026-10-10T14:45:33.915+05:30  INFO 6347 --- [taskflow] [main] tc.postgres:16-alpine                    : Container postgres:16-alpine is starting: 07de3fa9189f33bd70c177092f7aecfe9b527f2d3b3b78e48ff28d2ba2628504
2026-10-10T14:45:34.782+05:30  INFO 6347 --- [taskflow] [main] tc.postgres:16-alpine                    : Container postgres:16-alpine started in PT0.915261S
2026-10-10T14:45:34.786+05:30  INFO 6347 --- [taskflow] [main] tc.postgres:16-alpine                    : Container is started (JDBC URL: jdbc:postgresql://localhost:51183/test?loggerLevel=OFF)
2026-10-10T14:45:34.792+05:30  INFO 6347 --- [taskflow] [main] t.c.s.AnnotationConfigContextLoaderUtils : Could not detect default configuration classes for test class [com.example.taskflow.integration.TaskApiIntegrationTest]: TaskApiIntegrationTest does not declare any static, non-private, non-final, nested classes annotated with @Configuration.
2026-10-10T14:45:34.801+05:30  INFO 6347 --- [taskflow] [main] .b.t.c.SpringBootTestContextBootstrapper : Found @SpringBootConfiguration com.example.taskflow.TaskflowApplication for test class com.example.taskflow.integration.TaskApiIntegrationTest
2026-10-10T14:45:34.802+05:30  INFO 6347 --- [taskflow] [main] t.c.s.AnnotationConfigContextLoaderUtils : Could not detect default configuration classes for test class [com.example.taskflow.integration.TaskApiIntegrationTest]: TaskApiIntegrationTest does not declare any static, non-private, non-final, nested classes annotated with @Configuration.
2026-10-10T14:45:34.804+05:30  INFO 6347 --- [taskflow] [main] .b.t.c.SpringBootTestContextBootstrapper : Found @SpringBootConfiguration com.example.taskflow.TaskflowApplication for test class com.example.taskflow.integration.TaskApiIntegrationTest
2026-10-10T14:45:34.808+05:30  INFO 6347 --- [taskflow] [main] o.s.b.d.r.RestartApplicationListener     : Restart disabled due to context in which it is running
2026-10-10T14:45:34.819+05:30  INFO 6347 --- [taskflow] [main] c.e.t.i.TaskApiIntegrationTest           : Starting TaskApiIntegrationTest using Java 22.0.2 with PID 6347 (started by janidubomal in /Users/janidubomal/Downloads/taskflow)
2026-10-10T14:45:34.820+05:30 DEBUG 6347 --- [taskflow] [main] c.e.t.i.TaskApiIntegrationTest           : Running with Spring Boot v4.1.1, Spring v7.0.9
2026-10-10T14:45:34.820+05:30  INFO 6347 --- [taskflow] [main] c.e.t.i.TaskApiIntegrationTest           : No active profile set, falling back to 1 default profile: "default"
2026-10-10T14:45:34.909+05:30  INFO 6347 --- [taskflow] [main] .s.d.r.c.RepositoryConfigurationDelegate : Bootstrapping Spring Data JPA repositories in DEFAULT mode.
2026-10-10T14:45:34.912+05:30  INFO 6347 --- [taskflow] [main] .s.d.r.c.RepositoryConfigurationDelegate : Finished Spring Data repository scanning in 2 ms. Found 1 JPA repository interface.
2026-10-10T14:45:34.992+05:30  INFO 6347 --- [taskflow] [main] org.flywaydb.core.FlywayExecutor         : Database: jdbc:postgresql://localhost:51183/test?loggerLevel=OFF (PostgreSQL 16.15)
2026-10-10T14:45:35.005+05:30  INFO 6347 --- [taskflow] [main] o.f.c.i.s.JdbcTableSchemaHistory         : Schema history table "public"."flyway_schema_history" does not exist yet
2026-10-10T14:45:35.006+05:30  INFO 6347 --- [taskflow] [main] o.f.core.internal.command.DbValidate     : Successfully validated 2 migrations (execution time 00:00.003s)
2026-10-10T14:45:35.022+05:30  INFO 6347 --- [taskflow] [main] o.f.c.i.s.JdbcTableSchemaHistory         : Creating Schema History table "public"."flyway_schema_history" ...
2026-10-10T14:45:35.039+05:30  INFO 6347 --- [taskflow] [main] o.f.core.internal.command.DbMigrate      : Current version of schema "public": << Empty Schema >>
2026-10-10T14:45:35.041+05:30  INFO 6347 --- [taskflow] [main] o.f.core.internal.command.DbMigrate      : Migrating schema "public" to version "1 - create tasks table"
2026-10-10T14:45:35.053+05:30  INFO 6347 --- [taskflow] [main] o.f.core.internal.command.DbMigrate      : Migrating schema "public" to version "2 - add priority to tasks"
2026-10-10T14:45:35.063+05:30  INFO 6347 --- [taskflow] [main] o.f.core.internal.command.DbMigrate      : Successfully applied 2 migrations to schema "public", now at version v2 (execution time 00:00.006s)
2026-10-10T14:45:35.071+05:30  INFO 6347 --- [taskflow] [main] org.hibernate.orm.jpa                    : HHH008540: Processing PersistenceUnitInfo [name: default]
2026-10-10T14:45:35.079+05:30  INFO 6347 --- [taskflow] [main] o.s.o.j.p.SpringPersistenceUnitInfo      : No LoadTimeWeaver setup: ignoring JPA class transformer
2026-10-10T14:45:35.079+05:30  INFO 6347 --- [taskflow] [main] com.zaxxer.hikari.HikariDataSource       : HikariPool-2 - Starting...
2026-10-10T14:45:35.086+05:30  INFO 6347 --- [taskflow] [main] com.zaxxer.hikari.pool.HikariPool        : HikariPool-2 - Added connection org.postgresql.jdbc.PgConnection@3d381435
2026-10-10T14:45:35.086+05:30  INFO 6347 --- [taskflow] [main] com.zaxxer.hikari.HikariDataSource       : HikariPool-2 - Start completed.
2026-10-10T14:45:35.091+05:30  INFO 6347 --- [taskflow] [main] org.hibernate.orm.connections.pooling    : HHH10001005: Database info:
	Database JDBC URL [jdbc:postgresql://localhost:51183/test?loggerLevel=OFF]
	Database driver: PostgreSQL JDBC Driver
	Database dialect: PostgreSQLDialect
	Database version: 16.15
	Default catalog/schema: test/public
	Autocommit mode: undefined/unknown
	Isolation level: READ_COMMITTED [default READ_COMMITTED]
	JDBC fetch size: none
	Pool: DataSourceConnectionProvider
	Minimum pool size: undefined/unknown
	Maximum pool size: undefined/unknown
2026-10-10T14:45:35.103+05:30  INFO 6347 --- [taskflow] [main] org.hibernate.orm.core                   : HHH000489: No JTA platform available (set 'hibernate.transaction.jta.platform' to enable JTA platform integration)
2026-10-10T14:45:35.114+05:30  INFO 6347 --- [taskflow] [main] j.LocalContainerEntityManagerFactoryBean : Initialized JPA EntityManagerFactory for persistence unit 'default'
2026-10-10T14:45:35.132+05:30  WARN 6347 --- [taskflow] [main] JpaBaseConfiguration$JpaWebConfiguration : spring.jpa.open-in-view is enabled by default. Therefore, database queries may be performed during view rendering. Explicitly configure spring.jpa.open-in-view to disable this warning
2026-10-10T14:45:35.188+05:30  INFO 6347 --- [taskflow] [main] o.s.b.t.m.w.SpringBootMockServletContext : Initializing Spring TestDispatcherServlet ''
2026-10-10T14:45:35.188+05:30  INFO 6347 --- [taskflow] [main] o.s.t.web.servlet.TestDispatcherServlet  : Initializing Servlet ''
2026-10-10T14:45:35.189+05:30  INFO 6347 --- [taskflow] [main] o.s.b.a.e.web.EndpointLinksResolver      : Exposing 4 endpoints beneath base path '/actuator'
2026-10-10T14:45:35.192+05:30  INFO 6347 --- [taskflow] [main] o.s.t.web.servlet.TestDispatcherServlet  : Completed initialization in 4 ms
2026-10-10T14:45:35.200+05:30  INFO 6347 --- [taskflow] [main] c.e.t.i.TaskApiIntegrationTest           : Started TaskApiIntegrationTest in 0.392 seconds (process running for 8.588)
2026-10-10T14:45:35.252+05:30  INFO 6347 --- [taskflow] [main] c.example.taskflow.services.TaskService  : Creating task with title: Learn Spring Boot
2026-10-10T14:45:35.256+05:30  INFO 6347 --- [taskflow] [main] c.example.taskflow.services.TaskService  : Task created successfully with id: 1
2026-10-10T14:45:35.272+05:30  INFO 6347 --- [taskflow] [main] c.example.taskflow.services.TaskService  : Creating task with title: Learn Docker
2026-10-10T14:45:35.274+05:30  INFO 6347 --- [taskflow] [main] c.example.taskflow.services.TaskService  : Task created successfully with id: 2
2026-10-10T14:45:35.307+05:30 DEBUG 6347 --- [taskflow] [main] c.example.taskflow.services.TaskService  : Finding task with id: 999
2026-10-10T14:45:35.309+05:30  WARN 6347 --- [taskflow] [main] c.example.taskflow.services.TaskService  : Task not found with id: 999
2026-10-10T14:45:35.318+05:30  INFO 6347 --- [taskflow] [main] c.example.taskflow.services.TaskService  : Creating task with title: Learn Testcontainers
2026-10-10T14:45:35.320+05:30  INFO 6347 --- [taskflow] [main] c.example.taskflow.services.TaskService  : Task created successfully with id: 3
2026-10-10T14:45:35.336+05:30  WARN 6347 --- [taskflow] [main] .w.s.m.s.DefaultHandlerExceptionResolver : Resolved [org.springframework.web.bind.MethodArgumentNotValidException: Validation failed for argument [0] in public org.springframework.http.ResponseEntity<com.example.taskflow.model.Task> com.example.taskflow.controller.TaskController.createTask(com.example.taskflow.dto.request.CreateTaskRequest) with 2 errors: [Field error in object 'createTaskRequest' on field 'priority': rejected value [10]; codes [Max.createTaskRequest.priority,Max.priority,Max.java.lang.Integer,Max]; arguments [org.springframework.context.support.DefaultMessageSourceResolvable: codes [createTaskRequest.priority,priority]; arguments []; default message [priority],5]; default message [must be less than or equal to 5]] [Field error in object 'createTaskRequest' on field 'title': rejected value []; codes [NotBlank.createTaskRequest.title,NotBlank.title,NotBlank.java.lang.String,NotBlank]; arguments [org.springframework.context.support.DefaultMessageSourceResolvable: codes [createTaskRequest.title,title]; arguments []; default message [title]]; default message [Title is required]] ]
2026-10-10T14:45:35.344+05:30  INFO 6347 --- [taskflow] [main] c.example.taskflow.services.TaskService  : Creating task with title: Learn Integration Testing
2026-10-10T14:45:35.348+05:30  INFO 6347 --- [taskflow] [main] c.example.taskflow.services.TaskService  : Task created successfully with id: 4
2026-10-10T14:45:35.358+05:30  INFO 6347 --- [taskflow] [main] c.example.taskflow.services.TaskService  : Creating task with title: Delete this task
2026-10-10T14:45:35.360+05:30  INFO 6347 --- [taskflow] [main] c.example.taskflow.services.TaskService  : Task created successfully with id: 5
2026-10-10T14:45:35.377+05:30  INFO 6347 --- [taskflow] [main] c.example.taskflow.services.TaskService  : Creating task with title: Finish Spring Testing
2026-10-10T14:45:35.379+05:30  INFO 6347 --- [taskflow] [main] c.example.taskflow.services.TaskService  : Task created successfully with id: 6
2026-10-10T14:45:35.383+05:30 DEBUG 6347 --- [taskflow] [main] c.example.taskflow.services.TaskService  : Finding task with id: 6
2026-10-10T14:45:35.522+05:30  INFO 6347 --- [taskflow] [main] t.c.s.AnnotationConfigContextLoaderUtils : Could not detect default configuration classes for test class [com.example.taskflow.TaskflowApplicationTests]: TaskflowApplicationTests does not declare any static, non-private, non-final, nested classes annotated with @Configuration.
2026-10-10T14:45:35.530+05:30  INFO 6347 --- [taskflow] [main] .b.t.c.SpringBootTestContextBootstrapper : Found @SpringBootConfiguration com.example.taskflow.TaskflowApplication for test class com.example.taskflow.TaskflowApplicationTests
2026-10-10T14:45:35.531+05:30  INFO 6347 --- [taskflow] [main] t.c.s.AnnotationConfigContextLoaderUtils : Could not detect default configuration classes for test class [com.example.taskflow.TaskflowApplicationTests]: TaskflowApplicationTests does not declare any static, non-private, non-final, nested classes annotated with @Configuration.
2026-10-10T14:45:35.533+05:30  INFO 6347 --- [taskflow] [main] .b.t.c.SpringBootTestContextBootstrapper : Found @SpringBootConfiguration com.example.taskflow.TaskflowApplication for test class com.example.taskflow.TaskflowApplicationTests
2026-10-10T14:45:35.536+05:30  INFO 6347 --- [taskflow] [main] o.s.b.d.r.RestartApplicationListener     : Restart disabled due to context in which it is running
2026-10-10T14:45:35.546+05:30  INFO 6347 --- [taskflow] [main] c.e.taskflow.TaskflowApplicationTests    : Starting TaskflowApplicationTests using Java 22.0.2 with PID 6347 (started by janidubomal in /Users/janidubomal/Downloads/taskflow)
2026-10-10T14:45:35.546+05:30 DEBUG 6347 --- [taskflow] [main] c.e.taskflow.TaskflowApplicationTests    : Running with Spring Boot v4.1.1, Spring v7.0.9
2026-10-10T14:45:35.546+05:30  INFO 6347 --- [taskflow] [main] c.e.taskflow.TaskflowApplicationTests    : No active profile set, falling back to 1 default profile: "default"
2026-10-10T14:45:35.632+05:30  INFO 6347 --- [taskflow] [main] .s.d.r.c.RepositoryConfigurationDelegate : Bootstrapping Spring Data JPA repositories in DEFAULT mode.
2026-10-10T14:45:35.636+05:30  INFO 6347 --- [taskflow] [main] .s.d.r.c.RepositoryConfigurationDelegate : Finished Spring Data repository scanning in 3 ms. Found 1 JPA repository interface.
2026-10-10T14:45:35.681+05:30  INFO 6347 --- [taskflow] [main] com.zaxxer.hikari.HikariDataSource       : HikariPool-3 - Starting...
2026-10-10T14:45:35.702+05:30  INFO 6347 --- [taskflow] [main] com.zaxxer.hikari.pool.HikariPool        : HikariPool-3 - Added connection org.postgresql.jdbc.PgConnection@176a3bb9
2026-10-10T14:45:35.703+05:30  INFO 6347 --- [taskflow] [main] com.zaxxer.hikari.HikariDataSource       : HikariPool-3 - Start completed.
2026-10-10T14:45:35.709+05:30  INFO 6347 --- [taskflow] [main] org.flywaydb.core.FlywayExecutor         : Database: jdbc:postgresql://localhost:5432/taskflow (PostgreSQL 17.2)
2026-10-10T14:45:35.723+05:30  INFO 6347 --- [taskflow] [main] o.f.core.internal.command.DbValidate     : Successfully validated 2 migrations (execution time 00:00.004s)
2026-10-10T14:45:35.733+05:30  INFO 6347 --- [taskflow] [main] o.f.core.internal.command.DbMigrate      : Current version of schema "public": 2
2026-10-10T14:45:35.734+05:30  INFO 6347 --- [taskflow] [main] o.f.core.internal.command.DbMigrate      : Schema "public" is up to date. No migration necessary.
2026-10-10T14:45:35.739+05:30  INFO 6347 --- [taskflow] [main] org.hibernate.orm.jpa                    : HHH008540: Processing PersistenceUnitInfo [name: default]
2026-10-10T14:45:35.746+05:30  INFO 6347 --- [taskflow] [main] o.s.o.j.p.SpringPersistenceUnitInfo      : No LoadTimeWeaver setup: ignoring JPA class transformer
2026-10-10T14:45:35.752+05:30  INFO 6347 --- [taskflow] [main] org.hibernate.orm.connections.pooling    : HHH10001005: Database info:
	Database JDBC URL [jdbc:postgresql://localhost:5432/taskflow]
	Database driver: PostgreSQL JDBC Driver
	Database dialect: PostgreSQLDialect
	Database version: 17.2
	Default catalog/schema: taskflow/public
	Autocommit mode: undefined/unknown
	Isolation level: READ_COMMITTED [default READ_COMMITTED]
	JDBC fetch size: none
	Pool: DataSourceConnectionProvider
	Minimum pool size: undefined/unknown
	Maximum pool size: undefined/unknown
2026-10-10T14:45:35.763+05:30  INFO 6347 --- [taskflow] [main] org.hibernate.orm.core                   : HHH000489: No JTA platform available (set 'hibernate.transaction.jta.platform' to enable JTA platform integration)
2026-10-10T14:45:35.776+05:30  INFO 6347 --- [taskflow] [main] j.LocalContainerEntityManagerFactoryBean : Initialized JPA EntityManagerFactory for persistence unit 'default'
2026-10-10T14:45:35.796+05:30  WARN 6347 --- [taskflow] [main] JpaBaseConfiguration$JpaWebConfiguration : spring.jpa.open-in-view is enabled by default. Therefore, database queries may be performed during view rendering. Explicitly configure spring.jpa.open-in-view to disable this warning
2026-10-10T14:45:35.828+05:30  INFO 6347 --- [taskflow] [main] o.s.b.a.e.web.EndpointLinksResolver      : Exposing 4 endpoints beneath base path '/actuator'
2026-10-10T14:45:35.833+05:30  INFO 6347 --- [taskflow] [main] c.e.taskflow.TaskflowApplicationTests    : Started TaskflowApplicationTests in 0.298 seconds (process running for 9.222)
2026-10-10T14:45:35.841+05:30  INFO 6347 --- [taskflow] [main] t.c.s.AnnotationConfigContextLoaderUtils : Could not detect default configuration classes for test class [com.example.taskflow.controller.TaskControllerTest]: TaskControllerTest does not declare any static, non-private, non-final, nested classes annotated with @Configuration.
2026-10-10T14:45:35.849+05:30  INFO 6347 --- [taskflow] [main] .b.t.c.SpringBootTestContextBootstrapper : Found @SpringBootConfiguration com.example.taskflow.TaskflowApplication for test class com.example.taskflow.controller.TaskControllerTest
2026-10-10T14:45:35.849+05:30  INFO 6347 --- [taskflow] [main] t.c.s.AnnotationConfigContextLoaderUtils : Could not detect default configuration classes for test class [com.example.taskflow.controller.TaskControllerTest]: TaskControllerTest does not declare any static, non-private, non-final, nested classes annotated with @Configuration.
2026-10-10T14:45:35.852+05:30  INFO 6347 --- [taskflow] [main] .b.t.c.SpringBootTestContextBootstrapper : Found @SpringBootConfiguration com.example.taskflow.TaskflowApplication for test class com.example.taskflow.controller.TaskControllerTest
2026-10-10T14:45:35.854+05:30  INFO 6347 --- [taskflow] [main] o.s.b.d.r.RestartApplicationListener     : Restart disabled due to context in which it is running
2026-10-10T14:45:35.861+05:30  INFO 6347 --- [taskflow] [main] c.e.t.controller.TaskControllerTest      : Starting TaskControllerTest using Java 22.0.2 with PID 6347 (started by janidubomal in /Users/janidubomal/Downloads/taskflow)
2026-10-10T14:45:35.861+05:30 DEBUG 6347 --- [taskflow] [main] c.e.t.controller.TaskControllerTest      : Running with Spring Boot v4.1.1, Spring v7.0.9
2026-10-10T14:45:35.861+05:30  INFO 6347 --- [taskflow] [main] c.e.t.controller.TaskControllerTest      : No active profile set, falling back to 1 default profile: "default"
2026-10-10T14:45:36.092+05:30  INFO 6347 --- [taskflow] [main] o.s.b.t.m.w.SpringBootMockServletContext : Initializing Spring TestDispatcherServlet ''
2026-10-10T14:45:36.092+05:30  INFO 6347 --- [taskflow] [main] o.s.t.web.servlet.TestDispatcherServlet  : Initializing Servlet ''
2026-10-10T14:45:36.093+05:30  INFO 6347 --- [taskflow] [main] o.s.t.web.servlet.TestDispatcherServlet  : Completed initialization in 0 ms
2026-10-10T14:45:36.102+05:30  INFO 6347 --- [taskflow] [main] c.e.t.controller.TaskControllerTest      : Started TaskControllerTest in 0.248 seconds (process running for 9.491)
2026-10-10T14:45:36.158+05:30  WARN 6347 --- [taskflow] [main] .w.s.m.s.DefaultHandlerExceptionResolver : Resolved [org.springframework.web.bind.MethodArgumentNotValidException: Validation failed for argument [0] in public org.springframework.http.ResponseEntity<com.example.taskflow.model.Task> com.example.taskflow.controller.TaskController.createTask(com.example.taskflow.dto.request.CreateTaskRequest): [Field error in object 'createTaskRequest' on field 'title': rejected value []; codes [NotBlank.createTaskRequest.title,NotBlank.title,NotBlank.java.lang.String,NotBlank]; arguments [org.springframework.context.support.DefaultMessageSourceResolvable: codes [createTaskRequest.title,title]; arguments []; default message [title]]; default message [Title is required]] ]
2026-10-10T14:45:36.167+05:30  WARN 6347 --- [taskflow] [main] .w.s.m.s.DefaultHandlerExceptionResolver : Resolved [org.springframework.web.bind.MethodArgumentNotValidException: Validation failed for argument [0] in public org.springframework.http.ResponseEntity<com.example.taskflow.model.Task> com.example.taskflow.controller.TaskController.createTask(com.example.taskflow.dto.request.CreateTaskRequest): [Field error in object 'createTaskRequest' on field 'priority': rejected value [10]; codes [Max.createTaskRequest.priority,Max.priority,Max.java.lang.Integer,Max]; arguments [org.springframework.context.support.DefaultMessageSourceResolvable: codes [createTaskRequest.priority,priority]; arguments []; default message [priority],5]; default message [must be less than or equal to 5]] ]
2026-10-10T14:45:36.303+05:30 DEBUG 6347 --- [taskflow] [main] c.example.taskflow.services.TaskService  : Finding task with id: 1
2026-10-10T14:45:36.311+05:30  INFO 6347 --- [taskflow] [main] c.example.taskflow.services.TaskService  : Creating task with title: Learn Mockito
2026-10-10T14:45:36.312+05:30  INFO 6347 --- [taskflow] [main] c.example.taskflow.services.TaskService  : Task created successfully with id: 1
2026-10-10T14:45:36.315+05:30 DEBUG 6347 --- [taskflow] [main] c.example.taskflow.services.TaskService  : Finding task with id: 1
2026-10-10T14:45:36.317+05:30 DEBUG 6347 --- [taskflow] [main] c.example.taskflow.services.TaskService  : Finding task with id: 999
2026-10-10T14:45:36.317+05:30  WARN 6347 --- [taskflow] [main] c.example.taskflow.services.TaskService  : Task not found with id: 999
2026-10-10T14:45:36.328+05:30  INFO 6347 --- [taskflow] [SpringApplicationShutdownHook] j.LocalContainerEntityManagerFactoryBean : Closing JPA EntityManagerFactory for persistence unit 'default'
2026-10-10T14:45:36.332+05:30  INFO 6347 --- [taskflow] [SpringApplicationShutdownHook] j.LocalContainerEntityManagerFactoryBean : Closing JPA EntityManagerFactory for persistence unit 'default'
2026-10-10T14:45:36.333+05:30  INFO 6347 --- [taskflow] [SpringApplicationShutdownHook] com.zaxxer.hikari.HikariDataSource       : HikariPool-1 - Shutdown initiated...
2026-10-10T14:45:36.335+05:30  INFO 6347 --- [taskflow] [SpringApplicationShutdownHook] com.zaxxer.hikari.HikariDataSource       : HikariPool-1 - Shutdown completed.
2026-10-10T14:45:36.337+05:30  INFO 6347 --- [taskflow] [SpringApplicationShutdownHook] j.LocalContainerEntityManagerFactoryBean : Closing JPA EntityManagerFactory for persistence unit 'default'
2026-10-10T14:45:36.337+05:30  INFO 6347 --- [taskflow] [SpringApplicationShutdownHook] com.zaxxer.hikari.HikariDataSource       : HikariPool-2 - Shutdown initiated...
2026-10-10T14:45:36.730+05:30  INFO 6347 --- [taskflow] [SpringApplicationShutdownHook] com.zaxxer.hikari.HikariDataSource       : HikariPool-2 - Shutdown completed.
2026-10-10T14:45:36.732+05:30  INFO 6347 --- [taskflow] [SpringApplicationShutdownHook] j.LocalContainerEntityManagerFactoryBean : Closing JPA EntityManagerFactory for persistence unit 'default'
2026-10-10T14:45:36.733+05:30  INFO 6347 --- [taskflow] [SpringApplicationShutdownHook] com.zaxxer.hikari.HikariDataSource       : HikariPool-3 - Shutdown initiated...
2026-10-10T14:45:36.733+05:30  INFO 6347 --- [taskflow] [SpringApplicationShutdownHook] com.zaxxer.hikari.HikariDataSource       : HikariPool-3 - Shutdown completed.
2026-10-10T14:47:53.331+05:30  INFO 6027 --- [taskflow] [SpringApplicationShutdownHook] o.s.boot.tomcat.GracefulShutdown         : Commencing graceful shutdown. Waiting for active requests to complete
2026-10-10T14:47:53.340+05:30  INFO 6027 --- [taskflow] [tomcat-shutdown] o.s.boot.tomcat.GracefulShutdown         : Graceful shutdown complete
2026-10-10T14:47:53.347+05:30  INFO 6027 --- [taskflow] [SpringApplicationShutdownHook] j.LocalContainerEntityManagerFactoryBean : Closing JPA EntityManagerFactory for persistence unit 'default'
2026-10-10T14:47:53.353+05:30  INFO 6027 --- [taskflow] [SpringApplicationShutdownHook] com.zaxxer.hikari.HikariDataSource       : HikariPool-1 - Shutdown initiated...
2026-10-10T14:47:53.356+05:30  INFO 6027 --- [taskflow] [SpringApplicationShutdownHook] com.zaxxer.hikari.HikariDataSource       : HikariPool-1 - Shutdown completed.
2026-10-10T14:47:54.699+05:30  INFO 6737 --- [taskflow] [restartedMain] c.example.taskflow.TaskflowApplication   : Starting TaskflowApplication using Java 22.0.2 with PID 6737 (/Users/janidubomal/Downloads/taskflow/target/classes started by janidubomal in /Users/janidubomal/Downloads/taskflow)
2026-10-10T14:47:54.700+05:30 DEBUG 6737 --- [taskflow] [restartedMain] c.example.taskflow.TaskflowApplication   : Running with Spring Boot v4.1.1, Spring v7.0.9
2026-10-10T14:47:54.700+05:30  INFO 6737 --- [taskflow] [restartedMain] c.example.taskflow.TaskflowApplication   : No active profile set, falling back to 1 default profile: "default"
2026-10-10T14:47:54.721+05:30  INFO 6737 --- [taskflow] [restartedMain] .e.DevToolsPropertyDefaultsPostProcessor : Devtools property defaults active! Set 'spring.devtools.add-properties' to 'false' to disable
2026-10-10T14:47:54.721+05:30  INFO 6737 --- [taskflow] [restartedMain] .e.DevToolsPropertyDefaultsPostProcessor : For additional web related logging consider setting the 'logging.level.web' property to 'DEBUG'
2026-10-10T14:47:55.072+05:30  INFO 6737 --- [taskflow] [restartedMain] .s.d.r.c.RepositoryConfigurationDelegate : Bootstrapping Spring Data JPA repositories in DEFAULT mode.
2026-10-10T14:47:55.090+05:30  INFO 6737 --- [taskflow] [restartedMain] .s.d.r.c.RepositoryConfigurationDelegate : Finished Spring Data repository scanning in 14 ms. Found 1 JPA repository interface.
2026-10-10T14:47:55.305+05:30  INFO 6737 --- [taskflow] [restartedMain] o.s.boot.tomcat.TomcatWebServer          : Tomcat initialized with port 8080 (http)
2026-10-10T14:47:55.313+05:30  INFO 6737 --- [taskflow] [restartedMain] o.apache.catalina.core.StandardService   : Starting service [Tomcat]
2026-10-10T14:47:55.313+05:30  INFO 6737 --- [taskflow] [restartedMain] o.apache.catalina.core.StandardEngine    : Starting Servlet engine: [Apache Tomcat/11.0.24]
2026-10-10T14:47:55.325+05:30  INFO 6737 --- [taskflow] [restartedMain] b.w.c.s.WebApplicationContextInitializer : Root WebApplicationContext: initialization completed in 603 ms
2026-10-10T14:47:55.464+05:30  INFO 6737 --- [taskflow] [restartedMain] com.zaxxer.hikari.HikariDataSource       : HikariPool-1 - Starting...
2026-10-10T14:47:55.573+05:30  INFO 6737 --- [taskflow] [restartedMain] com.zaxxer.hikari.pool.HikariPool        : HikariPool-1 - Added connection org.postgresql.jdbc.PgConnection@4faf2f9c
2026-10-10T14:47:55.574+05:30  INFO 6737 --- [taskflow] [restartedMain] com.zaxxer.hikari.HikariDataSource       : HikariPool-1 - Start completed.
2026-10-10T14:47:55.586+05:30  INFO 6737 --- [taskflow] [restartedMain] org.flywaydb.core.FlywayExecutor         : Database: jdbc:postgresql://localhost:5432/taskflow (PostgreSQL 17.2)
2026-10-10T14:47:55.615+05:30  INFO 6737 --- [taskflow] [restartedMain] o.f.core.internal.command.DbValidate     : Successfully validated 2 migrations (execution time 00:00.011s)
2026-10-10T14:47:55.634+05:30  INFO 6737 --- [taskflow] [restartedMain] o.f.core.internal.command.DbMigrate      : Current version of schema "public": 2
2026-10-10T14:47:55.636+05:30  INFO 6737 --- [taskflow] [restartedMain] o.f.core.internal.command.DbMigrate      : Schema "public" is up to date. No migration necessary.
2026-10-10T14:47:55.674+05:30  INFO 6737 --- [taskflow] [restartedMain] org.hibernate.orm.jpa                    : HHH008540: Processing PersistenceUnitInfo [name: default]
2026-10-10T14:47:55.706+05:30  INFO 6737 --- [taskflow] [restartedMain] org.hibernate.orm.core                   : HHH000001: Hibernate ORM core version 7.4.5.Final
2026-10-10T14:47:55.903+05:30  INFO 6737 --- [taskflow] [restartedMain] o.s.o.j.p.SpringPersistenceUnitInfo      : No LoadTimeWeaver setup: ignoring JPA class transformer
2026-10-10T14:47:55.944+05:30  INFO 6737 --- [taskflow] [restartedMain] org.hibernate.orm.connections.pooling    : HHH10001005: Database info:
	Database JDBC URL [jdbc:postgresql://localhost:5432/taskflow]
	Database driver: PostgreSQL JDBC Driver
	Database dialect: PostgreSQLDialect
	Database version: 17.2
	Default catalog/schema: taskflow/public
	Autocommit mode: undefined/unknown
	Isolation level: READ_COMMITTED [default READ_COMMITTED]
	JDBC fetch size: none
	Pool: DataSourceConnectionProvider
	Minimum pool size: undefined/unknown
	Maximum pool size: undefined/unknown
2026-10-10T14:47:56.347+05:30  INFO 6737 --- [taskflow] [restartedMain] org.hibernate.orm.core                   : HHH000489: No JTA platform available (set 'hibernate.transaction.jta.platform' to enable JTA platform integration)
2026-10-10T14:47:56.378+05:30  INFO 6737 --- [taskflow] [restartedMain] j.LocalContainerEntityManagerFactoryBean : Initialized JPA EntityManagerFactory for persistence unit 'default'
2026-10-10T14:47:56.411+05:30  INFO 6737 --- [taskflow] [restartedMain] o.s.d.j.r.query.QueryEnhancerFactories   : Hibernate is in classpath; If applicable, HQL parser will be used.
2026-10-10T14:47:56.484+05:30  WARN 6737 --- [taskflow] [restartedMain] JpaBaseConfiguration$JpaWebConfiguration : spring.jpa.open-in-view is enabled by default. Therefore, database queries may be performed during view rendering. Explicitly configure spring.jpa.open-in-view to disable this warning
2026-10-10T14:47:56.643+05:30  INFO 6737 --- [taskflow] [restartedMain] o.s.b.a.e.web.EndpointLinksResolver      : Exposing 4 endpoints beneath base path '/actuator'
2026-10-10T14:47:56.713+05:30  INFO 6737 --- [taskflow] [restartedMain] o.s.boot.tomcat.TomcatWebServer          : Tomcat started on port 8080 (http) with context path '/'
2026-10-10T14:47:56.718+05:30  INFO 6737 --- [taskflow] [restartedMain] c.example.taskflow.TaskflowApplication   : Started TaskflowApplication in 2.258 seconds (process running for 2.601)
2026-10-10T14:48:05.110+05:30  INFO 6737 --- [taskflow] [File Watcher] rtingClassPathChangeChangedEventListener : Restarting due to 15 class path changes (0 additions, 0 deletions, 15 modifications)
2026-10-10T14:48:05.118+05:30  INFO 6737 --- [taskflow] [Thread-1] o.s.boot.tomcat.GracefulShutdown         : Commencing graceful shutdown. Waiting for active requests to complete
2026-10-10T14:48:05.121+05:30  INFO 6737 --- [taskflow] [tomcat-shutdown] o.s.boot.tomcat.GracefulShutdown         : Graceful shutdown complete
2026-10-10T14:48:05.125+05:30  INFO 6737 --- [taskflow] [Thread-1] j.LocalContainerEntityManagerFactoryBean : Closing JPA EntityManagerFactory for persistence unit 'default'
2026-10-10T14:48:05.130+05:30  INFO 6737 --- [taskflow] [Thread-1] com.zaxxer.hikari.HikariDataSource       : HikariPool-1 - Shutdown initiated...
2026-10-10T14:48:05.132+05:30  INFO 6737 --- [taskflow] [Thread-1] com.zaxxer.hikari.HikariDataSource       : HikariPool-1 - Shutdown completed.
2026-10-10T14:48:05.194+05:30  INFO 6737 --- [taskflow] [restartedMain] c.example.taskflow.TaskflowApplication   : Starting TaskflowApplication using Java 22.0.2 with PID 6737 (/Users/janidubomal/Downloads/taskflow/target/classes started by janidubomal in /Users/janidubomal/Downloads/taskflow)
2026-10-10T14:48:05.194+05:30 DEBUG 6737 --- [taskflow] [restartedMain] c.example.taskflow.TaskflowApplication   : Running with Spring Boot v4.1.1, Spring v7.0.9
2026-10-10T14:48:05.194+05:30  INFO 6737 --- [taskflow] [restartedMain] c.example.taskflow.TaskflowApplication   : No active profile set, falling back to 1 default profile: "default"
2026-10-10T14:48:05.283+05:30  INFO 6737 --- [taskflow] [restartedMain] .s.d.r.c.RepositoryConfigurationDelegate : Bootstrapping Spring Data JPA repositories in DEFAULT mode.
2026-10-10T14:48:05.287+05:30  INFO 6737 --- [taskflow] [restartedMain] .s.d.r.c.RepositoryConfigurationDelegate : Finished Spring Data repository scanning in 3 ms. Found 1 JPA repository interface.
2026-10-10T14:48:05.340+05:30  INFO 6737 --- [taskflow] [restartedMain] o.s.boot.tomcat.TomcatWebServer          : Tomcat initialized with port 8080 (http)
2026-10-10T14:48:05.341+05:30  INFO 6737 --- [taskflow] [restartedMain] o.apache.catalina.core.StandardService   : Starting service [Tomcat]
2026-10-10T14:48:05.341+05:30  INFO 6737 --- [taskflow] [restartedMain] o.apache.catalina.core.StandardEngine    : Starting Servlet engine: [Apache Tomcat/11.0.24]
2026-10-10T14:48:05.345+05:30  INFO 6737 --- [taskflow] [restartedMain] b.w.c.s.WebApplicationContextInitializer : Root WebApplicationContext: initialization completed in 150 ms
2026-10-10T14:48:05.371+05:30  INFO 6737 --- [taskflow] [restartedMain] com.zaxxer.hikari.HikariDataSource       : HikariPool-2 - Starting...
2026-10-10T14:48:05.388+05:30  INFO 6737 --- [taskflow] [restartedMain] com.zaxxer.hikari.pool.HikariPool        : HikariPool-2 - Added connection org.postgresql.jdbc.PgConnection@75aef676
2026-10-10T14:48:05.388+05:30  INFO 6737 --- [taskflow] [restartedMain] com.zaxxer.hikari.HikariDataSource       : HikariPool-2 - Start completed.
2026-10-10T14:48:05.389+05:30  INFO 6737 --- [taskflow] [restartedMain] org.flywaydb.core.FlywayExecutor         : Database: jdbc:postgresql://localhost:5432/taskflow (PostgreSQL 17.2)
2026-10-10T14:48:05.398+05:30  INFO 6737 --- [taskflow] [restartedMain] o.f.core.internal.command.DbValidate     : Successfully validated 2 migrations (execution time 00:00.003s)
2026-10-10T14:48:05.413+05:30  INFO 6737 --- [taskflow] [restartedMain] o.f.core.internal.command.DbMigrate      : Current version of schema "public": 2
2026-10-10T14:48:05.413+05:30  INFO 6737 --- [taskflow] [restartedMain] o.f.core.internal.command.DbMigrate      : Schema "public" is up to date. No migration necessary.
2026-10-10T14:48:05.419+05:30  INFO 6737 --- [taskflow] [restartedMain] org.hibernate.orm.jpa                    : HHH008540: Processing PersistenceUnitInfo [name: default]
2026-10-10T14:48:05.425+05:30  INFO 6891 --- [taskflow] [main] c.e.t.repository.TaskRepositoryTest      : Starting TaskRepositoryTest using Java 22.0.2 with PID 6891 (started by janidubomal in /Users/janidubomal/Downloads/taskflow)
2026-10-10T14:48:05.426+05:30 DEBUG 6891 --- [taskflow] [main] c.e.t.repository.TaskRepositoryTest      : Running with Spring Boot v4.1.1, Spring v7.0.9
2026-10-10T14:48:05.426+05:30  INFO 6891 --- [taskflow] [main] c.e.t.repository.TaskRepositoryTest      : No active profile set, falling back to 1 default profile: "default"
2026-10-10T14:48:05.430+05:30  INFO 6737 --- [taskflow] [restartedMain] o.s.o.j.p.SpringPersistenceUnitInfo      : No LoadTimeWeaver setup: ignoring JPA class transformer
2026-10-10T14:48:05.437+05:30  INFO 6737 --- [taskflow] [restartedMain] org.hibernate.orm.connections.pooling    : HHH10001005: Database info:
	Database JDBC URL [jdbc:postgresql://localhost:5432/taskflow]
	Database driver: PostgreSQL JDBC Driver
	Database dialect: PostgreSQLDialect
	Database version: 17.2
	Default catalog/schema: taskflow/public
	Autocommit mode: undefined/unknown
	Isolation level: READ_COMMITTED [default READ_COMMITTED]
	JDBC fetch size: none
	Pool: DataSourceConnectionProvider
	Minimum pool size: undefined/unknown
	Maximum pool size: undefined/unknown
2026-10-10T14:48:05.458+05:30  INFO 6737 --- [taskflow] [restartedMain] org.hibernate.orm.core                   : HHH000489: No JTA platform available (set 'hibernate.transaction.jta.platform' to enable JTA platform integration)
2026-10-10T14:48:05.469+05:30  INFO 6737 --- [taskflow] [restartedMain] j.LocalContainerEntityManagerFactoryBean : Initialized JPA EntityManagerFactory for persistence unit 'default'
2026-10-10T14:48:05.496+05:30  WARN 6737 --- [taskflow] [restartedMain] JpaBaseConfiguration$JpaWebConfiguration : spring.jpa.open-in-view is enabled by default. Therefore, database queries may be performed during view rendering. Explicitly configure spring.jpa.open-in-view to disable this warning
2026-10-10T14:48:05.554+05:30  INFO 6737 --- [taskflow] [restartedMain] o.s.b.a.e.web.EndpointLinksResolver      : Exposing 4 endpoints beneath base path '/actuator'
2026-10-10T14:48:05.565+05:30  INFO 6737 --- [taskflow] [restartedMain] o.s.boot.tomcat.TomcatWebServer          : Tomcat started on port 8080 (http) with context path '/'
2026-10-10T14:48:05.567+05:30  INFO 6737 --- [taskflow] [restartedMain] c.example.taskflow.TaskflowApplication   : Started TaskflowApplication in 0.384 seconds (process running for 11.45)
2026-10-10T14:48:05.568+05:30  INFO 6737 --- [taskflow] [restartedMain] .ConditionEvaluationDeltaLoggingListener : Condition evaluation unchanged
2026-10-10T14:48:05.600+05:30  INFO 6891 --- [taskflow] [main] .s.d.r.c.RepositoryConfigurationDelegate : Bootstrapping Spring Data JPA repositories in DEFAULT mode.
2026-10-10T14:48:05.623+05:30  INFO 6891 --- [taskflow] [main] .s.d.r.c.RepositoryConfigurationDelegate : Finished Spring Data repository scanning in 17 ms. Found 1 JPA repository interface.
2026-10-10T14:48:05.648+05:30  INFO 6891 --- [taskflow] [main] beddedDataSourceBeanFactoryPostProcessor : Replacing 'dataSource' DataSource bean with embedded version
2026-10-10T14:48:05.685+05:30  INFO 6891 --- [taskflow] [main] o.s.j.d.e.EmbeddedDatabaseFactory        : Starting embedded database: url='jdbc:h2:mem:e53cfa02-7282-4343-9ac1-c7dd61dd9655;DB_CLOSE_DELAY=-1;DB_CLOSE_ON_EXIT=false', username='sa'
2026-10-10T14:48:05.819+05:30  INFO 6891 --- [taskflow] [main] org.hibernate.orm.jpa                    : HHH008540: Processing PersistenceUnitInfo [name: default]
2026-10-10T14:48:05.844+05:30  INFO 6891 --- [taskflow] [main] org.hibernate.orm.core                   : HHH000001: Hibernate ORM core version 7.4.5.Final
2026-10-10T14:48:06.001+05:30  INFO 6891 --- [taskflow] [main] o.s.o.j.p.SpringPersistenceUnitInfo      : No LoadTimeWeaver setup: ignoring JPA class transformer
2026-10-10T14:48:06.037+05:30  INFO 6891 --- [taskflow] [main] org.hibernate.orm.connections.pooling    : HHH10001005: Database info:
	Database JDBC URL [jdbc:h2:mem:e53cfa02-7282-4343-9ac1-c7dd61dd9655]
	Database driver: H2 JDBC Driver
	Database dialect: H2Dialect
	Database version: 2.4.240
	Default catalog/schema: E53CFA02-7282-4343-9AC1-C7DD61DD9655/PUBLIC
	Autocommit mode: undefined/unknown
	Isolation level: READ_COMMITTED [default READ_COMMITTED]
	JDBC fetch size: 100
	Pool: DataSourceConnectionProvider
	Minimum pool size: undefined/unknown
	Maximum pool size: undefined/unknown
2026-10-10T14:48:06.375+05:30  INFO 6891 --- [taskflow] [main] org.hibernate.orm.core                   : HHH000489: No JTA platform available (set 'hibernate.transaction.jta.platform' to enable JTA platform integration)
2026-10-10T14:48:06.389+05:30  INFO 6891 --- [taskflow] [main] j.LocalContainerEntityManagerFactoryBean : Initialized JPA EntityManagerFactory for persistence unit 'default'
2026-10-10T14:48:06.433+05:30  INFO 6891 --- [taskflow] [main] o.s.d.j.r.query.QueryEnhancerFactories   : Hibernate is in classpath; If applicable, HQL parser will be used.
2026-10-10T14:48:06.520+05:30  INFO 6891 --- [taskflow] [main] c.e.t.repository.TaskRepositoryTest      : Started TaskRepositoryTest in 1.325 seconds (process running for 1.849)
2026-10-10T14:48:07.434+05:30  INFO 6891 --- [taskflow] [main] org.testcontainers.images.PullPolicy     : Image pull policy will be performed by: DefaultPullPolicy()
2026-10-10T14:48:07.435+05:30  INFO 6891 --- [taskflow] [main] o.t.utility.ImageNameSubstitutor         : Image name substitution will be performed by: DefaultImageNameSubstitutor (composite of 'ConfigurationFileImageNameSubstitutor' and 'PrefixingImageNameSubstitutor')
2026-10-10T14:48:07.439+05:30  INFO 6891 --- [taskflow] [main] org.testcontainers.DockerClientFactory   : Testcontainers version: 2.0.5
2026-10-10T14:48:07.556+05:30  INFO 6891 --- [taskflow] [main] o.t.d.DockerClientProviderStrategy       : Loaded org.testcontainers.dockerclient.UnixSocketClientProviderStrategy from ~/.testcontainers.properties, will try it first
2026-10-10T14:48:07.803+05:30  INFO 6891 --- [taskflow] [main] o.t.d.DockerClientProviderStrategy       : Found Docker environment with local Unix socket (unix:///var/run/docker.sock)
2026-10-10T14:48:07.804+05:30  INFO 6891 --- [taskflow] [main] org.testcontainers.DockerClientFactory   : Docker host IP address is localhost
2026-10-10T14:48:07.819+05:30  INFO 6891 --- [taskflow] [main] org.testcontainers.DockerClientFactory   : Connected to docker: 
  Server Version: 27.4.0
  API Version: 1.47
  Operating System: Docker Desktop
  Total Memory: 3919 MB
  Labels: 
    com.docker.desktop.address=unix:///Users/janidubomal/Library/Containers/com.docker.docker/Data/docker-cli.sock
2026-10-10T14:48:07.839+05:30  INFO 6891 --- [taskflow] [main] tc.testcontainers/ryuk:0.14.0            : Creating container for image: testcontainers/ryuk:0.14.0
2026-10-10T14:48:08.095+05:30  INFO 6891 --- [taskflow] [main] tc.testcontainers/ryuk:0.14.0            : Container testcontainers/ryuk:0.14.0 is starting: b3f88bba2c132c513bf11f9eff4ad24cbf0f43782c412147b677ae6b58fefb72
2026-10-10T14:48:08.470+05:30  INFO 6891 --- [taskflow] [main] tc.testcontainers/ryuk:0.14.0            : Container testcontainers/ryuk:0.14.0 started in PT0.630819S
2026-10-10T14:48:08.480+05:30  INFO 6891 --- [taskflow] [main] o.t.utility.RyukResourceReaper           : Ryuk started - will monitor and terminate Testcontainers containers on JVM exit
2026-10-10T14:48:08.480+05:30  INFO 6891 --- [taskflow] [main] org.testcontainers.DockerClientFactory   : Checking the system...
2026-10-10T14:48:08.481+05:30  INFO 6891 --- [taskflow] [main] org.testcontainers.DockerClientFactory   : ✔︎ Docker server version should be at least 1.6.0
2026-10-10T14:48:08.481+05:30  INFO 6891 --- [taskflow] [main] tc.postgres:16-alpine                    : Creating container for image: postgres:16-alpine
2026-10-10T14:48:08.512+05:30  INFO 6891 --- [taskflow] [main] tc.postgres:16-alpine                    : Container postgres:16-alpine is starting: e7057d3c5a2ef8900e012e11a84c1ca9763aacdb32fe3f29ba54cf75320e8e07
2026-10-10T14:48:09.433+05:30  INFO 6891 --- [taskflow] [main] tc.postgres:16-alpine                    : Container postgres:16-alpine started in PT0.951847S
2026-10-10T14:48:09.435+05:30  INFO 6891 --- [taskflow] [main] tc.postgres:16-alpine                    : Container is started (JDBC URL: jdbc:postgresql://localhost:51264/test?loggerLevel=OFF)
2026-10-10T14:48:09.455+05:30  INFO 6891 --- [taskflow] [main] t.c.s.AnnotationConfigContextLoaderUtils : Could not detect default configuration classes for test class [com.example.taskflow.integration.TaskRepositoryPostgresIntegrationTest]: TaskRepositoryPostgresIntegrationTest does not declare any static, non-private, non-final, nested classes annotated with @Configuration.
2026-10-10T14:48:09.472+05:30  INFO 6891 --- [taskflow] [main] .b.t.c.SpringBootTestContextBootstrapper : Found @SpringBootConfiguration com.example.taskflow.TaskflowApplication for test class com.example.taskflow.integration.TaskRepositoryPostgresIntegrationTest
2026-10-10T14:48:09.478+05:30  INFO 6891 --- [taskflow] [main] t.c.s.AnnotationConfigContextLoaderUtils : Could not detect default configuration classes for test class [com.example.taskflow.integration.TaskRepositoryPostgresIntegrationTest]: TaskRepositoryPostgresIntegrationTest does not declare any static, non-private, non-final, nested classes annotated with @Configuration.
2026-10-10T14:48:09.480+05:30  INFO 6891 --- [taskflow] [main] .b.t.c.SpringBootTestContextBootstrapper : Found @SpringBootConfiguration com.example.taskflow.TaskflowApplication for test class com.example.taskflow.integration.TaskRepositoryPostgresIntegrationTest
2026-10-10T14:48:09.494+05:30  INFO 6891 --- [taskflow] [main] o.s.b.d.r.RestartApplicationListener     : Restart disabled due to context in which it is running
2026-10-10T14:48:09.518+05:30  INFO 6891 --- [taskflow] [main] .i.TaskRepositoryPostgresIntegrationTest : Starting TaskRepositoryPostgresIntegrationTest using Java 22.0.2 with PID 6891 (started by janidubomal in /Users/janidubomal/Downloads/taskflow)
2026-10-10T14:48:09.519+05:30 DEBUG 6891 --- [taskflow] [main] .i.TaskRepositoryPostgresIntegrationTest : Running with Spring Boot v4.1.1, Spring v7.0.9
2026-10-10T14:48:09.519+05:30  INFO 6891 --- [taskflow] [main] .i.TaskRepositoryPostgresIntegrationTest : No active profile set, falling back to 1 default profile: "default"
2026-10-10T14:48:09.725+05:30  INFO 6891 --- [taskflow] [main] .s.d.r.c.RepositoryConfigurationDelegate : Bootstrapping Spring Data JPA repositories in DEFAULT mode.
2026-10-10T14:48:09.730+05:30  INFO 6891 --- [taskflow] [main] .s.d.r.c.RepositoryConfigurationDelegate : Finished Spring Data repository scanning in 3 ms. Found 1 JPA repository interface.
2026-10-10T14:48:10.048+05:30  INFO 6891 --- [taskflow] [main] org.flywaydb.core.FlywayExecutor         : Database: jdbc:postgresql://localhost:51264/test?loggerLevel=OFF (PostgreSQL 16.15)
2026-10-10T14:48:10.078+05:30  INFO 6891 --- [taskflow] [main] o.f.c.i.s.JdbcTableSchemaHistory         : Schema history table "public"."flyway_schema_history" does not exist yet
2026-10-10T14:48:10.079+05:30  INFO 6891 --- [taskflow] [main] o.f.core.internal.command.DbValidate     : Successfully validated 2 migrations (execution time 00:00.008s)
2026-10-10T14:48:10.093+05:30  INFO 6891 --- [taskflow] [main] o.f.c.i.s.JdbcTableSchemaHistory         : Creating Schema History table "public"."flyway_schema_history" ...
2026-10-10T14:48:10.142+05:30  INFO 6891 --- [taskflow] [main] o.f.core.internal.command.DbMigrate      : Current version of schema "public": << Empty Schema >>
2026-10-10T14:48:10.145+05:30  INFO 6891 --- [taskflow] [main] o.f.core.internal.command.DbMigrate      : Migrating schema "public" to version "1 - create tasks table"
2026-10-10T14:48:10.159+05:30  INFO 6891 --- [taskflow] [main] o.f.core.internal.command.DbMigrate      : Migrating schema "public" to version "2 - add priority to tasks"
2026-10-10T14:48:10.167+05:30  INFO 6891 --- [taskflow] [main] o.f.core.internal.command.DbMigrate      : Successfully applied 2 migrations to schema "public", now at version v2 (execution time 00:00.008s)
2026-10-10T14:48:10.179+05:30  INFO 6891 --- [taskflow] [main] org.hibernate.orm.jpa                    : HHH008540: Processing PersistenceUnitInfo [name: default]
2026-10-10T14:48:10.191+05:30  INFO 6891 --- [taskflow] [main] o.s.o.j.p.SpringPersistenceUnitInfo      : No LoadTimeWeaver setup: ignoring JPA class transformer
2026-10-10T14:48:10.192+05:30  INFO 6891 --- [taskflow] [main] com.zaxxer.hikari.HikariDataSource       : HikariPool-1 - Starting...
2026-10-10T14:48:10.207+05:30  INFO 6891 --- [taskflow] [main] com.zaxxer.hikari.pool.HikariPool        : HikariPool-1 - Added connection org.postgresql.jdbc.PgConnection@73515663
2026-10-10T14:48:10.207+05:30  INFO 6891 --- [taskflow] [main] com.zaxxer.hikari.HikariDataSource       : HikariPool-1 - Start completed.
2026-10-10T14:48:10.219+05:30  INFO 6891 --- [taskflow] [main] org.hibernate.orm.connections.pooling    : HHH10001005: Database info:
	Database JDBC URL [jdbc:postgresql://localhost:51264/test?loggerLevel=OFF]
	Database driver: PostgreSQL JDBC Driver
	Database dialect: PostgreSQLDialect
	Database version: 16.15
	Default catalog/schema: test/public
	Autocommit mode: undefined/unknown
	Isolation level: READ_COMMITTED [default READ_COMMITTED]
	JDBC fetch size: none
	Pool: DataSourceConnectionProvider
	Minimum pool size: undefined/unknown
	Maximum pool size: undefined/unknown
2026-10-10T14:48:10.252+05:30  INFO 6891 --- [taskflow] [main] org.hibernate.orm.core                   : HHH000489: No JTA platform available (set 'hibernate.transaction.jta.platform' to enable JTA platform integration)
2026-10-10T14:48:10.276+05:30  INFO 6891 --- [taskflow] [main] j.LocalContainerEntityManagerFactoryBean : Initialized JPA EntityManagerFactory for persistence unit 'default'
2026-10-10T14:48:10.338+05:30  WARN 6891 --- [taskflow] [main] JpaBaseConfiguration$JpaWebConfiguration : spring.jpa.open-in-view is enabled by default. Therefore, database queries may be performed during view rendering. Explicitly configure spring.jpa.open-in-view to disable this warning
2026-10-10T14:48:10.537+05:30  INFO 6891 --- [taskflow] [main] o.s.b.a.e.web.EndpointLinksResolver      : Exposing 4 endpoints beneath base path '/actuator'
2026-10-10T14:48:10.562+05:30  INFO 6891 --- [taskflow] [main] .i.TaskRepositoryPostgresIntegrationTest : Started TaskRepositoryPostgresIntegrationTest in 1.068 seconds (process running for 5.891)
2026-10-10T14:48:10.827+05:30  INFO 6891 --- [taskflow] [main] tc.postgres:16-alpine                    : Creating container for image: postgres:16-alpine
2026-10-10T14:48:10.879+05:30  INFO 6891 --- [taskflow] [main] tc.postgres:16-alpine                    : Container postgres:16-alpine is starting: d6c72a48498ca9de9432c7f6c57a17d41a477a97de49f934ce07a8cf222cc4a6
2026-10-10T14:48:11.767+05:30  INFO 6891 --- [taskflow] [main] tc.postgres:16-alpine                    : Container postgres:16-alpine started in PT0.93949S
2026-10-10T14:48:11.769+05:30  INFO 6891 --- [taskflow] [main] tc.postgres:16-alpine                    : Container is started (JDBC URL: jdbc:postgresql://localhost:51280/test?loggerLevel=OFF)
2026-10-10T14:48:11.778+05:30  INFO 6891 --- [taskflow] [main] t.c.s.AnnotationConfigContextLoaderUtils : Could not detect default configuration classes for test class [com.example.taskflow.integration.TaskApiIntegrationTest]: TaskApiIntegrationTest does not declare any static, non-private, non-final, nested classes annotated with @Configuration.
2026-10-10T14:48:11.791+05:30  INFO 6891 --- [taskflow] [main] .b.t.c.SpringBootTestContextBootstrapper : Found @SpringBootConfiguration com.example.taskflow.TaskflowApplication for test class com.example.taskflow.integration.TaskApiIntegrationTest
2026-10-10T14:48:11.792+05:30  INFO 6891 --- [taskflow] [main] t.c.s.AnnotationConfigContextLoaderUtils : Could not detect default configuration classes for test class [com.example.taskflow.integration.TaskApiIntegrationTest]: TaskApiIntegrationTest does not declare any static, non-private, non-final, nested classes annotated with @Configuration.
2026-10-10T14:48:11.795+05:30  INFO 6891 --- [taskflow] [main] .b.t.c.SpringBootTestContextBootstrapper : Found @SpringBootConfiguration com.example.taskflow.TaskflowApplication for test class com.example.taskflow.integration.TaskApiIntegrationTest
2026-10-10T14:48:11.804+05:30  INFO 6891 --- [taskflow] [main] o.s.b.d.r.RestartApplicationListener     : Restart disabled due to context in which it is running
2026-10-10T14:48:11.824+05:30  INFO 6891 --- [taskflow] [main] c.e.t.i.TaskApiIntegrationTest           : Starting TaskApiIntegrationTest using Java 22.0.2 with PID 6891 (started by janidubomal in /Users/janidubomal/Downloads/taskflow)
2026-10-10T14:48:11.824+05:30 DEBUG 6891 --- [taskflow] [main] c.e.t.i.TaskApiIntegrationTest           : Running with Spring Boot v4.1.1, Spring v7.0.9
2026-10-10T14:48:11.825+05:30  INFO 6891 --- [taskflow] [main] c.e.t.i.TaskApiIntegrationTest           : No active profile set, falling back to 1 default profile: "default"
2026-10-10T14:48:11.935+05:30  INFO 6891 --- [taskflow] [main] .s.d.r.c.RepositoryConfigurationDelegate : Bootstrapping Spring Data JPA repositories in DEFAULT mode.
2026-10-10T14:48:11.941+05:30  INFO 6891 --- [taskflow] [main] .s.d.r.c.RepositoryConfigurationDelegate : Finished Spring Data repository scanning in 3 ms. Found 1 JPA repository interface.
2026-10-10T14:48:12.035+05:30  INFO 6891 --- [taskflow] [main] org.flywaydb.core.FlywayExecutor         : Database: jdbc:postgresql://localhost:51280/test?loggerLevel=OFF (PostgreSQL 16.15)
2026-10-10T14:48:12.044+05:30  INFO 6891 --- [taskflow] [main] o.f.c.i.s.JdbcTableSchemaHistory         : Schema history table "public"."flyway_schema_history" does not exist yet
2026-10-10T14:48:12.044+05:30  INFO 6891 --- [taskflow] [main] o.f.core.internal.command.DbValidate     : Successfully validated 2 migrations (execution time 00:00.002s)
2026-10-10T14:48:12.050+05:30  INFO 6891 --- [taskflow] [main] o.f.c.i.s.JdbcTableSchemaHistory         : Creating Schema History table "public"."flyway_schema_history" ...
2026-10-10T14:48:12.064+05:30  INFO 6891 --- [taskflow] [main] o.f.core.internal.command.DbMigrate      : Current version of schema "public": << Empty Schema >>
2026-10-10T14:48:12.066+05:30  INFO 6891 --- [taskflow] [main] o.f.core.internal.command.DbMigrate      : Migrating schema "public" to version "1 - create tasks table"
2026-10-10T14:48:12.075+05:30  INFO 6891 --- [taskflow] [main] o.f.core.internal.command.DbMigrate      : Migrating schema "public" to version "2 - add priority to tasks"
2026-10-10T14:48:12.080+05:30  INFO 6891 --- [taskflow] [main] o.f.core.internal.command.DbMigrate      : Successfully applied 2 migrations to schema "public", now at version v2 (execution time 00:00.005s)
2026-10-10T14:48:12.088+05:30  INFO 6891 --- [taskflow] [main] org.hibernate.orm.jpa                    : HHH008540: Processing PersistenceUnitInfo [name: default]
2026-10-10T14:48:12.098+05:30  INFO 6891 --- [taskflow] [main] o.s.o.j.p.SpringPersistenceUnitInfo      : No LoadTimeWeaver setup: ignoring JPA class transformer
2026-10-10T14:48:12.098+05:30  INFO 6891 --- [taskflow] [main] com.zaxxer.hikari.HikariDataSource       : HikariPool-2 - Starting...
2026-10-10T14:48:12.104+05:30  INFO 6891 --- [taskflow] [main] com.zaxxer.hikari.pool.HikariPool        : HikariPool-2 - Added connection org.postgresql.jdbc.PgConnection@63a26b8f
2026-10-10T14:48:12.104+05:30  INFO 6891 --- [taskflow] [main] com.zaxxer.hikari.HikariDataSource       : HikariPool-2 - Start completed.
2026-10-10T14:48:12.113+05:30  INFO 6891 --- [taskflow] [main] org.hibernate.orm.connections.pooling    : HHH10001005: Database info:
	Database JDBC URL [jdbc:postgresql://localhost:51280/test?loggerLevel=OFF]
	Database driver: PostgreSQL JDBC Driver
	Database dialect: PostgreSQLDialect
	Database version: 16.15
	Default catalog/schema: test/public
	Autocommit mode: undefined/unknown
	Isolation level: READ_COMMITTED [default READ_COMMITTED]
	JDBC fetch size: none
	Pool: DataSourceConnectionProvider
	Minimum pool size: undefined/unknown
	Maximum pool size: undefined/unknown
2026-10-10T14:48:12.126+05:30  INFO 6891 --- [taskflow] [main] org.hibernate.orm.core                   : HHH000489: No JTA platform available (set 'hibernate.transaction.jta.platform' to enable JTA platform integration)
2026-10-10T14:48:12.135+05:30  INFO 6891 --- [taskflow] [main] j.LocalContainerEntityManagerFactoryBean : Initialized JPA EntityManagerFactory for persistence unit 'default'
2026-10-10T14:48:12.155+05:30  WARN 6891 --- [taskflow] [main] JpaBaseConfiguration$JpaWebConfiguration : spring.jpa.open-in-view is enabled by default. Therefore, database queries may be performed during view rendering. Explicitly configure spring.jpa.open-in-view to disable this warning
2026-10-10T14:48:12.219+05:30  INFO 6891 --- [taskflow] [main] o.s.b.t.m.w.SpringBootMockServletContext : Initializing Spring TestDispatcherServlet ''
2026-10-10T14:48:12.219+05:30  INFO 6891 --- [taskflow] [main] o.s.t.web.servlet.TestDispatcherServlet  : Initializing Servlet ''
2026-10-10T14:48:12.220+05:30  INFO 6891 --- [taskflow] [main] o.s.b.a.e.web.EndpointLinksResolver      : Exposing 4 endpoints beneath base path '/actuator'
2026-10-10T14:48:12.222+05:30  INFO 6891 --- [taskflow] [main] o.s.t.web.servlet.TestDispatcherServlet  : Completed initialization in 3 ms
2026-10-10T14:48:12.230+05:30  INFO 6891 --- [taskflow] [main] c.e.t.i.TaskApiIntegrationTest           : Started TaskApiIntegrationTest in 0.427 seconds (process running for 7.559)
2026-10-10T14:48:12.286+05:30  INFO 6891 --- [taskflow] [main] c.example.taskflow.services.TaskService  : Creating task with title: Learn Spring Boot
2026-10-10T14:48:12.290+05:30  INFO 6891 --- [taskflow] [main] c.example.taskflow.services.TaskService  : Task created successfully with id: 1
2026-10-10T14:48:12.302+05:30  INFO 6891 --- [taskflow] [main] c.example.taskflow.services.TaskService  : Creating task with title: Learn Docker
2026-10-10T14:48:12.305+05:30  INFO 6891 --- [taskflow] [main] c.example.taskflow.services.TaskService  : Task created successfully with id: 2
2026-10-10T14:48:12.340+05:30 DEBUG 6891 --- [taskflow] [main] c.example.taskflow.services.TaskService  : Finding task with id: 999
2026-10-10T14:48:12.342+05:30  WARN 6891 --- [taskflow] [main] c.example.taskflow.services.TaskService  : Task not found with id: 999
2026-10-10T14:48:12.352+05:30  INFO 6891 --- [taskflow] [main] c.example.taskflow.services.TaskService  : Creating task with title: Learn Testcontainers
2026-10-10T14:48:12.354+05:30  INFO 6891 --- [taskflow] [main] c.example.taskflow.services.TaskService  : Task created successfully with id: 3
2026-10-10T14:48:12.370+05:30  WARN 6891 --- [taskflow] [main] .w.s.m.s.DefaultHandlerExceptionResolver : Resolved [org.springframework.web.bind.MethodArgumentNotValidException: Validation failed for argument [0] in public org.springframework.http.ResponseEntity<com.example.taskflow.model.Task> com.example.taskflow.controller.TaskController.createTask(com.example.taskflow.dto.request.CreateTaskRequest) with 2 errors: [Field error in object 'createTaskRequest' on field 'title': rejected value []; codes [NotBlank.createTaskRequest.title,NotBlank.title,NotBlank.java.lang.String,NotBlank]; arguments [org.springframework.context.support.DefaultMessageSourceResolvable: codes [createTaskRequest.title,title]; arguments []; default message [title]]; default message [Title is required]] [Field error in object 'createTaskRequest' on field 'priority': rejected value [10]; codes [Max.createTaskRequest.priority,Max.priority,Max.java.lang.Integer,Max]; arguments [org.springframework.context.support.DefaultMessageSourceResolvable: codes [createTaskRequest.priority,priority]; arguments []; default message [priority],5]; default message [must be less than or equal to 5]] ]
2026-10-10T14:48:12.384+05:30  INFO 6891 --- [taskflow] [main] c.example.taskflow.services.TaskService  : Creating task with title: Learn Integration Testing
2026-10-10T14:48:12.386+05:30  INFO 6891 --- [taskflow] [main] c.example.taskflow.services.TaskService  : Task created successfully with id: 4
2026-10-10T14:48:12.397+05:30  INFO 6891 --- [taskflow] [main] c.example.taskflow.services.TaskService  : Creating task with title: Delete this task
2026-10-10T14:48:12.399+05:30  INFO 6891 --- [taskflow] [main] c.example.taskflow.services.TaskService  : Task created successfully with id: 5
2026-10-10T14:48:12.415+05:30  INFO 6891 --- [taskflow] [main] c.example.taskflow.services.TaskService  : Creating task with title: Finish Spring Testing
2026-10-10T14:48:12.417+05:30  INFO 6891 --- [taskflow] [main] c.example.taskflow.services.TaskService  : Task created successfully with id: 6
2026-10-10T14:48:12.421+05:30 DEBUG 6891 --- [taskflow] [main] c.example.taskflow.services.TaskService  : Finding task with id: 6
2026-10-10T14:48:12.609+05:30  INFO 6891 --- [taskflow] [main] t.c.s.AnnotationConfigContextLoaderUtils : Could not detect default configuration classes for test class [com.example.taskflow.TaskflowApplicationTests]: TaskflowApplicationTests does not declare any static, non-private, non-final, nested classes annotated with @Configuration.
2026-10-10T14:48:12.614+05:30  INFO 6891 --- [taskflow] [main] .b.t.c.SpringBootTestContextBootstrapper : Found @SpringBootConfiguration com.example.taskflow.TaskflowApplication for test class com.example.taskflow.TaskflowApplicationTests
2026-10-10T14:48:12.615+05:30  INFO 6891 --- [taskflow] [main] t.c.s.AnnotationConfigContextLoaderUtils : Could not detect default configuration classes for test class [com.example.taskflow.TaskflowApplicationTests]: TaskflowApplicationTests does not declare any static, non-private, non-final, nested classes annotated with @Configuration.
2026-10-10T14:48:12.617+05:30  INFO 6891 --- [taskflow] [main] .b.t.c.SpringBootTestContextBootstrapper : Found @SpringBootConfiguration com.example.taskflow.TaskflowApplication for test class com.example.taskflow.TaskflowApplicationTests
2026-10-10T14:48:12.632+05:30  INFO 6891 --- [taskflow] [main] o.s.b.d.r.RestartApplicationListener     : Restart disabled due to context in which it is running
2026-10-10T14:48:12.649+05:30  INFO 6891 --- [taskflow] [main] c.e.taskflow.TaskflowApplicationTests    : Starting TaskflowApplicationTests using Java 22.0.2 with PID 6891 (started by janidubomal in /Users/janidubomal/Downloads/taskflow)
2026-10-10T14:48:12.650+05:30 DEBUG 6891 --- [taskflow] [main] c.e.taskflow.TaskflowApplicationTests    : Running with Spring Boot v4.1.1, Spring v7.0.9
2026-10-10T14:48:12.650+05:30  INFO 6891 --- [taskflow] [main] c.e.taskflow.TaskflowApplicationTests    : No active profile set, falling back to 1 default profile: "default"
2026-10-10T14:48:12.748+05:30  INFO 6891 --- [taskflow] [main] .s.d.r.c.RepositoryConfigurationDelegate : Bootstrapping Spring Data JPA repositories in DEFAULT mode.
2026-10-10T14:48:12.763+05:30  INFO 6891 --- [taskflow] [main] .s.d.r.c.RepositoryConfigurationDelegate : Finished Spring Data repository scanning in 10 ms. Found 1 JPA repository interface.
2026-10-10T14:48:12.800+05:30  INFO 6891 --- [taskflow] [main] com.zaxxer.hikari.HikariDataSource       : HikariPool-3 - Starting...
2026-10-10T14:48:12.810+05:30  INFO 6891 --- [taskflow] [main] com.zaxxer.hikari.pool.HikariPool        : HikariPool-3 - Added connection org.postgresql.jdbc.PgConnection@4a61254b
2026-10-10T14:48:12.810+05:30  INFO 6891 --- [taskflow] [main] com.zaxxer.hikari.HikariDataSource       : HikariPool-3 - Start completed.
2026-10-10T14:48:12.811+05:30  INFO 6891 --- [taskflow] [main] org.flywaydb.core.FlywayExecutor         : Database: jdbc:postgresql://localhost:5432/taskflow (PostgreSQL 17.2)
2026-10-10T14:48:12.821+05:30  INFO 6891 --- [taskflow] [main] o.f.core.internal.command.DbValidate     : Successfully validated 2 migrations (execution time 00:00.003s)
2026-10-10T14:48:12.831+05:30  INFO 6891 --- [taskflow] [main] o.f.core.internal.command.DbMigrate      : Current version of schema "public": 2
2026-10-10T14:48:12.832+05:30  INFO 6891 --- [taskflow] [main] o.f.core.internal.command.DbMigrate      : Schema "public" is up to date. No migration necessary.
2026-10-10T14:48:12.837+05:30  INFO 6891 --- [taskflow] [main] org.hibernate.orm.jpa                    : HHH008540: Processing PersistenceUnitInfo [name: default]
2026-10-10T14:48:12.844+05:30  INFO 6891 --- [taskflow] [main] o.s.o.j.p.SpringPersistenceUnitInfo      : No LoadTimeWeaver setup: ignoring JPA class transformer
2026-10-10T14:48:12.852+05:30  INFO 6891 --- [taskflow] [main] org.hibernate.orm.connections.pooling    : HHH10001005: Database info:
	Database JDBC URL [jdbc:postgresql://localhost:5432/taskflow]
	Database driver: PostgreSQL JDBC Driver
	Database dialect: PostgreSQLDialect
	Database version: 17.2
	Default catalog/schema: taskflow/public
	Autocommit mode: undefined/unknown
	Isolation level: READ_COMMITTED [default READ_COMMITTED]
	JDBC fetch size: none
	Pool: DataSourceConnectionProvider
	Minimum pool size: undefined/unknown
	Maximum pool size: undefined/unknown
2026-10-10T14:48:12.863+05:30  INFO 6891 --- [taskflow] [main] org.hibernate.orm.core                   : HHH000489: No JTA platform available (set 'hibernate.transaction.jta.platform' to enable JTA platform integration)
2026-10-10T14:48:12.878+05:30  INFO 6891 --- [taskflow] [main] j.LocalContainerEntityManagerFactoryBean : Initialized JPA EntityManagerFactory for persistence unit 'default'
2026-10-10T14:48:12.891+05:30  WARN 6891 --- [taskflow] [main] JpaBaseConfiguration$JpaWebConfiguration : spring.jpa.open-in-view is enabled by default. Therefore, database queries may be performed during view rendering. Explicitly configure spring.jpa.open-in-view to disable this warning
2026-10-10T14:48:12.936+05:30  INFO 6891 --- [taskflow] [main] o.s.b.a.e.web.EndpointLinksResolver      : Exposing 4 endpoints beneath base path '/actuator'
2026-10-10T14:48:12.943+05:30  INFO 6891 --- [taskflow] [main] c.e.taskflow.TaskflowApplicationTests    : Started TaskflowApplicationTests in 0.311 seconds (process running for 8.272)
2026-10-10T14:48:12.954+05:30  INFO 6891 --- [taskflow] [main] t.c.s.AnnotationConfigContextLoaderUtils : Could not detect default configuration classes for test class [com.example.taskflow.controller.TaskControllerTest]: TaskControllerTest does not declare any static, non-private, non-final, nested classes annotated with @Configuration.
2026-10-10T14:48:12.962+05:30  INFO 6891 --- [taskflow] [main] .b.t.c.SpringBootTestContextBootstrapper : Found @SpringBootConfiguration com.example.taskflow.TaskflowApplication for test class com.example.taskflow.controller.TaskControllerTest
2026-10-10T14:48:12.962+05:30  INFO 6891 --- [taskflow] [main] t.c.s.AnnotationConfigContextLoaderUtils : Could not detect default configuration classes for test class [com.example.taskflow.controller.TaskControllerTest]: TaskControllerTest does not declare any static, non-private, non-final, nested classes annotated with @Configuration.
2026-10-10T14:48:12.965+05:30  INFO 6891 --- [taskflow] [main] .b.t.c.SpringBootTestContextBootstrapper : Found @SpringBootConfiguration com.example.taskflow.TaskflowApplication for test class com.example.taskflow.controller.TaskControllerTest
2026-10-10T14:48:12.967+05:30  INFO 6891 --- [taskflow] [main] o.s.b.d.r.RestartApplicationListener     : Restart disabled due to context in which it is running
2026-10-10T14:48:12.975+05:30  INFO 6891 --- [taskflow] [main] c.e.t.controller.TaskControllerTest      : Starting TaskControllerTest using Java 22.0.2 with PID 6891 (started by janidubomal in /Users/janidubomal/Downloads/taskflow)
2026-10-10T14:48:12.975+05:30 DEBUG 6891 --- [taskflow] [main] c.e.t.controller.TaskControllerTest      : Running with Spring Boot v4.1.1, Spring v7.0.9
2026-10-10T14:48:12.975+05:30  INFO 6891 --- [taskflow] [main] c.e.t.controller.TaskControllerTest      : No active profile set, falling back to 1 default profile: "default"
2026-10-10T14:48:13.214+05:30  INFO 6891 --- [taskflow] [main] o.s.b.t.m.w.SpringBootMockServletContext : Initializing Spring TestDispatcherServlet ''
2026-10-10T14:48:13.215+05:30  INFO 6891 --- [taskflow] [main] o.s.t.web.servlet.TestDispatcherServlet  : Initializing Servlet ''
2026-10-10T14:48:13.218+05:30  INFO 6891 --- [taskflow] [main] o.s.t.web.servlet.TestDispatcherServlet  : Completed initialization in 2 ms
2026-10-10T14:48:13.228+05:30  INFO 6891 --- [taskflow] [main] c.e.t.controller.TaskControllerTest      : Started TaskControllerTest in 0.262 seconds (process running for 8.557)
2026-10-10T14:48:13.306+05:30  WARN 6891 --- [taskflow] [main] .w.s.m.s.DefaultHandlerExceptionResolver : Resolved [org.springframework.web.bind.MethodArgumentNotValidException: Validation failed for argument [0] in public org.springframework.http.ResponseEntity<com.example.taskflow.model.Task> com.example.taskflow.controller.TaskController.createTask(com.example.taskflow.dto.request.CreateTaskRequest): [Field error in object 'createTaskRequest' on field 'title': rejected value []; codes [NotBlank.createTaskRequest.title,NotBlank.title,NotBlank.java.lang.String,NotBlank]; arguments [org.springframework.context.support.DefaultMessageSourceResolvable: codes [createTaskRequest.title,title]; arguments []; default message [title]]; default message [Title is required]] ]
2026-10-10T14:48:13.314+05:30  WARN 6891 --- [taskflow] [main] .w.s.m.s.DefaultHandlerExceptionResolver : Resolved [org.springframework.web.bind.MethodArgumentNotValidException: Validation failed for argument [0] in public org.springframework.http.ResponseEntity<com.example.taskflow.model.Task> com.example.taskflow.controller.TaskController.createTask(com.example.taskflow.dto.request.CreateTaskRequest): [Field error in object 'createTaskRequest' on field 'priority': rejected value [10]; codes [Max.createTaskRequest.priority,Max.priority,Max.java.lang.Integer,Max]; arguments [org.springframework.context.support.DefaultMessageSourceResolvable: codes [createTaskRequest.priority,priority]; arguments []; default message [priority],5]; default message [must be less than or equal to 5]] ]
2026-10-10T14:48:13.460+05:30 DEBUG 6891 --- [taskflow] [main] c.example.taskflow.services.TaskService  : Finding task with id: 1
2026-10-10T14:48:13.472+05:30  INFO 6891 --- [taskflow] [main] c.example.taskflow.services.TaskService  : Creating task with title: Learn Mockito
2026-10-10T14:48:13.472+05:30  INFO 6891 --- [taskflow] [main] c.example.taskflow.services.TaskService  : Task created successfully with id: 1
2026-10-10T14:48:13.474+05:30 DEBUG 6891 --- [taskflow] [main] c.example.taskflow.services.TaskService  : Finding task with id: 1
2026-10-10T14:48:13.479+05:30 DEBUG 6891 --- [taskflow] [main] c.example.taskflow.services.TaskService  : Finding task with id: 999
2026-10-10T14:48:13.479+05:30  WARN 6891 --- [taskflow] [main] c.example.taskflow.services.TaskService  : Task not found with id: 999
2026-10-10T14:48:13.497+05:30  INFO 6891 --- [taskflow] [SpringApplicationShutdownHook] j.LocalContainerEntityManagerFactoryBean : Closing JPA EntityManagerFactory for persistence unit 'default'
2026-10-10T14:48:13.509+05:30  INFO 6891 --- [taskflow] [SpringApplicationShutdownHook] j.LocalContainerEntityManagerFactoryBean : Closing JPA EntityManagerFactory for persistence unit 'default'
2026-10-10T14:48:13.511+05:30  INFO 6891 --- [taskflow] [SpringApplicationShutdownHook] com.zaxxer.hikari.HikariDataSource       : HikariPool-1 - Shutdown initiated...
2026-10-10T14:48:13.514+05:30  INFO 6891 --- [taskflow] [SpringApplicationShutdownHook] com.zaxxer.hikari.HikariDataSource       : HikariPool-1 - Shutdown completed.
2026-10-10T14:48:13.517+05:30  INFO 6891 --- [taskflow] [SpringApplicationShutdownHook] j.LocalContainerEntityManagerFactoryBean : Closing JPA EntityManagerFactory for persistence unit 'default'
2026-10-10T14:48:13.518+05:30  INFO 6891 --- [taskflow] [SpringApplicationShutdownHook] com.zaxxer.hikari.HikariDataSource       : HikariPool-2 - Shutdown initiated...
2026-10-10T14:48:13.765+05:30  INFO 6891 --- [taskflow] [SpringApplicationShutdownHook] com.zaxxer.hikari.HikariDataSource       : HikariPool-2 - Shutdown completed.
2026-10-10T14:48:13.767+05:30  INFO 6891 --- [taskflow] [SpringApplicationShutdownHook] j.LocalContainerEntityManagerFactoryBean : Closing JPA EntityManagerFactory for persistence unit 'default'
2026-10-10T14:48:13.768+05:30  INFO 6891 --- [taskflow] [SpringApplicationShutdownHook] com.zaxxer.hikari.HikariDataSource       : HikariPool-3 - Shutdown initiated...
2026-10-10T14:48:13.768+05:30  INFO 6891 --- [taskflow] [SpringApplicationShutdownHook] com.zaxxer.hikari.HikariDataSource       : HikariPool-3 - Shutdown completed.
2026-10-10T14:54:58.504+05:30  INFO 6737 --- [taskflow] [SpringApplicationShutdownHook] o.s.boot.tomcat.GracefulShutdown         : Commencing graceful shutdown. Waiting for active requests to complete
2026-10-10T14:54:58.508+05:30  INFO 6737 --- [taskflow] [tomcat-shutdown] o.s.boot.tomcat.GracefulShutdown         : Graceful shutdown complete
2026-10-10T14:54:58.510+05:30  INFO 6737 --- [taskflow] [SpringApplicationShutdownHook] j.LocalContainerEntityManagerFactoryBean : Closing JPA EntityManagerFactory for persistence unit 'default'
2026-10-10T14:54:58.512+05:30  INFO 6737 --- [taskflow] [SpringApplicationShutdownHook] com.zaxxer.hikari.HikariDataSource       : HikariPool-2 - Shutdown initiated...
2026-10-10T14:54:58.513+05:30  INFO 6737 --- [taskflow] [SpringApplicationShutdownHook] com.zaxxer.hikari.HikariDataSource       : HikariPool-2 - Shutdown completed.
2026-10-10T16:25:50.694+05:30  INFO 8063 --- [taskflow] [main] c.e.t.repository.TaskRepositoryTest      : Starting TaskRepositoryTest using Java 22.0.2 with PID 8063 (started by janidubomal in /Users/janidubomal/Downloads/taskflow)
2026-10-10T16:25:50.695+05:30 DEBUG 8063 --- [taskflow] [main] c.e.t.repository.TaskRepositoryTest      : Running with Spring Boot v4.1.1, Spring v7.0.9
2026-10-10T16:25:50.696+05:30  INFO 8063 --- [taskflow] [main] c.e.t.repository.TaskRepositoryTest      : No active profile set, falling back to 1 default profile: "default"
2026-10-10T16:25:50.842+05:30  INFO 8063 --- [taskflow] [main] .s.d.r.c.RepositoryConfigurationDelegate : Bootstrapping Spring Data JPA repositories in DEFAULT mode.
2026-10-10T16:25:50.864+05:30  INFO 8063 --- [taskflow] [main] .s.d.r.c.RepositoryConfigurationDelegate : Finished Spring Data repository scanning in 18 ms. Found 1 JPA repository interface.
2026-10-10T16:25:50.890+05:30  INFO 8063 --- [taskflow] [main] beddedDataSourceBeanFactoryPostProcessor : Replacing 'dataSource' DataSource bean with embedded version
2026-10-10T16:25:50.926+05:30  INFO 8063 --- [taskflow] [main] o.s.j.d.e.EmbeddedDatabaseFactory        : Starting embedded database: url='jdbc:h2:mem:31a25b9a-afc1-487e-96b5-286c5e76e2a7;DB_CLOSE_DELAY=-1;DB_CLOSE_ON_EXIT=false', username='sa'
2026-10-10T16:25:51.053+05:30  INFO 8063 --- [taskflow] [main] org.hibernate.orm.jpa                    : HHH008540: Processing PersistenceUnitInfo [name: default]
2026-10-10T16:25:51.085+05:30  INFO 8063 --- [taskflow] [main] org.hibernate.orm.core                   : HHH000001: Hibernate ORM core version 7.4.5.Final
2026-10-10T16:25:51.267+05:30  INFO 8063 --- [taskflow] [main] o.s.o.j.p.SpringPersistenceUnitInfo      : No LoadTimeWeaver setup: ignoring JPA class transformer
2026-10-10T16:25:51.302+05:30  INFO 8063 --- [taskflow] [main] org.hibernate.orm.connections.pooling    : HHH10001005: Database info:
	Database JDBC URL [jdbc:h2:mem:31a25b9a-afc1-487e-96b5-286c5e76e2a7]
	Database driver: H2 JDBC Driver
	Database dialect: H2Dialect
	Database version: 2.4.240
	Default catalog/schema: 31A25B9A-AFC1-487E-96B5-286C5E76E2A7/PUBLIC
	Autocommit mode: undefined/unknown
	Isolation level: READ_COMMITTED [default READ_COMMITTED]
	JDBC fetch size: 100
	Pool: DataSourceConnectionProvider
	Minimum pool size: undefined/unknown
	Maximum pool size: undefined/unknown
2026-10-10T16:25:51.638+05:30  INFO 8063 --- [taskflow] [main] org.hibernate.orm.core                   : HHH000489: No JTA platform available (set 'hibernate.transaction.jta.platform' to enable JTA platform integration)
2026-10-10T16:25:51.651+05:30  INFO 8063 --- [taskflow] [main] j.LocalContainerEntityManagerFactoryBean : Initialized JPA EntityManagerFactory for persistence unit 'default'
2026-10-10T16:25:51.694+05:30  INFO 8063 --- [taskflow] [main] o.s.d.j.r.query.QueryEnhancerFactories   : Hibernate is in classpath; If applicable, HQL parser will be used.
2026-10-10T16:25:51.769+05:30  INFO 8063 --- [taskflow] [main] c.e.t.repository.TaskRepositoryTest      : Started TaskRepositoryTest in 1.272 seconds (process running for 1.765)
2026-10-10T16:25:52.331+05:30  INFO 8063 --- [taskflow] [main] org.testcontainers.images.PullPolicy     : Image pull policy will be performed by: DefaultPullPolicy()
2026-10-10T16:25:52.332+05:30  INFO 8063 --- [taskflow] [main] o.t.utility.ImageNameSubstitutor         : Image name substitution will be performed by: DefaultImageNameSubstitutor (composite of 'ConfigurationFileImageNameSubstitutor' and 'PrefixingImageNameSubstitutor')
2026-10-10T16:25:52.336+05:30  INFO 8063 --- [taskflow] [main] org.testcontainers.DockerClientFactory   : Testcontainers version: 2.0.5
2026-10-10T16:25:52.445+05:30  INFO 8063 --- [taskflow] [main] o.t.d.DockerClientProviderStrategy       : Loaded org.testcontainers.dockerclient.UnixSocketClientProviderStrategy from ~/.testcontainers.properties, will try it first
2026-10-10T16:25:52.665+05:30  INFO 8063 --- [taskflow] [main] o.t.d.DockerClientProviderStrategy       : Found Docker environment with local Unix socket (unix:///var/run/docker.sock)
2026-10-10T16:25:52.666+05:30  INFO 8063 --- [taskflow] [main] org.testcontainers.DockerClientFactory   : Docker host IP address is localhost
2026-10-10T16:25:52.676+05:30  INFO 8063 --- [taskflow] [main] org.testcontainers.DockerClientFactory   : Connected to docker: 
  Server Version: 27.4.0
  API Version: 1.47
  Operating System: Docker Desktop
  Total Memory: 3919 MB
  Labels: 
    com.docker.desktop.address=unix:///Users/janidubomal/Library/Containers/com.docker.docker/Data/docker-cli.sock
2026-10-10T16:25:52.690+05:30  INFO 8063 --- [taskflow] [main] tc.testcontainers/ryuk:0.14.0            : Creating container for image: testcontainers/ryuk:0.14.0
2026-10-10T16:25:52.952+05:30  INFO 8063 --- [taskflow] [main] tc.testcontainers/ryuk:0.14.0            : Container testcontainers/ryuk:0.14.0 is starting: ab46ec8dec6eb21cbe5124a073e72c02c9aa44b8fbb198d3eedcdb54532a1130
2026-10-10T16:25:53.252+05:30  INFO 8063 --- [taskflow] [main] tc.testcontainers/ryuk:0.14.0            : Container testcontainers/ryuk:0.14.0 started in PT0.561479S
2026-10-10T16:25:53.257+05:30  INFO 8063 --- [taskflow] [main] o.t.utility.RyukResourceReaper           : Ryuk started - will monitor and terminate Testcontainers containers on JVM exit
2026-10-10T16:25:53.258+05:30  INFO 8063 --- [taskflow] [main] org.testcontainers.DockerClientFactory   : Checking the system...
2026-10-10T16:25:53.258+05:30  INFO 8063 --- [taskflow] [main] org.testcontainers.DockerClientFactory   : ✔︎ Docker server version should be at least 1.6.0
2026-10-10T16:25:53.258+05:30  INFO 8063 --- [taskflow] [main] tc.postgres:16-alpine                    : Creating container for image: postgres:16-alpine
2026-10-10T16:25:53.289+05:30  INFO 8063 --- [taskflow] [main] tc.postgres:16-alpine                    : Container postgres:16-alpine is starting: 09b3c59dc337df45154d899727546355de74d3b984fdca04cb2dbb8d4ad81c81
2026-10-10T16:25:54.285+05:30  INFO 8063 --- [taskflow] [main] tc.postgres:16-alpine                    : Container postgres:16-alpine started in PT1.027299S
2026-10-10T16:25:54.287+05:30  INFO 8063 --- [taskflow] [main] tc.postgres:16-alpine                    : Container is started (JDBC URL: jdbc:postgresql://localhost:51586/test?loggerLevel=OFF)
2026-10-10T16:25:54.301+05:30  INFO 8063 --- [taskflow] [main] t.c.s.AnnotationConfigContextLoaderUtils : Could not detect default configuration classes for test class [com.example.taskflow.integration.TaskRepositoryPostgresIntegrationTest]: TaskRepositoryPostgresIntegrationTest does not declare any static, non-private, non-final, nested classes annotated with @Configuration.
2026-10-10T16:25:54.318+05:30  INFO 8063 --- [taskflow] [main] .b.t.c.SpringBootTestContextBootstrapper : Found @SpringBootConfiguration com.example.taskflow.TaskflowApplication for test class com.example.taskflow.integration.TaskRepositoryPostgresIntegrationTest
2026-10-10T16:25:54.321+05:30  INFO 8063 --- [taskflow] [main] t.c.s.AnnotationConfigContextLoaderUtils : Could not detect default configuration classes for test class [com.example.taskflow.integration.TaskRepositoryPostgresIntegrationTest]: TaskRepositoryPostgresIntegrationTest does not declare any static, non-private, non-final, nested classes annotated with @Configuration.
2026-10-10T16:25:54.323+05:30  INFO 8063 --- [taskflow] [main] .b.t.c.SpringBootTestContextBootstrapper : Found @SpringBootConfiguration com.example.taskflow.TaskflowApplication for test class com.example.taskflow.integration.TaskRepositoryPostgresIntegrationTest
2026-10-10T16:25:54.335+05:30  INFO 8063 --- [taskflow] [main] o.s.b.d.r.RestartApplicationListener     : Restart disabled due to context in which it is running
2026-10-10T16:25:54.363+05:30  INFO 8063 --- [taskflow] [main] .i.TaskRepositoryPostgresIntegrationTest : Starting TaskRepositoryPostgresIntegrationTest using Java 22.0.2 with PID 8063 (started by janidubomal in /Users/janidubomal/Downloads/taskflow)
2026-10-10T16:25:54.364+05:30 DEBUG 8063 --- [taskflow] [main] .i.TaskRepositoryPostgresIntegrationTest : Running with Spring Boot v4.1.1, Spring v7.0.9
2026-10-10T16:25:54.364+05:30  INFO 8063 --- [taskflow] [main] .i.TaskRepositoryPostgresIntegrationTest : No active profile set, falling back to 1 default profile: "default"
2026-10-10T16:25:54.562+05:30  INFO 8063 --- [taskflow] [main] .s.d.r.c.RepositoryConfigurationDelegate : Bootstrapping Spring Data JPA repositories in DEFAULT mode.
2026-10-10T16:25:54.567+05:30  INFO 8063 --- [taskflow] [main] .s.d.r.c.RepositoryConfigurationDelegate : Finished Spring Data repository scanning in 3 ms. Found 1 JPA repository interface.
2026-10-10T16:25:54.854+05:30  INFO 8063 --- [taskflow] [main] org.flywaydb.core.FlywayExecutor         : Database: jdbc:postgresql://localhost:51586/test?loggerLevel=OFF (PostgreSQL 16.15)
2026-10-10T16:25:54.882+05:30  INFO 8063 --- [taskflow] [main] o.f.c.i.s.JdbcTableSchemaHistory         : Schema history table "public"."flyway_schema_history" does not exist yet
2026-10-10T16:25:54.883+05:30  INFO 8063 --- [taskflow] [main] o.f.core.internal.command.DbValidate     : Successfully validated 2 migrations (execution time 00:00.007s)
2026-10-10T16:25:54.894+05:30  INFO 8063 --- [taskflow] [main] o.f.c.i.s.JdbcTableSchemaHistory         : Creating Schema History table "public"."flyway_schema_history" ...
2026-10-10T16:25:54.941+05:30  INFO 8063 --- [taskflow] [main] o.f.core.internal.command.DbMigrate      : Current version of schema "public": << Empty Schema >>
2026-10-10T16:25:54.946+05:30  INFO 8063 --- [taskflow] [main] o.f.core.internal.command.DbMigrate      : Migrating schema "public" to version "1 - create tasks table"
2026-10-10T16:25:54.964+05:30  INFO 8063 --- [taskflow] [main] o.f.core.internal.command.DbMigrate      : Migrating schema "public" to version "2 - add priority to tasks"
2026-10-10T16:25:54.974+05:30  INFO 8063 --- [taskflow] [main] o.f.core.internal.command.DbMigrate      : Successfully applied 2 migrations to schema "public", now at version v2 (execution time 00:00.012s)
2026-10-10T16:25:54.986+05:30  INFO 8063 --- [taskflow] [main] org.hibernate.orm.jpa                    : HHH008540: Processing PersistenceUnitInfo [name: default]
2026-10-10T16:25:54.995+05:30  INFO 8063 --- [taskflow] [main] o.s.o.j.p.SpringPersistenceUnitInfo      : No LoadTimeWeaver setup: ignoring JPA class transformer
2026-10-10T16:25:54.995+05:30  INFO 8063 --- [taskflow] [main] com.zaxxer.hikari.HikariDataSource       : HikariPool-1 - Starting...
2026-10-10T16:25:55.010+05:30  INFO 8063 --- [taskflow] [main] com.zaxxer.hikari.pool.HikariPool        : HikariPool-1 - Added connection org.postgresql.jdbc.PgConnection@5f914d68
2026-10-10T16:25:55.010+05:30  INFO 8063 --- [taskflow] [main] com.zaxxer.hikari.HikariDataSource       : HikariPool-1 - Start completed.
2026-10-10T16:25:55.022+05:30  INFO 8063 --- [taskflow] [main] org.hibernate.orm.connections.pooling    : HHH10001005: Database info:
	Database JDBC URL [jdbc:postgresql://localhost:51586/test?loggerLevel=OFF]
	Database driver: PostgreSQL JDBC Driver
	Database dialect: PostgreSQLDialect
	Database version: 16.15
	Default catalog/schema: test/public
	Autocommit mode: undefined/unknown
	Isolation level: READ_COMMITTED [default READ_COMMITTED]
	JDBC fetch size: none
	Pool: DataSourceConnectionProvider
	Minimum pool size: undefined/unknown
	Maximum pool size: undefined/unknown
2026-10-10T16:25:55.052+05:30  INFO 8063 --- [taskflow] [main] org.hibernate.orm.core                   : HHH000489: No JTA platform available (set 'hibernate.transaction.jta.platform' to enable JTA platform integration)
2026-10-10T16:25:55.076+05:30  INFO 8063 --- [taskflow] [main] j.LocalContainerEntityManagerFactoryBean : Initialized JPA EntityManagerFactory for persistence unit 'default'
2026-10-10T16:25:55.137+05:30  WARN 8063 --- [taskflow] [main] JpaBaseConfiguration$JpaWebConfiguration : spring.jpa.open-in-view is enabled by default. Therefore, database queries may be performed during view rendering. Explicitly configure spring.jpa.open-in-view to disable this warning
2026-10-10T16:25:55.322+05:30  INFO 8063 --- [taskflow] [main] o.s.b.a.e.web.EndpointLinksResolver      : Exposing 4 endpoints beneath base path '/actuator'
2026-10-10T16:25:55.347+05:30  INFO 8063 --- [taskflow] [main] .i.TaskRepositoryPostgresIntegrationTest : Started TaskRepositoryPostgresIntegrationTest in 1.012 seconds (process running for 5.343)
2026-10-10T16:25:55.609+05:30  INFO 8063 --- [taskflow] [main] tc.postgres:16-alpine                    : Creating container for image: postgres:16-alpine
2026-10-10T16:25:55.642+05:30  INFO 8063 --- [taskflow] [main] tc.postgres:16-alpine                    : Container postgres:16-alpine is starting: 3424b12dfa943300e6bbd901756a055963212183743af89f2b557fa5dcce773b
2026-10-10T16:25:56.510+05:30  INFO 8063 --- [taskflow] [main] tc.postgres:16-alpine                    : Container postgres:16-alpine started in PT0.900723S
2026-10-10T16:25:56.511+05:30  INFO 8063 --- [taskflow] [main] tc.postgres:16-alpine                    : Container is started (JDBC URL: jdbc:postgresql://localhost:51601/test?loggerLevel=OFF)
2026-10-10T16:25:56.525+05:30  INFO 8063 --- [taskflow] [main] t.c.s.AnnotationConfigContextLoaderUtils : Could not detect default configuration classes for test class [com.example.taskflow.integration.TaskApiIntegrationTest]: TaskApiIntegrationTest does not declare any static, non-private, non-final, nested classes annotated with @Configuration.
2026-10-10T16:25:56.541+05:30  INFO 8063 --- [taskflow] [main] .b.t.c.SpringBootTestContextBootstrapper : Found @SpringBootConfiguration com.example.taskflow.TaskflowApplication for test class com.example.taskflow.integration.TaskApiIntegrationTest
2026-10-10T16:25:56.542+05:30  INFO 8063 --- [taskflow] [main] t.c.s.AnnotationConfigContextLoaderUtils : Could not detect default configuration classes for test class [com.example.taskflow.integration.TaskApiIntegrationTest]: TaskApiIntegrationTest does not declare any static, non-private, non-final, nested classes annotated with @Configuration.
2026-10-10T16:25:56.545+05:30  INFO 8063 --- [taskflow] [main] .b.t.c.SpringBootTestContextBootstrapper : Found @SpringBootConfiguration com.example.taskflow.TaskflowApplication for test class com.example.taskflow.integration.TaskApiIntegrationTest
2026-10-10T16:25:56.550+05:30  INFO 8063 --- [taskflow] [main] o.s.b.d.r.RestartApplicationListener     : Restart disabled due to context in which it is running
2026-10-10T16:25:56.568+05:30  INFO 8063 --- [taskflow] [main] c.e.t.i.TaskApiIntegrationTest           : Starting TaskApiIntegrationTest using Java 22.0.2 with PID 8063 (started by janidubomal in /Users/janidubomal/Downloads/taskflow)
2026-10-10T16:25:56.568+05:30 DEBUG 8063 --- [taskflow] [main] c.e.t.i.TaskApiIntegrationTest           : Running with Spring Boot v4.1.1, Spring v7.0.9
2026-10-10T16:25:56.568+05:30  INFO 8063 --- [taskflow] [main] c.e.t.i.TaskApiIntegrationTest           : No active profile set, falling back to 1 default profile: "default"
2026-10-10T16:25:56.652+05:30  INFO 8063 --- [taskflow] [main] .s.d.r.c.RepositoryConfigurationDelegate : Bootstrapping Spring Data JPA repositories in DEFAULT mode.
2026-10-10T16:25:56.655+05:30  INFO 8063 --- [taskflow] [main] .s.d.r.c.RepositoryConfigurationDelegate : Finished Spring Data repository scanning in 2 ms. Found 1 JPA repository interface.
2026-10-10T16:25:56.737+05:30  INFO 8063 --- [taskflow] [main] org.flywaydb.core.FlywayExecutor         : Database: jdbc:postgresql://localhost:51601/test?loggerLevel=OFF (PostgreSQL 16.15)
2026-10-10T16:25:56.745+05:30  INFO 8063 --- [taskflow] [main] o.f.c.i.s.JdbcTableSchemaHistory         : Schema history table "public"."flyway_schema_history" does not exist yet
2026-10-10T16:25:56.745+05:30  INFO 8063 --- [taskflow] [main] o.f.core.internal.command.DbValidate     : Successfully validated 2 migrations (execution time 00:00.002s)
2026-10-10T16:25:56.750+05:30  INFO 8063 --- [taskflow] [main] o.f.c.i.s.JdbcTableSchemaHistory         : Creating Schema History table "public"."flyway_schema_history" ...
2026-10-10T16:25:56.763+05:30  INFO 8063 --- [taskflow] [main] o.f.core.internal.command.DbMigrate      : Current version of schema "public": << Empty Schema >>
2026-10-10T16:25:56.765+05:30  INFO 8063 --- [taskflow] [main] o.f.core.internal.command.DbMigrate      : Migrating schema "public" to version "1 - create tasks table"
2026-10-10T16:25:56.773+05:30  INFO 8063 --- [taskflow] [main] o.f.core.internal.command.DbMigrate      : Migrating schema "public" to version "2 - add priority to tasks"
2026-10-10T16:25:56.778+05:30  INFO 8063 --- [taskflow] [main] o.f.core.internal.command.DbMigrate      : Successfully applied 2 migrations to schema "public", now at version v2 (execution time 00:00.004s)
2026-10-10T16:25:56.785+05:30  INFO 8063 --- [taskflow] [main] org.hibernate.orm.jpa                    : HHH008540: Processing PersistenceUnitInfo [name: default]
2026-10-10T16:25:56.793+05:30  INFO 8063 --- [taskflow] [main] o.s.o.j.p.SpringPersistenceUnitInfo      : No LoadTimeWeaver setup: ignoring JPA class transformer
2026-10-10T16:25:56.794+05:30  INFO 8063 --- [taskflow] [main] com.zaxxer.hikari.HikariDataSource       : HikariPool-2 - Starting...
2026-10-10T16:25:56.798+05:30  INFO 8063 --- [taskflow] [main] com.zaxxer.hikari.pool.HikariPool        : HikariPool-2 - Added connection org.postgresql.jdbc.PgConnection@71dce61e
2026-10-10T16:25:56.798+05:30  INFO 8063 --- [taskflow] [main] com.zaxxer.hikari.HikariDataSource       : HikariPool-2 - Start completed.
2026-10-10T16:25:56.802+05:30  INFO 8063 --- [taskflow] [main] org.hibernate.orm.connections.pooling    : HHH10001005: Database info:
	Database JDBC URL [jdbc:postgresql://localhost:51601/test?loggerLevel=OFF]
	Database driver: PostgreSQL JDBC Driver
	Database dialect: PostgreSQLDialect
	Database version: 16.15
	Default catalog/schema: test/public
	Autocommit mode: undefined/unknown
	Isolation level: READ_COMMITTED [default READ_COMMITTED]
	JDBC fetch size: none
	Pool: DataSourceConnectionProvider
	Minimum pool size: undefined/unknown
	Maximum pool size: undefined/unknown
2026-10-10T16:25:56.817+05:30  INFO 8063 --- [taskflow] [main] org.hibernate.orm.core                   : HHH000489: No JTA platform available (set 'hibernate.transaction.jta.platform' to enable JTA platform integration)
2026-10-10T16:25:56.826+05:30  INFO 8063 --- [taskflow] [main] j.LocalContainerEntityManagerFactoryBean : Initialized JPA EntityManagerFactory for persistence unit 'default'
2026-10-10T16:25:56.842+05:30  WARN 8063 --- [taskflow] [main] JpaBaseConfiguration$JpaWebConfiguration : spring.jpa.open-in-view is enabled by default. Therefore, database queries may be performed during view rendering. Explicitly configure spring.jpa.open-in-view to disable this warning
2026-10-10T16:25:56.900+05:30  INFO 8063 --- [taskflow] [main] o.s.b.t.m.w.SpringBootMockServletContext : Initializing Spring TestDispatcherServlet ''
2026-10-10T16:25:56.900+05:30  INFO 8063 --- [taskflow] [main] o.s.t.web.servlet.TestDispatcherServlet  : Initializing Servlet ''
2026-10-10T16:25:56.901+05:30  INFO 8063 --- [taskflow] [main] o.s.b.a.e.web.EndpointLinksResolver      : Exposing 4 endpoints beneath base path '/actuator'
2026-10-10T16:25:56.904+05:30  INFO 8063 --- [taskflow] [main] o.s.t.web.servlet.TestDispatcherServlet  : Completed initialization in 4 ms
2026-10-10T16:25:56.912+05:30  INFO 8063 --- [taskflow] [main] c.e.t.i.TaskApiIntegrationTest           : Started TaskApiIntegrationTest in 0.362 seconds (process running for 6.908)
2026-10-10T16:25:56.964+05:30  INFO 8063 --- [taskflow] [main] c.example.taskflow.services.TaskService  : Creating task with title: Learn Spring Boot
2026-10-10T16:25:56.967+05:30  INFO 8063 --- [taskflow] [main] c.example.taskflow.services.TaskService  : Task created successfully with id: 1
2026-10-10T16:25:56.978+05:30  INFO 8063 --- [taskflow] [main] c.example.taskflow.services.TaskService  : Creating task with title: Learn Docker
2026-10-10T16:25:56.981+05:30  INFO 8063 --- [taskflow] [main] c.example.taskflow.services.TaskService  : Task created successfully with id: 2
2026-10-10T16:25:57.008+05:30 DEBUG 8063 --- [taskflow] [main] c.example.taskflow.services.TaskService  : Finding task with id: 999
2026-10-10T16:25:57.010+05:30  WARN 8063 --- [taskflow] [main] c.example.taskflow.services.TaskService  : Task not found with id: 999
2026-10-10T16:25:57.019+05:30  INFO 8063 --- [taskflow] [main] c.example.taskflow.services.TaskService  : Creating task with title: Learn Testcontainers
2026-10-10T16:25:57.021+05:30  INFO 8063 --- [taskflow] [main] c.example.taskflow.services.TaskService  : Task created successfully with id: 3
2026-10-10T16:25:57.035+05:30  WARN 8063 --- [taskflow] [main] .w.s.m.s.DefaultHandlerExceptionResolver : Resolved [org.springframework.web.bind.MethodArgumentNotValidException: Validation failed for argument [0] in public org.springframework.http.ResponseEntity<com.example.taskflow.model.Task> com.example.taskflow.controller.TaskController.createTask(com.example.taskflow.dto.request.CreateTaskRequest) with 2 errors: [Field error in object 'createTaskRequest' on field 'priority': rejected value [10]; codes [Max.createTaskRequest.priority,Max.priority,Max.java.lang.Integer,Max]; arguments [org.springframework.context.support.DefaultMessageSourceResolvable: codes [createTaskRequest.priority,priority]; arguments []; default message [priority],5]; default message [must be less than or equal to 5]] [Field error in object 'createTaskRequest' on field 'title': rejected value []; codes [NotBlank.createTaskRequest.title,NotBlank.title,NotBlank.java.lang.String,NotBlank]; arguments [org.springframework.context.support.DefaultMessageSourceResolvable: codes [createTaskRequest.title,title]; arguments []; default message [title]]; default message [Title is required]] ]
2026-10-10T16:25:57.043+05:30  INFO 8063 --- [taskflow] [main] c.example.taskflow.services.TaskService  : Creating task with title: Learn Integration Testing
2026-10-10T16:25:57.045+05:30  INFO 8063 --- [taskflow] [main] c.example.taskflow.services.TaskService  : Task created successfully with id: 4
2026-10-10T16:25:57.053+05:30  INFO 8063 --- [taskflow] [main] c.example.taskflow.services.TaskService  : Creating task with title: Delete this task
2026-10-10T16:25:57.054+05:30  INFO 8063 --- [taskflow] [main] c.example.taskflow.services.TaskService  : Task created successfully with id: 5
2026-10-10T16:25:57.071+05:30  INFO 8063 --- [taskflow] [main] c.example.taskflow.services.TaskService  : Creating task with title: Finish Spring Testing
2026-10-10T16:25:57.072+05:30  INFO 8063 --- [taskflow] [main] c.example.taskflow.services.TaskService  : Task created successfully with id: 6
2026-10-10T16:25:57.075+05:30 DEBUG 8063 --- [taskflow] [main] c.example.taskflow.services.TaskService  : Finding task with id: 6
2026-10-10T16:25:57.238+05:30  INFO 8063 --- [taskflow] [main] t.c.s.AnnotationConfigContextLoaderUtils : Could not detect default configuration classes for test class [com.example.taskflow.TaskflowApplicationTests]: TaskflowApplicationTests does not declare any static, non-private, non-final, nested classes annotated with @Configuration.
2026-10-10T16:25:57.241+05:30  INFO 8063 --- [taskflow] [main] .b.t.c.SpringBootTestContextBootstrapper : Found @SpringBootConfiguration com.example.taskflow.TaskflowApplication for test class com.example.taskflow.TaskflowApplicationTests
2026-10-10T16:25:57.242+05:30  INFO 8063 --- [taskflow] [main] t.c.s.AnnotationConfigContextLoaderUtils : Could not detect default configuration classes for test class [com.example.taskflow.TaskflowApplicationTests]: TaskflowApplicationTests does not declare any static, non-private, non-final, nested classes annotated with @Configuration.
2026-10-10T16:25:57.245+05:30  INFO 8063 --- [taskflow] [main] .b.t.c.SpringBootTestContextBootstrapper : Found @SpringBootConfiguration com.example.taskflow.TaskflowApplication for test class com.example.taskflow.TaskflowApplicationTests
2026-10-10T16:25:57.247+05:30  INFO 8063 --- [taskflow] [main] o.s.b.d.r.RestartApplicationListener     : Restart disabled due to context in which it is running
2026-10-10T16:25:57.256+05:30  INFO 8063 --- [taskflow] [main] c.e.taskflow.TaskflowApplicationTests    : Starting TaskflowApplicationTests using Java 22.0.2 with PID 8063 (started by janidubomal in /Users/janidubomal/Downloads/taskflow)
2026-10-10T16:25:57.256+05:30 DEBUG 8063 --- [taskflow] [main] c.e.taskflow.TaskflowApplicationTests    : Running with Spring Boot v4.1.1, Spring v7.0.9
2026-10-10T16:25:57.256+05:30  INFO 8063 --- [taskflow] [main] c.e.taskflow.TaskflowApplicationTests    : No active profile set, falling back to 1 default profile: "default"
2026-10-10T16:25:57.326+05:30  INFO 8063 --- [taskflow] [main] .s.d.r.c.RepositoryConfigurationDelegate : Bootstrapping Spring Data JPA repositories in DEFAULT mode.
2026-10-10T16:25:57.328+05:30  INFO 8063 --- [taskflow] [main] .s.d.r.c.RepositoryConfigurationDelegate : Finished Spring Data repository scanning in 2 ms. Found 1 JPA repository interface.
2026-10-10T16:25:57.379+05:30  INFO 8063 --- [taskflow] [main] com.zaxxer.hikari.HikariDataSource       : HikariPool-3 - Starting...
2026-10-10T16:25:58.411+05:30  WARN 8063 --- [taskflow] [main] o.s.w.c.s.GenericWebApplicationContext   : Exception encountered during context initialization - cancelling refresh attempt: org.springframework.beans.factory.BeanCreationException: Error creating bean with name 'entityManagerFactory' defined in class path resource [org/springframework/boot/hibernate/autoconfigure/HibernateJpaConfiguration.class]: Failed to initialize dependency 'flywayInitializer' of LoadTimeWeaverAware bean 'entityManagerFactory': Error creating bean with name 'flywayInitializer' defined in class path resource [org/springframework/boot/flyway/autoconfigure/FlywayAutoConfiguration$FlywayConfiguration.class]: Unable to obtain connection from database: FATAL: password authentication failed for user "janidubomal"
-------------------------------------------------------------------------------------------------------
SQL State  : 28P01
Error Code : 0
Message    : FATAL: password authentication failed for user "janidubomal"

2026-10-10T16:25:58.428+05:30  INFO 8063 --- [taskflow] [main] .s.b.a.l.ConditionEvaluationReportLogger : 

Error starting ApplicationContext. To display the condition evaluation report re-run your application with 'debug' enabled.
2026-10-10T16:25:58.440+05:30 ERROR 8063 --- [taskflow] [main] o.s.boot.SpringApplication               : Application run failed

org.springframework.beans.factory.BeanCreationException: Error creating bean with name 'entityManagerFactory' defined in class path resource [org/springframework/boot/hibernate/autoconfigure/HibernateJpaConfiguration.class]: Failed to initialize dependency 'flywayInitializer' of LoadTimeWeaverAware bean 'entityManagerFactory': Error creating bean with name 'flywayInitializer' defined in class path resource [org/springframework/boot/flyway/autoconfigure/FlywayAutoConfiguration$FlywayConfiguration.class]: Unable to obtain connection from database: FATAL: password authentication failed for user "janidubomal"
-------------------------------------------------------------------------------------------------------
SQL State  : 28P01
Error Code : 0
Message    : FATAL: password authentication failed for user "janidubomal"

	at org.springframework.beans.factory.support.AbstractBeanFactory.doGetBean(AbstractBeanFactory.java:322) ~[spring-beans-7.0.9.jar:7.0.9]
	at org.springframework.beans.factory.support.AbstractBeanFactory.getBean(AbstractBeanFactory.java:201) ~[spring-beans-7.0.9.jar:7.0.9]
	at org.springframework.context.support.AbstractApplicationContext.finishBeanFactoryInitialization(AbstractApplicationContext.java:977) ~[spring-context-7.0.9.jar:7.0.9]
	at org.springframework.context.support.AbstractApplicationContext.refresh(AbstractApplicationContext.java:621) ~[spring-context-7.0.9.jar:7.0.9]
	at org.springframework.boot.SpringApplication.refresh(SpringApplication.java:756) ~[spring-boot-4.1.1.jar:4.1.1]
	at org.springframework.boot.SpringApplication.refreshContext(SpringApplication.java:445) ~[spring-boot-4.1.1.jar:4.1.1]
	at org.springframework.boot.SpringApplication.run(SpringApplication.java:321) ~[spring-boot-4.1.1.jar:4.1.1]
	at org.springframework.boot.test.context.SpringBootContextLoader.lambda$loadContext$2(SpringBootContextLoader.java:155) ~[spring-boot-test-4.1.1.jar:4.1.1]
	at org.springframework.util.function.ThrowingSupplier.get(ThrowingSupplier.java:58) ~[spring-core-7.0.9.jar:7.0.9]
	at org.springframework.util.function.ThrowingSupplier.get(ThrowingSupplier.java:46) ~[spring-core-7.0.9.jar:7.0.9]
	at org.springframework.boot.SpringApplication.withHook(SpringApplication.java:1465) ~[spring-boot-4.1.1.jar:4.1.1]
	at org.springframework.boot.test.context.SpringBootContextLoader$ContextLoaderHook.run(SpringBootContextLoader.java:600) ~[spring-boot-test-4.1.1.jar:4.1.1]
	at org.springframework.boot.test.context.SpringBootContextLoader.loadContext(SpringBootContextLoader.java:155) ~[spring-boot-test-4.1.1.jar:4.1.1]
	at org.springframework.boot.test.context.SpringBootContextLoader.loadContext(SpringBootContextLoader.java:114) ~[spring-boot-test-4.1.1.jar:4.1.1]
	at org.springframework.test.context.cache.DefaultCacheAwareContextLoaderDelegate.loadContextInternal(DefaultCacheAwareContextLoaderDelegate.java:247) ~[spring-test-7.0.9.jar:7.0.9]
	at org.springframework.test.context.cache.DefaultCacheAwareContextLoaderDelegate.lambda$loadContext$0(DefaultCacheAwareContextLoaderDelegate.java:167) ~[spring-test-7.0.9.jar:7.0.9]
	at org.springframework.test.context.cache.DefaultContextCache.put(DefaultContextCache.java:214) ~[spring-test-7.0.9.jar:7.0.9]
	at org.springframework.test.context.cache.DefaultCacheAwareContextLoaderDelegate.loadContext(DefaultCacheAwareContextLoaderDelegate.java:160) ~[spring-test-7.0.9.jar:7.0.9]
	at org.springframework.test.context.support.DefaultTestContext.getApplicationContext(DefaultTestContext.java:128) ~[spring-test-7.0.9.jar:7.0.9]
	at org.springframework.test.context.web.ServletTestExecutionListener.setUpRequestContextIfNecessary(ServletTestExecutionListener.java:200) ~[spring-test-7.0.9.jar:7.0.9]
	at org.springframework.test.context.web.ServletTestExecutionListener.prepareTestInstance(ServletTestExecutionListener.java:139) ~[spring-test-7.0.9.jar:7.0.9]
	at org.springframework.test.context.TestContextManager.prepareTestInstance(TestContextManager.java:260) ~[spring-test-7.0.9.jar:7.0.9]
	at org.springframework.test.context.junit.jupiter.SpringExtension.postProcessTestInstance(SpringExtension.java:242) ~[spring-test-7.0.9.jar:7.0.9]
	at org.junit.jupiter.engine.descriptor.ClassBasedTestDescriptor.lambda$invokeTestInstancePostProcessors$1(ClassBasedTestDescriptor.java:423) ~[junit-jupiter-engine-6.0.3.jar:6.0.3]
	at org.junit.jupiter.engine.descriptor.ClassBasedTestDescriptor.executeAndMaskThrowable(ClassBasedTestDescriptor.java:428) ~[junit-jupiter-engine-6.0.3.jar:6.0.3]
	at org.junit.jupiter.engine.descriptor.ClassBasedTestDescriptor.lambda$invokeTestInstancePostProcessors$0(ClassBasedTestDescriptor.java:422) ~[junit-jupiter-engine-6.0.3.jar:6.0.3]
	at java.base/java.util.stream.ForEachOps$ForEachOp$OfRef.accept(ForEachOps.java:184) ~[na:na]
	at java.base/java.util.stream.ReferencePipeline$3$1.accept(ReferencePipeline.java:212) ~[na:na]
	at java.base/java.util.stream.ReferencePipeline$2$1.accept(ReferencePipeline.java:194) ~[na:na]
	at java.base/java.util.stream.ReferencePipeline$3$1.accept(ReferencePipeline.java:212) ~[na:na]
	at java.base/java.util.ArrayList$ArrayListSpliterator.forEachRemaining(ArrayList.java:1709) ~[na:na]
	at java.base/java.util.stream.AbstractPipeline.copyInto(AbstractPipeline.java:556) ~[na:na]
	at java.base/java.util.stream.AbstractPipeline.wrapAndCopyInto(AbstractPipeline.java:546) ~[na:na]
	at java.base/java.util.stream.ForEachOps$ForEachOp.evaluateSequential(ForEachOps.java:151) ~[na:na]
	at java.base/java.util.stream.ForEachOps$ForEachOp$OfRef.evaluateSequential(ForEachOps.java:174) ~[na:na]
	at java.base/java.util.stream.AbstractPipeline.evaluate(AbstractPipeline.java:265) ~[na:na]
	at java.base/java.util.stream.ReferencePipeline.forEach(ReferencePipeline.java:611) ~[na:na]
	at org.junit.jupiter.engine.descriptor.ClassBasedTestDescriptor.invokeTestInstancePostProcessors(ClassBasedTestDescriptor.java:422) ~[junit-jupiter-engine-6.0.3.jar:6.0.3]
	at org.junit.jupiter.engine.descriptor.ClassBasedTestDescriptor.lambda$instantiateAndPostProcessTestInstance$0(ClassBasedTestDescriptor.java:334) ~[junit-jupiter-engine-6.0.3.jar:6.0.3]
	at org.junit.platform.engine.support.hierarchical.ThrowableCollector.execute(ThrowableCollector.java:74) ~[junit-platform-engine-6.0.3.jar:6.0.3]
	at org.junit.jupiter.engine.descriptor.ClassBasedTestDescriptor.instantiateAndPostProcessTestInstance(ClassBasedTestDescriptor.java:333) ~[junit-jupiter-engine-6.0.3.jar:6.0.3]
	at org.junit.jupiter.engine.descriptor.ClassBasedTestDescriptor.lambda$testInstancesProvider$1(ClassBasedTestDescriptor.java:322) ~[junit-jupiter-engine-6.0.3.jar:6.0.3]
	at java.base/java.util.Optional.orElseGet(Optional.java:364) ~[na:na]
	at org.junit.jupiter.engine.descriptor.ClassBasedTestDescriptor.lambda$testInstancesProvider$0(ClassBasedTestDescriptor.java:321) ~[junit-jupiter-engine-6.0.3.jar:6.0.3]
	at org.junit.jupiter.engine.execution.TestInstancesProvider.getTestInstances(TestInstancesProvider.java:27) ~[junit-jupiter-engine-6.0.3.jar:6.0.3]
	at org.junit.jupiter.engine.descriptor.TestMethodTestDescriptor.lambda$prepare$0(TestMethodTestDescriptor.java:127) ~[junit-jupiter-engine-6.0.3.jar:6.0.3]
	at org.junit.platform.engine.support.hierarchical.ThrowableCollector.execute(ThrowableCollector.java:74) ~[junit-platform-engine-6.0.3.jar:6.0.3]
	at org.junit.jupiter.engine.descriptor.TestMethodTestDescriptor.prepare(TestMethodTestDescriptor.java:126) ~[junit-jupiter-engine-6.0.3.jar:6.0.3]
	at org.junit.jupiter.engine.descriptor.TestMethodTestDescriptor.prepare(TestMethodTestDescriptor.java:70) ~[junit-jupiter-engine-6.0.3.jar:6.0.3]
	at org.junit.platform.engine.support.hierarchical.NodeTestTask.lambda$prepare$0(NodeTestTask.java:144) ~[junit-platform-engine-6.0.3.jar:6.0.3]
	at org.junit.platform.engine.support.hierarchical.ThrowableCollector.execute(ThrowableCollector.java:74) ~[junit-platform-engine-6.0.3.jar:6.0.3]
	at org.junit.platform.engine.support.hierarchical.NodeTestTask.prepare(NodeTestTask.java:144) ~[junit-platform-engine-6.0.3.jar:6.0.3]
	at org.junit.platform.engine.support.hierarchical.NodeTestTask.execute(NodeTestTask.java:110) ~[junit-platform-engine-6.0.3.jar:6.0.3]
	at java.base/java.util.ArrayList.forEach(ArrayList.java:1597) ~[na:na]
	at org.junit.platform.engine.support.hierarchical.SameThreadHierarchicalTestExecutorService.invokeAll(SameThreadHierarchicalTestExecutorService.java:42) ~[junit-platform-engine-6.0.3.jar:6.0.3]
	at org.junit.platform.engine.support.hierarchical.NodeTestTask.lambda$executeRecursively$2(NodeTestTask.java:180) ~[junit-platform-engine-6.0.3.jar:6.0.3]
	at org.junit.platform.engine.support.hierarchical.ThrowableCollector.execute(ThrowableCollector.java:74) ~[junit-platform-engine-6.0.3.jar:6.0.3]
	at org.junit.platform.engine.support.hierarchical.NodeTestTask.lambda$executeRecursively$1(NodeTestTask.java:166) ~[junit-platform-engine-6.0.3.jar:6.0.3]
	at org.junit.platform.engine.support.hierarchical.Node.around(Node.java:138) ~[junit-platform-engine-6.0.3.jar:6.0.3]
	at org.junit.platform.engine.support.hierarchical.NodeTestTask.lambda$executeRecursively$0(NodeTestTask.java:164) ~[junit-platform-engine-6.0.3.jar:6.0.3]
	at org.junit.platform.engine.support.hierarchical.ThrowableCollector.execute(ThrowableCollector.java:74) ~[junit-platform-engine-6.0.3.jar:6.0.3]
	at org.junit.platform.engine.support.hierarchical.NodeTestTask.executeRecursively(NodeTestTask.java:163) ~[junit-platform-engine-6.0.3.jar:6.0.3]
	at org.junit.platform.engine.support.hierarchical.NodeTestTask.execute(NodeTestTask.java:116) ~[junit-platform-engine-6.0.3.jar:6.0.3]
	at java.base/java.util.ArrayList.forEach(ArrayList.java:1597) ~[na:na]
	at org.junit.platform.engine.support.hierarchical.SameThreadHierarchicalTestExecutorService.invokeAll(SameThreadHierarchicalTestExecutorService.java:42) ~[junit-platform-engine-6.0.3.jar:6.0.3]
	at org.junit.platform.engine.support.hierarchical.NodeTestTask.lambda$executeRecursively$2(NodeTestTask.java:180) ~[junit-platform-engine-6.0.3.jar:6.0.3]
	at org.junit.platform.engine.support.hierarchical.ThrowableCollector.execute(ThrowableCollector.java:74) ~[junit-platform-engine-6.0.3.jar:6.0.3]
	at org.junit.platform.engine.support.hierarchical.NodeTestTask.lambda$executeRecursively$1(NodeTestTask.java:166) ~[junit-platform-engine-6.0.3.jar:6.0.3]
	at org.junit.platform.engine.support.hierarchical.Node.around(Node.java:138) ~[junit-platform-engine-6.0.3.jar:6.0.3]
	at org.junit.platform.engine.support.hierarchical.NodeTestTask.lambda$executeRecursively$0(NodeTestTask.java:164) ~[junit-platform-engine-6.0.3.jar:6.0.3]
	at org.junit.platform.engine.support.hierarchical.ThrowableCollector.execute(ThrowableCollector.java:74) ~[junit-platform-engine-6.0.3.jar:6.0.3]
	at org.junit.platform.engine.support.hierarchical.NodeTestTask.executeRecursively(NodeTestTask.java:163) ~[junit-platform-engine-6.0.3.jar:6.0.3]
	at org.junit.platform.engine.support.hierarchical.NodeTestTask.execute(NodeTestTask.java:116) ~[junit-platform-engine-6.0.3.jar:6.0.3]
	at org.junit.platform.engine.support.hierarchical.SameThreadHierarchicalTestExecutorService.submit(SameThreadHierarchicalTestExecutorService.java:36) ~[junit-platform-engine-6.0.3.jar:6.0.3]
	at org.junit.platform.engine.support.hierarchical.HierarchicalTestExecutor.execute(HierarchicalTestExecutor.java:52) ~[junit-platform-engine-6.0.3.jar:6.0.3]
	at org.junit.platform.engine.support.hierarchical.HierarchicalTestEngine.execute(HierarchicalTestEngine.java:58) ~[junit-platform-engine-6.0.3.jar:6.0.3]
	at org.junit.platform.launcher.core.EngineExecutionOrchestrator.executeEngine(EngineExecutionOrchestrator.java:246) ~[junit-platform-launcher-6.0.3.jar:6.0.3]
	at org.junit.platform.launcher.core.EngineExecutionOrchestrator.failOrExecuteEngine(EngineExecutionOrchestrator.java:218) ~[junit-platform-launcher-6.0.3.jar:6.0.3]
	at org.junit.platform.launcher.core.EngineExecutionOrchestrator.execute(EngineExecutionOrchestrator.java:179) ~[junit-platform-launcher-6.0.3.jar:6.0.3]
	at org.junit.platform.launcher.core.EngineExecutionOrchestrator.execute(EngineExecutionOrchestrator.java:108) ~[junit-platform-launcher-6.0.3.jar:6.0.3]
	at org.junit.platform.launcher.core.EngineExecutionOrchestrator.lambda$execute$0(EngineExecutionOrchestrator.java:66) ~[junit-platform-launcher-6.0.3.jar:6.0.3]
	at org.junit.platform.launcher.core.EngineExecutionOrchestrator.withInterceptedStreams(EngineExecutionOrchestrator.java:157) ~[junit-platform-launcher-6.0.3.jar:6.0.3]
	at org.junit.platform.launcher.core.EngineExecutionOrchestrator.execute(EngineExecutionOrchestrator.java:65) ~[junit-platform-launcher-6.0.3.jar:6.0.3]
	at org.junit.platform.launcher.core.DefaultLauncher.execute(DefaultLauncher.java:125) ~[junit-platform-launcher-6.0.3.jar:6.0.3]
	at org.junit.platform.launcher.core.DefaultLauncher.execute(DefaultLauncher.java:114) ~[junit-platform-launcher-6.0.3.jar:6.0.3]
	at org.junit.platform.launcher.core.DelegatingLauncher.execute(DelegatingLauncher.java:58) ~[junit-platform-launcher-6.0.3.jar:6.0.3]
	at org.junit.platform.launcher.core.InterceptingLauncher.lambda$execute$2(InterceptingLauncher.java:57) ~[junit-platform-launcher-6.0.3.jar:6.0.3]
	at org.junit.platform.launcher.core.ClasspathAlignmentCheckingLauncherInterceptor.intercept(ClasspathAlignmentCheckingLauncherInterceptor.java:25) ~[junit-platform-launcher-6.0.3.jar:6.0.3]
	at org.junit.platform.launcher.core.InterceptingLauncher.execute(InterceptingLauncher.java:56) ~[junit-platform-launcher-6.0.3.jar:6.0.3]
	at org.junit.platform.launcher.core.DelegatingLauncher.execute(DelegatingLauncher.java:58) ~[junit-platform-launcher-6.0.3.jar:6.0.3]
	at java.base/jdk.internal.reflect.DirectMethodHandleAccessor.invoke(DirectMethodHandleAccessor.java:103) ~[na:na]
	at java.base/java.lang.reflect.Method.invoke(Method.java:580) ~[na:na]
	at org.apache.maven.surefire.api.util.ReflectionUtils.invokeMethodWithArray(ReflectionUtils.java:125) ~[surefire-api-3.5.6.jar:3.5.6]
	at org.apache.maven.surefire.junitplatform.LauncherAdapter.executeWithCancellationToken(LauncherAdapter.java:68) ~[surefire-junit-platform-3.5.6.jar:3.5.6]
	at org.apache.maven.surefire.junitplatform.LauncherAdapter.execute(LauncherAdapter.java:54) ~[surefire-junit-platform-3.5.6.jar:3.5.6]
	at org.apache.maven.surefire.junitplatform.JUnitPlatformProvider.execute(JUnitPlatformProvider.java:203) ~[surefire-junit-platform-3.5.6.jar:3.5.6]
	at org.apache.maven.surefire.junitplatform.JUnitPlatformProvider.invokeAllTests(JUnitPlatformProvider.java:168) ~[surefire-junit-platform-3.5.6.jar:3.5.6]
	at org.apache.maven.surefire.junitplatform.JUnitPlatformProvider.invoke(JUnitPlatformProvider.java:136) ~[surefire-junit-platform-3.5.6.jar:3.5.6]
	at org.apache.maven.surefire.booter.ForkedBooter.runSuitesInProcess(ForkedBooter.java:385) ~[surefire-booter-3.5.6.jar:3.5.6]
	at org.apache.maven.surefire.booter.ForkedBooter.execute(ForkedBooter.java:162) ~[surefire-booter-3.5.6.jar:3.5.6]
	at org.apache.maven.surefire.booter.ForkedBooter.run(ForkedBooter.java:507) ~[surefire-booter-3.5.6.jar:3.5.6]
	at org.apache.maven.surefire.booter.ForkedBooter.main(ForkedBooter.java:495) ~[surefire-booter-3.5.6.jar:3.5.6]
Caused by: org.springframework.beans.factory.BeanCreationException: Error creating bean with name 'flywayInitializer' defined in class path resource [org/springframework/boot/flyway/autoconfigure/FlywayAutoConfiguration$FlywayConfiguration.class]: Unable to obtain connection from database: FATAL: password authentication failed for user "janidubomal"
-------------------------------------------------------------------------------------------------------
SQL State  : 28P01
Error Code : 0
Message    : FATAL: password authentication failed for user "janidubomal"

	at org.springframework.beans.factory.support.AbstractAutowireCapableBeanFactory.initializeBean(AbstractAutowireCapableBeanFactory.java:1815) ~[spring-beans-7.0.9.jar:7.0.9]
	at org.springframework.beans.factory.support.AbstractAutowireCapableBeanFactory.doCreateBean(AbstractAutowireCapableBeanFactory.java:603) ~[spring-beans-7.0.9.jar:7.0.9]
	at org.springframework.beans.factory.support.AbstractAutowireCapableBeanFactory.createBean(AbstractAutowireCapableBeanFactory.java:525) ~[spring-beans-7.0.9.jar:7.0.9]
	at org.springframework.beans.factory.support.AbstractBeanFactory.lambda$doGetBean$0(AbstractBeanFactory.java:333) ~[spring-beans-7.0.9.jar:7.0.9]
	at org.springframework.beans.factory.support.DefaultSingletonBeanRegistry.getSingleton(DefaultSingletonBeanRegistry.java:371) ~[spring-beans-7.0.9.jar:7.0.9]
	at org.springframework.beans.factory.support.AbstractBeanFactory.doGetBean(AbstractBeanFactory.java:331) ~[spring-beans-7.0.9.jar:7.0.9]
	at org.springframework.beans.factory.support.AbstractBeanFactory.getBean(AbstractBeanFactory.java:196) ~[spring-beans-7.0.9.jar:7.0.9]
	at org.springframework.beans.factory.support.AbstractBeanFactory.doGetBean(AbstractBeanFactory.java:309) ~[spring-beans-7.0.9.jar:7.0.9]
	... 101 common frames omitted
Caused by: org.flywaydb.core.internal.exception.sqlExceptions.FlywaySqlUnableToConnectToDbException: Unable to obtain connection from database: FATAL: password authentication failed for user "janidubomal"
-------------------------------------------------------------------------------------------------------
SQL State  : 28P01
Error Code : 0
Message    : FATAL: password authentication failed for user "janidubomal"

	at org.flywaydb.core.internal.jdbc.JdbcUtils.openConnection(JdbcUtils.java:78) ~[flyway-core-12.4.0.jar:na]
	at org.flywaydb.core.internal.jdbc.JdbcConnectionFactory.<init>(JdbcConnectionFactory.java:76) ~[flyway-core-12.4.0.jar:na]
	at org.flywaydb.core.FlywayExecutor.init(FlywayExecutor.java:275) ~[flyway-core-12.4.0.jar:na]
	at org.flywaydb.core.FlywayExecutor.execute(FlywayExecutor.java:120) ~[flyway-core-12.4.0.jar:na]
	at org.flywaydb.core.Flyway.migrate(Flyway.java:181) ~[flyway-core-12.4.0.jar:na]
	at org.springframework.boot.flyway.autoconfigure.FlywayMigrationInitializer.afterPropertiesSet(FlywayMigrationInitializer.java:67) ~[spring-boot-flyway-4.1.1.jar:4.1.1]
	at org.springframework.beans.factory.support.AbstractAutowireCapableBeanFactory.invokeInitMethods(AbstractAutowireCapableBeanFactory.java:1862) ~[spring-beans-7.0.9.jar:7.0.9]
	at org.springframework.beans.factory.support.AbstractAutowireCapableBeanFactory.initializeBean(AbstractAutowireCapableBeanFactory.java:1811) ~[spring-beans-7.0.9.jar:7.0.9]
	... 108 common frames omitted
Caused by: org.postgresql.util.PSQLException: FATAL: password authentication failed for user "janidubomal"
	at org.postgresql.core.v3.ConnectionFactoryImpl.doAuthentication(ConnectionFactoryImpl.java:837) ~[postgresql-42.7.13.jar:42.7.13]
	at org.postgresql.core.v3.ConnectionFactoryImpl.tryConnect(ConnectionFactoryImpl.java:309) ~[postgresql-42.7.13.jar:42.7.13]
	at org.postgresql.core.v3.ConnectionFactoryImpl.openConnectionImpl(ConnectionFactoryImpl.java:367) ~[postgresql-42.7.13.jar:42.7.13]
	at org.postgresql.core.ConnectionFactory.openConnection(ConnectionFactory.java:52) ~[postgresql-42.7.13.jar:42.7.13]
	at org.postgresql.jdbc.PgConnection.<init>(PgConnection.java:295) ~[postgresql-42.7.13.jar:42.7.13]
	at org.postgresql.Driver.makeConnection(Driver.java:437) ~[postgresql-42.7.13.jar:42.7.13]
	at org.postgresql.Driver.connect(Driver.java:305) ~[postgresql-42.7.13.jar:42.7.13]
	at com.zaxxer.hikari.util.DriverDataSource.getConnection(DriverDataSource.java:144) ~[HikariCP-7.0.2.jar:na]
	at com.zaxxer.hikari.pool.PoolBase.newConnection(PoolBase.java:373) ~[HikariCP-7.0.2.jar:na]
	at com.zaxxer.hikari.pool.PoolBase.newPoolEntry(PoolBase.java:210) ~[HikariCP-7.0.2.jar:na]
	at com.zaxxer.hikari.pool.HikariPool.createPoolEntry(HikariPool.java:488) ~[HikariCP-7.0.2.jar:na]
	at com.zaxxer.hikari.pool.HikariPool.checkFailFast(HikariPool.java:576) ~[HikariCP-7.0.2.jar:na]
	at com.zaxxer.hikari.pool.HikariPool.<init>(HikariPool.java:97) ~[HikariCP-7.0.2.jar:na]
	at com.zaxxer.hikari.HikariDataSource.getConnection(HikariDataSource.java:111) ~[HikariCP-7.0.2.jar:na]
	at org.flywaydb.core.internal.jdbc.JdbcUtils.openConnection(JdbcUtils.java:73) ~[flyway-core-12.4.0.jar:na]
	... 115 common frames omitted

2026-10-10T16:25:58.445+05:30  WARN 8063 --- [taskflow] [main] o.s.test.context.TestContextManager      : Caught exception while allowing TestExecutionListener [org.springframework.test.context.web.ServletTestExecutionListener] to prepare test instance [com.example.taskflow.TaskflowApplicationTests@412b3b9f]

java.lang.IllegalStateException: Failed to load ApplicationContext for [WebMergedContextConfiguration@6cbe5b2a testClass = com.example.taskflow.TaskflowApplicationTests, locations = [], classes = [com.example.taskflow.TaskflowApplication], contextInitializerClasses = [], activeProfiles = [], propertySourceDescriptors = [], propertySourceProperties = ["org.springframework.boot.test.context.SpringBootTestContextBootstrapper=true"], contextCustomizers = [org.springframework.boot.webmvc.test.autoconfigure.WebDriverContextCustomizer@54709809, org.springframework.boot.web.server.context.SpringBootTestRandomPortContextCustomizer@60cf80e7, org.springframework.boot.test.context.PropertyMappingContextCustomizer@0, org.springframework.boot.test.context.filter.ExcludeFilterContextCustomizer@54afd745, org.springframework.boot.test.json.DuplicateJsonObjectContextCustomizerFactory$DuplicateJsonObjectContextCustomizer@327120c8, org.springframework.boot.test.autoconfigure.OnFailureConditionReportContextCustomizerFactory$OnFailureConditionReportContextCustomizer@35038141, org.springframework.test.context.support.DynamicPropertiesContextCustomizer@0, org.springframework.boot.testcontainers.service.connection.ServiceConnectionContextCustomizer@0, org.springframework.boot.test.context.SpringBootTestAnnotation@364868a7], resourceBasePath = "src/main/webapp", contextLoader = org.springframework.boot.test.context.SpringBootContextLoader, parent = null]
	at org.springframework.test.context.cache.DefaultCacheAwareContextLoaderDelegate.lambda$loadContext$0(DefaultCacheAwareContextLoaderDelegate.java:195) ~[spring-test-7.0.9.jar:7.0.9]
	at org.springframework.test.context.cache.DefaultContextCache.put(DefaultContextCache.java:214) ~[spring-test-7.0.9.jar:7.0.9]
	at org.springframework.test.context.cache.DefaultCacheAwareContextLoaderDelegate.loadContext(DefaultCacheAwareContextLoaderDelegate.java:160) ~[spring-test-7.0.9.jar:7.0.9]
	at org.springframework.test.context.support.DefaultTestContext.getApplicationContext(DefaultTestContext.java:128) ~[spring-test-7.0.9.jar:7.0.9]
	at org.springframework.test.context.web.ServletTestExecutionListener.setUpRequestContextIfNecessary(ServletTestExecutionListener.java:200) ~[spring-test-7.0.9.jar:7.0.9]
	at org.springframework.test.context.web.ServletTestExecutionListener.prepareTestInstance(ServletTestExecutionListener.java:139) ~[spring-test-7.0.9.jar:7.0.9]
	at org.springframework.test.context.TestContextManager.prepareTestInstance(TestContextManager.java:260) ~[spring-test-7.0.9.jar:7.0.9]
	at org.springframework.test.context.junit.jupiter.SpringExtension.postProcessTestInstance(SpringExtension.java:242) ~[spring-test-7.0.9.jar:7.0.9]
	at org.junit.jupiter.engine.descriptor.ClassBasedTestDescriptor.lambda$invokeTestInstancePostProcessors$1(ClassBasedTestDescriptor.java:423) ~[junit-jupiter-engine-6.0.3.jar:6.0.3]
	at org.junit.jupiter.engine.descriptor.ClassBasedTestDescriptor.executeAndMaskThrowable(ClassBasedTestDescriptor.java:428) ~[junit-jupiter-engine-6.0.3.jar:6.0.3]
	at org.junit.jupiter.engine.descriptor.ClassBasedTestDescriptor.lambda$invokeTestInstancePostProcessors$0(ClassBasedTestDescriptor.java:422) ~[junit-jupiter-engine-6.0.3.jar:6.0.3]
	at java.base/java.util.stream.ForEachOps$ForEachOp$OfRef.accept(ForEachOps.java:184) ~[na:na]
	at java.base/java.util.stream.ReferencePipeline$3$1.accept(ReferencePipeline.java:212) ~[na:na]
	at java.base/java.util.stream.ReferencePipeline$2$1.accept(ReferencePipeline.java:194) ~[na:na]
	at java.base/java.util.stream.ReferencePipeline$3$1.accept(ReferencePipeline.java:212) ~[na:na]
	at java.base/java.util.ArrayList$ArrayListSpliterator.forEachRemaining(ArrayList.java:1709) ~[na:na]
	at java.base/java.util.stream.AbstractPipeline.copyInto(AbstractPipeline.java:556) ~[na:na]
	at java.base/java.util.stream.AbstractPipeline.wrapAndCopyInto(AbstractPipeline.java:546) ~[na:na]
	at java.base/java.util.stream.ForEachOps$ForEachOp.evaluateSequential(ForEachOps.java:151) ~[na:na]
	at java.base/java.util.stream.ForEachOps$ForEachOp$OfRef.evaluateSequential(ForEachOps.java:174) ~[na:na]
	at java.base/java.util.stream.AbstractPipeline.evaluate(AbstractPipeline.java:265) ~[na:na]
	at java.base/java.util.stream.ReferencePipeline.forEach(ReferencePipeline.java:611) ~[na:na]
	at org.junit.jupiter.engine.descriptor.ClassBasedTestDescriptor.invokeTestInstancePostProcessors(ClassBasedTestDescriptor.java:422) ~[junit-jupiter-engine-6.0.3.jar:6.0.3]
	at org.junit.jupiter.engine.descriptor.ClassBasedTestDescriptor.lambda$instantiateAndPostProcessTestInstance$0(ClassBasedTestDescriptor.java:334) ~[junit-jupiter-engine-6.0.3.jar:6.0.3]
	at org.junit.platform.engine.support.hierarchical.ThrowableCollector.execute(ThrowableCollector.java:74) ~[junit-platform-engine-6.0.3.jar:6.0.3]
	at org.junit.jupiter.engine.descriptor.ClassBasedTestDescriptor.instantiateAndPostProcessTestInstance(ClassBasedTestDescriptor.java:333) ~[junit-jupiter-engine-6.0.3.jar:6.0.3]
	at org.junit.jupiter.engine.descriptor.ClassBasedTestDescriptor.lambda$testInstancesProvider$1(ClassBasedTestDescriptor.java:322) ~[junit-jupiter-engine-6.0.3.jar:6.0.3]
	at java.base/java.util.Optional.orElseGet(Optional.java:364) ~[na:na]
	at org.junit.jupiter.engine.descriptor.ClassBasedTestDescriptor.lambda$testInstancesProvider$0(ClassBasedTestDescriptor.java:321) ~[junit-jupiter-engine-6.0.3.jar:6.0.3]
	at org.junit.jupiter.engine.execution.TestInstancesProvider.getTestInstances(TestInstancesProvider.java:27) ~[junit-jupiter-engine-6.0.3.jar:6.0.3]
	at org.junit.jupiter.engine.descriptor.TestMethodTestDescriptor.lambda$prepare$0(TestMethodTestDescriptor.java:127) ~[junit-jupiter-engine-6.0.3.jar:6.0.3]
	at org.junit.platform.engine.support.hierarchical.ThrowableCollector.execute(ThrowableCollector.java:74) ~[junit-platform-engine-6.0.3.jar:6.0.3]
	at org.junit.jupiter.engine.descriptor.TestMethodTestDescriptor.prepare(TestMethodTestDescriptor.java:126) ~[junit-jupiter-engine-6.0.3.jar:6.0.3]
	at org.junit.jupiter.engine.descriptor.TestMethodTestDescriptor.prepare(TestMethodTestDescriptor.java:70) ~[junit-jupiter-engine-6.0.3.jar:6.0.3]
	at org.junit.platform.engine.support.hierarchical.NodeTestTask.lambda$prepare$0(NodeTestTask.java:144) ~[junit-platform-engine-6.0.3.jar:6.0.3]
	at org.junit.platform.engine.support.hierarchical.ThrowableCollector.execute(ThrowableCollector.java:74) ~[junit-platform-engine-6.0.3.jar:6.0.3]
	at org.junit.platform.engine.support.hierarchical.NodeTestTask.prepare(NodeTestTask.java:144) ~[junit-platform-engine-6.0.3.jar:6.0.3]
	at org.junit.platform.engine.support.hierarchical.NodeTestTask.execute(NodeTestTask.java:110) ~[junit-platform-engine-6.0.3.jar:6.0.3]
	at java.base/java.util.ArrayList.forEach(ArrayList.java:1597) ~[na:na]
	at org.junit.platform.engine.support.hierarchical.SameThreadHierarchicalTestExecutorService.invokeAll(SameThreadHierarchicalTestExecutorService.java:42) ~[junit-platform-engine-6.0.3.jar:6.0.3]
	at org.junit.platform.engine.support.hierarchical.NodeTestTask.lambda$executeRecursively$2(NodeTestTask.java:180) ~[junit-platform-engine-6.0.3.jar:6.0.3]
	at org.junit.platform.engine.support.hierarchical.ThrowableCollector.execute(ThrowableCollector.java:74) ~[junit-platform-engine-6.0.3.jar:6.0.3]
	at org.junit.platform.engine.support.hierarchical.NodeTestTask.lambda$executeRecursively$1(NodeTestTask.java:166) ~[junit-platform-engine-6.0.3.jar:6.0.3]
	at org.junit.platform.engine.support.hierarchical.Node.around(Node.java:138) ~[junit-platform-engine-6.0.3.jar:6.0.3]
	at org.junit.platform.engine.support.hierarchical.NodeTestTask.lambda$executeRecursively$0(NodeTestTask.java:164) ~[junit-platform-engine-6.0.3.jar:6.0.3]
	at org.junit.platform.engine.support.hierarchical.ThrowableCollector.execute(ThrowableCollector.java:74) ~[junit-platform-engine-6.0.3.jar:6.0.3]
	at org.junit.platform.engine.support.hierarchical.NodeTestTask.executeRecursively(NodeTestTask.java:163) ~[junit-platform-engine-6.0.3.jar:6.0.3]
	at org.junit.platform.engine.support.hierarchical.NodeTestTask.execute(NodeTestTask.java:116) ~[junit-platform-engine-6.0.3.jar:6.0.3]
	at java.base/java.util.ArrayList.forEach(ArrayList.java:1597) ~[na:na]
	at org.junit.platform.engine.support.hierarchical.SameThreadHierarchicalTestExecutorService.invokeAll(SameThreadHierarchicalTestExecutorService.java:42) ~[junit-platform-engine-6.0.3.jar:6.0.3]
	at org.junit.platform.engine.support.hierarchical.NodeTestTask.lambda$executeRecursively$2(NodeTestTask.java:180) ~[junit-platform-engine-6.0.3.jar:6.0.3]
	at org.junit.platform.engine.support.hierarchical.ThrowableCollector.execute(ThrowableCollector.java:74) ~[junit-platform-engine-6.0.3.jar:6.0.3]
	at org.junit.platform.engine.support.hierarchical.NodeTestTask.lambda$executeRecursively$1(NodeTestTask.java:166) ~[junit-platform-engine-6.0.3.jar:6.0.3]
	at org.junit.platform.engine.support.hierarchical.Node.around(Node.java:138) ~[junit-platform-engine-6.0.3.jar:6.0.3]
	at org.junit.platform.engine.support.hierarchical.NodeTestTask.lambda$executeRecursively$0(NodeTestTask.java:164) ~[junit-platform-engine-6.0.3.jar:6.0.3]
	at org.junit.platform.engine.support.hierarchical.ThrowableCollector.execute(ThrowableCollector.java:74) ~[junit-platform-engine-6.0.3.jar:6.0.3]
	at org.junit.platform.engine.support.hierarchical.NodeTestTask.executeRecursively(NodeTestTask.java:163) ~[junit-platform-engine-6.0.3.jar:6.0.3]
	at org.junit.platform.engine.support.hierarchical.NodeTestTask.execute(NodeTestTask.java:116) ~[junit-platform-engine-6.0.3.jar:6.0.3]
	at org.junit.platform.engine.support.hierarchical.SameThreadHierarchicalTestExecutorService.submit(SameThreadHierarchicalTestExecutorService.java:36) ~[junit-platform-engine-6.0.3.jar:6.0.3]
	at org.junit.platform.engine.support.hierarchical.HierarchicalTestExecutor.execute(HierarchicalTestExecutor.java:52) ~[junit-platform-engine-6.0.3.jar:6.0.3]
	at org.junit.platform.engine.support.hierarchical.HierarchicalTestEngine.execute(HierarchicalTestEngine.java:58) ~[junit-platform-engine-6.0.3.jar:6.0.3]
	at org.junit.platform.launcher.core.EngineExecutionOrchestrator.executeEngine(EngineExecutionOrchestrator.java:246) ~[junit-platform-launcher-6.0.3.jar:6.0.3]
	at org.junit.platform.launcher.core.EngineExecutionOrchestrator.failOrExecuteEngine(EngineExecutionOrchestrator.java:218) ~[junit-platform-launcher-6.0.3.jar:6.0.3]
	at org.junit.platform.launcher.core.EngineExecutionOrchestrator.execute(EngineExecutionOrchestrator.java:179) ~[junit-platform-launcher-6.0.3.jar:6.0.3]
	at org.junit.platform.launcher.core.EngineExecutionOrchestrator.execute(EngineExecutionOrchestrator.java:108) ~[junit-platform-launcher-6.0.3.jar:6.0.3]
	at org.junit.platform.launcher.core.EngineExecutionOrchestrator.lambda$execute$0(EngineExecutionOrchestrator.java:66) ~[junit-platform-launcher-6.0.3.jar:6.0.3]
	at org.junit.platform.launcher.core.EngineExecutionOrchestrator.withInterceptedStreams(EngineExecutionOrchestrator.java:157) ~[junit-platform-launcher-6.0.3.jar:6.0.3]
	at org.junit.platform.launcher.core.EngineExecutionOrchestrator.execute(EngineExecutionOrchestrator.java:65) ~[junit-platform-launcher-6.0.3.jar:6.0.3]
	at org.junit.platform.launcher.core.DefaultLauncher.execute(DefaultLauncher.java:125) ~[junit-platform-launcher-6.0.3.jar:6.0.3]
	at org.junit.platform.launcher.core.DefaultLauncher.execute(DefaultLauncher.java:114) ~[junit-platform-launcher-6.0.3.jar:6.0.3]
	at org.junit.platform.launcher.core.DelegatingLauncher.execute(DelegatingLauncher.java:58) ~[junit-platform-launcher-6.0.3.jar:6.0.3]
	at org.junit.platform.launcher.core.InterceptingLauncher.lambda$execute$2(InterceptingLauncher.java:57) ~[junit-platform-launcher-6.0.3.jar:6.0.3]
	at org.junit.platform.launcher.core.ClasspathAlignmentCheckingLauncherInterceptor.intercept(ClasspathAlignmentCheckingLauncherInterceptor.java:25) ~[junit-platform-launcher-6.0.3.jar:6.0.3]
	at org.junit.platform.launcher.core.InterceptingLauncher.execute(InterceptingLauncher.java:56) ~[junit-platform-launcher-6.0.3.jar:6.0.3]
	at org.junit.platform.launcher.core.DelegatingLauncher.execute(DelegatingLauncher.java:58) ~[junit-platform-launcher-6.0.3.jar:6.0.3]
	at java.base/jdk.internal.reflect.DirectMethodHandleAccessor.invoke(DirectMethodHandleAccessor.java:103) ~[na:na]
	at java.base/java.lang.reflect.Method.invoke(Method.java:580) ~[na:na]
	at org.apache.maven.surefire.api.util.ReflectionUtils.invokeMethodWithArray(ReflectionUtils.java:125) ~[surefire-api-3.5.6.jar:3.5.6]
	at org.apache.maven.surefire.junitplatform.LauncherAdapter.executeWithCancellationToken(LauncherAdapter.java:68) ~[surefire-junit-platform-3.5.6.jar:3.5.6]
	at org.apache.maven.surefire.junitplatform.LauncherAdapter.execute(LauncherAdapter.java:54) ~[surefire-junit-platform-3.5.6.jar:3.5.6]
	at org.apache.maven.surefire.junitplatform.JUnitPlatformProvider.execute(JUnitPlatformProvider.java:203) ~[surefire-junit-platform-3.5.6.jar:3.5.6]
	at org.apache.maven.surefire.junitplatform.JUnitPlatformProvider.invokeAllTests(JUnitPlatformProvider.java:168) ~[surefire-junit-platform-3.5.6.jar:3.5.6]
	at org.apache.maven.surefire.junitplatform.JUnitPlatformProvider.invoke(JUnitPlatformProvider.java:136) ~[surefire-junit-platform-3.5.6.jar:3.5.6]
	at org.apache.maven.surefire.booter.ForkedBooter.runSuitesInProcess(ForkedBooter.java:385) ~[surefire-booter-3.5.6.jar:3.5.6]
	at org.apache.maven.surefire.booter.ForkedBooter.execute(ForkedBooter.java:162) ~[surefire-booter-3.5.6.jar:3.5.6]
	at org.apache.maven.surefire.booter.ForkedBooter.run(ForkedBooter.java:507) ~[surefire-booter-3.5.6.jar:3.5.6]
	at org.apache.maven.surefire.booter.ForkedBooter.main(ForkedBooter.java:495) ~[surefire-booter-3.5.6.jar:3.5.6]
Caused by: org.springframework.beans.factory.BeanCreationException: Error creating bean with name 'entityManagerFactory' defined in class path resource [org/springframework/boot/hibernate/autoconfigure/HibernateJpaConfiguration.class]: Failed to initialize dependency 'flywayInitializer' of LoadTimeWeaverAware bean 'entityManagerFactory': Error creating bean with name 'flywayInitializer' defined in class path resource [org/springframework/boot/flyway/autoconfigure/FlywayAutoConfiguration$FlywayConfiguration.class]: Unable to obtain connection from database: FATAL: password authentication failed for user "janidubomal"
-------------------------------------------------------------------------------------------------------
SQL State  : 28P01
Error Code : 0
Message    : FATAL: password authentication failed for user "janidubomal"

	at org.springframework.beans.factory.support.AbstractBeanFactory.doGetBean(AbstractBeanFactory.java:322) ~[spring-beans-7.0.9.jar:7.0.9]
	at org.springframework.beans.factory.support.AbstractBeanFactory.getBean(AbstractBeanFactory.java:201) ~[spring-beans-7.0.9.jar:7.0.9]
	at org.springframework.context.support.AbstractApplicationContext.finishBeanFactoryInitialization(AbstractApplicationContext.java:977) ~[spring-context-7.0.9.jar:7.0.9]
	at org.springframework.context.support.AbstractApplicationContext.refresh(AbstractApplicationContext.java:621) ~[spring-context-7.0.9.jar:7.0.9]
	at org.springframework.boot.SpringApplication.refresh(SpringApplication.java:756) ~[spring-boot-4.1.1.jar:4.1.1]
	at org.springframework.boot.SpringApplication.refreshContext(SpringApplication.java:445) ~[spring-boot-4.1.1.jar:4.1.1]
	at org.springframework.boot.SpringApplication.run(SpringApplication.java:321) ~[spring-boot-4.1.1.jar:4.1.1]
	at org.springframework.boot.test.context.SpringBootContextLoader.lambda$loadContext$2(SpringBootContextLoader.java:155) ~[spring-boot-test-4.1.1.jar:4.1.1]
	at org.springframework.util.function.ThrowingSupplier.get(ThrowingSupplier.java:58) ~[spring-core-7.0.9.jar:7.0.9]
	at org.springframework.util.function.ThrowingSupplier.get(ThrowingSupplier.java:46) ~[spring-core-7.0.9.jar:7.0.9]
	at org.springframework.boot.SpringApplication.withHook(SpringApplication.java:1465) ~[spring-boot-4.1.1.jar:4.1.1]
	at org.springframework.boot.test.context.SpringBootContextLoader$ContextLoaderHook.run(SpringBootContextLoader.java:600) ~[spring-boot-test-4.1.1.jar:4.1.1]
	at org.springframework.boot.test.context.SpringBootContextLoader.loadContext(SpringBootContextLoader.java:155) ~[spring-boot-test-4.1.1.jar:4.1.1]
	at org.springframework.boot.test.context.SpringBootContextLoader.loadContext(SpringBootContextLoader.java:114) ~[spring-boot-test-4.1.1.jar:4.1.1]
	at org.springframework.test.context.cache.DefaultCacheAwareContextLoaderDelegate.loadContextInternal(DefaultCacheAwareContextLoaderDelegate.java:247) ~[spring-test-7.0.9.jar:7.0.9]
	at org.springframework.test.context.cache.DefaultCacheAwareContextLoaderDelegate.lambda$loadContext$0(DefaultCacheAwareContextLoaderDelegate.java:167) ~[spring-test-7.0.9.jar:7.0.9]
	... 86 common frames omitted
Caused by: org.springframework.beans.factory.BeanCreationException: Error creating bean with name 'flywayInitializer' defined in class path resource [org/springframework/boot/flyway/autoconfigure/FlywayAutoConfiguration$FlywayConfiguration.class]: Unable to obtain connection from database: FATAL: password authentication failed for user "janidubomal"
-------------------------------------------------------------------------------------------------------
SQL State  : 28P01
Error Code : 0
Message    : FATAL: password authentication failed for user "janidubomal"

	at org.springframework.beans.factory.support.AbstractAutowireCapableBeanFactory.initializeBean(AbstractAutowireCapableBeanFactory.java:1815) ~[spring-beans-7.0.9.jar:7.0.9]
	at org.springframework.beans.factory.support.AbstractAutowireCapableBeanFactory.doCreateBean(AbstractAutowireCapableBeanFactory.java:603) ~[spring-beans-7.0.9.jar:7.0.9]
	at org.springframework.beans.factory.support.AbstractAutowireCapableBeanFactory.createBean(AbstractAutowireCapableBeanFactory.java:525) ~[spring-beans-7.0.9.jar:7.0.9]
	at org.springframework.beans.factory.support.AbstractBeanFactory.lambda$doGetBean$0(AbstractBeanFactory.java:333) ~[spring-beans-7.0.9.jar:7.0.9]
	at org.springframework.beans.factory.support.DefaultSingletonBeanRegistry.getSingleton(DefaultSingletonBeanRegistry.java:371) ~[spring-beans-7.0.9.jar:7.0.9]
	at org.springframework.beans.factory.support.AbstractBeanFactory.doGetBean(AbstractBeanFactory.java:331) ~[spring-beans-7.0.9.jar:7.0.9]
	at org.springframework.beans.factory.support.AbstractBeanFactory.getBean(AbstractBeanFactory.java:196) ~[spring-beans-7.0.9.jar:7.0.9]
	at org.springframework.beans.factory.support.AbstractBeanFactory.doGetBean(AbstractBeanFactory.java:309) ~[spring-beans-7.0.9.jar:7.0.9]
	... 101 common frames omitted
Caused by: org.flywaydb.core.internal.exception.sqlExceptions.FlywaySqlUnableToConnectToDbException: Unable to obtain connection from database: FATAL: password authentication failed for user "janidubomal"
-------------------------------------------------------------------------------------------------------
SQL State  : 28P01
Error Code : 0
Message    : FATAL: password authentication failed for user "janidubomal"

	at org.flywaydb.core.internal.jdbc.JdbcUtils.openConnection(JdbcUtils.java:78) ~[flyway-core-12.4.0.jar:na]
	at org.flywaydb.core.internal.jdbc.JdbcConnectionFactory.<init>(JdbcConnectionFactory.java:76) ~[flyway-core-12.4.0.jar:na]
	at org.flywaydb.core.FlywayExecutor.init(FlywayExecutor.java:275) ~[flyway-core-12.4.0.jar:na]
	at org.flywaydb.core.FlywayExecutor.execute(FlywayExecutor.java:120) ~[flyway-core-12.4.0.jar:na]
	at org.flywaydb.core.Flyway.migrate(Flyway.java:181) ~[flyway-core-12.4.0.jar:na]
	at org.springframework.boot.flyway.autoconfigure.FlywayMigrationInitializer.afterPropertiesSet(FlywayMigrationInitializer.java:67) ~[spring-boot-flyway-4.1.1.jar:4.1.1]
	at org.springframework.beans.factory.support.AbstractAutowireCapableBeanFactory.invokeInitMethods(AbstractAutowireCapableBeanFactory.java:1862) ~[spring-beans-7.0.9.jar:7.0.9]
	at org.springframework.beans.factory.support.AbstractAutowireCapableBeanFactory.initializeBean(AbstractAutowireCapableBeanFactory.java:1811) ~[spring-beans-7.0.9.jar:7.0.9]
	... 108 common frames omitted
Caused by: org.postgresql.util.PSQLException: FATAL: password authentication failed for user "janidubomal"
	at org.postgresql.core.v3.ConnectionFactoryImpl.doAuthentication(ConnectionFactoryImpl.java:837) ~[postgresql-42.7.13.jar:42.7.13]
	at org.postgresql.core.v3.ConnectionFactoryImpl.tryConnect(ConnectionFactoryImpl.java:309) ~[postgresql-42.7.13.jar:42.7.13]
	at org.postgresql.core.v3.ConnectionFactoryImpl.openConnectionImpl(ConnectionFactoryImpl.java:367) ~[postgresql-42.7.13.jar:42.7.13]
	at org.postgresql.core.ConnectionFactory.openConnection(ConnectionFactory.java:52) ~[postgresql-42.7.13.jar:42.7.13]
	at org.postgresql.jdbc.PgConnection.<init>(PgConnection.java:295) ~[postgresql-42.7.13.jar:42.7.13]
	at org.postgresql.Driver.makeConnection(Driver.java:437) ~[postgresql-42.7.13.jar:42.7.13]
	at org.postgresql.Driver.connect(Driver.java:305) ~[postgresql-42.7.13.jar:42.7.13]
	at com.zaxxer.hikari.util.DriverDataSource.getConnection(DriverDataSource.java:144) ~[HikariCP-7.0.2.jar:na]
	at com.zaxxer.hikari.pool.PoolBase.newConnection(PoolBase.java:373) ~[HikariCP-7.0.2.jar:na]
	at com.zaxxer.hikari.pool.PoolBase.newPoolEntry(PoolBase.java:210) ~[HikariCP-7.0.2.jar:na]
	at com.zaxxer.hikari.pool.HikariPool.createPoolEntry(HikariPool.java:488) ~[HikariCP-7.0.2.jar:na]
	at com.zaxxer.hikari.pool.HikariPool.checkFailFast(HikariPool.java:576) ~[HikariCP-7.0.2.jar:na]
	at com.zaxxer.hikari.pool.HikariPool.<init>(HikariPool.java:97) ~[HikariCP-7.0.2.jar:na]
	at com.zaxxer.hikari.HikariDataSource.getConnection(HikariDataSource.java:111) ~[HikariCP-7.0.2.jar:na]
	at org.flywaydb.core.internal.jdbc.JdbcUtils.openConnection(JdbcUtils.java:73) ~[flyway-core-12.4.0.jar:na]
	... 115 common frames omitted

2026-10-10T16:25:58.457+05:30  INFO 8063 --- [taskflow] [main] t.c.s.AnnotationConfigContextLoaderUtils : Could not detect default configuration classes for test class [com.example.taskflow.controller.TaskControllerTest]: TaskControllerTest does not declare any static, non-private, non-final, nested classes annotated with @Configuration.
2026-10-10T16:25:58.465+05:30  INFO 8063 --- [taskflow] [main] .b.t.c.SpringBootTestContextBootstrapper : Found @SpringBootConfiguration com.example.taskflow.TaskflowApplication for test class com.example.taskflow.controller.TaskControllerTest
2026-10-10T16:25:58.465+05:30  INFO 8063 --- [taskflow] [main] t.c.s.AnnotationConfigContextLoaderUtils : Could not detect default configuration classes for test class [com.example.taskflow.controller.TaskControllerTest]: TaskControllerTest does not declare any static, non-private, non-final, nested classes annotated with @Configuration.
2026-10-10T16:25:58.468+05:30  INFO 8063 --- [taskflow] [main] .b.t.c.SpringBootTestContextBootstrapper : Found @SpringBootConfiguration com.example.taskflow.TaskflowApplication for test class com.example.taskflow.controller.TaskControllerTest
2026-10-10T16:25:58.470+05:30  INFO 8063 --- [taskflow] [main] o.s.b.d.r.RestartApplicationListener     : Restart disabled due to context in which it is running
2026-10-10T16:25:58.480+05:30  INFO 8063 --- [taskflow] [main] c.e.t.controller.TaskControllerTest      : Starting TaskControllerTest using Java 22.0.2 with PID 8063 (started by janidubomal in /Users/janidubomal/Downloads/taskflow)
2026-10-10T16:25:58.480+05:30 DEBUG 8063 --- [taskflow] [main] c.e.t.controller.TaskControllerTest      : Running with Spring Boot v4.1.1, Spring v7.0.9
2026-10-10T16:25:58.480+05:30  INFO 8063 --- [taskflow] [main] c.e.t.controller.TaskControllerTest      : No active profile set, falling back to 1 default profile: "default"
2026-10-10T16:25:58.736+05:30  INFO 8063 --- [taskflow] [main] o.s.b.t.m.w.SpringBootMockServletContext : Initializing Spring TestDispatcherServlet ''
2026-10-10T16:25:58.736+05:30  INFO 8063 --- [taskflow] [main] o.s.t.web.servlet.TestDispatcherServlet  : Initializing Servlet ''
2026-10-10T16:25:58.737+05:30  INFO 8063 --- [taskflow] [main] o.s.t.web.servlet.TestDispatcherServlet  : Completed initialization in 1 ms
2026-10-10T16:25:58.742+05:30  INFO 8063 --- [taskflow] [main] c.e.t.controller.TaskControllerTest      : Started TaskControllerTest in 0.272 seconds (process running for 8.738)
2026-10-10T16:25:58.783+05:30  WARN 8063 --- [taskflow] [main] .w.s.m.s.DefaultHandlerExceptionResolver : Resolved [org.springframework.web.bind.MethodArgumentNotValidException: Validation failed for argument [0] in public org.springframework.http.ResponseEntity<com.example.taskflow.model.Task> com.example.taskflow.controller.TaskController.createTask(com.example.taskflow.dto.request.CreateTaskRequest): [Field error in object 'createTaskRequest' on field 'title': rejected value []; codes [NotBlank.createTaskRequest.title,NotBlank.title,NotBlank.java.lang.String,NotBlank]; arguments [org.springframework.context.support.DefaultMessageSourceResolvable: codes [createTaskRequest.title,title]; arguments []; default message [title]]; default message [Title is required]] ]
2026-10-10T16:25:58.791+05:30  WARN 8063 --- [taskflow] [main] .w.s.m.s.DefaultHandlerExceptionResolver : Resolved [org.springframework.web.bind.MethodArgumentNotValidException: Validation failed for argument [0] in public org.springframework.http.ResponseEntity<com.example.taskflow.model.Task> com.example.taskflow.controller.TaskController.createTask(com.example.taskflow.dto.request.CreateTaskRequest): [Field error in object 'createTaskRequest' on field 'priority': rejected value [10]; codes [Max.createTaskRequest.priority,Max.priority,Max.java.lang.Integer,Max]; arguments [org.springframework.context.support.DefaultMessageSourceResolvable: codes [createTaskRequest.priority,priority]; arguments []; default message [priority],5]; default message [must be less than or equal to 5]] ]
2026-10-10T16:25:58.906+05:30 DEBUG 8063 --- [taskflow] [main] c.example.taskflow.services.TaskService  : Finding task with id: 1
2026-10-10T16:25:58.913+05:30  INFO 8063 --- [taskflow] [main] c.example.taskflow.services.TaskService  : Creating task with title: Learn Mockito
2026-10-10T16:25:58.913+05:30  INFO 8063 --- [taskflow] [main] c.example.taskflow.services.TaskService  : Task created successfully with id: 1
2026-10-10T16:25:58.915+05:30 DEBUG 8063 --- [taskflow] [main] c.example.taskflow.services.TaskService  : Finding task with id: 1
2026-10-10T16:25:58.917+05:30 DEBUG 8063 --- [taskflow] [main] c.example.taskflow.services.TaskService  : Finding task with id: 999
2026-10-10T16:25:58.917+05:30  WARN 8063 --- [taskflow] [main] c.example.taskflow.services.TaskService  : Task not found with id: 999
2026-10-10T16:25:58.928+05:30  INFO 8063 --- [taskflow] [SpringApplicationShutdownHook] j.LocalContainerEntityManagerFactoryBean : Closing JPA EntityManagerFactory for persistence unit 'default'
2026-10-10T16:25:58.933+05:30  INFO 8063 --- [taskflow] [SpringApplicationShutdownHook] j.LocalContainerEntityManagerFactoryBean : Closing JPA EntityManagerFactory for persistence unit 'default'
2026-10-10T16:25:58.933+05:30  INFO 8063 --- [taskflow] [SpringApplicationShutdownHook] com.zaxxer.hikari.HikariDataSource       : HikariPool-1 - Shutdown initiated...
2026-10-10T16:25:58.934+05:30  INFO 8063 --- [taskflow] [SpringApplicationShutdownHook] com.zaxxer.hikari.HikariDataSource       : HikariPool-1 - Shutdown completed.
2026-10-10T16:25:58.936+05:30  INFO 8063 --- [taskflow] [SpringApplicationShutdownHook] j.LocalContainerEntityManagerFactoryBean : Closing JPA EntityManagerFactory for persistence unit 'default'
2026-10-10T16:25:58.937+05:30  INFO 8063 --- [taskflow] [SpringApplicationShutdownHook] com.zaxxer.hikari.HikariDataSource       : HikariPool-2 - Shutdown initiated...
2026-10-10T16:25:59.692+05:30  INFO 8063 --- [taskflow] [SpringApplicationShutdownHook] com.zaxxer.hikari.HikariDataSource       : HikariPool-2 - Shutdown completed.
2026-10-10T16:27:24.878+05:30  INFO 8258 --- [taskflow] [restartedMain] c.example.taskflow.TaskflowApplication   : Starting TaskflowApplication using Java 22.0.2 with PID 8258 (/Users/janidubomal/Downloads/taskflow/target/classes started by janidubomal in /Users/janidubomal/Downloads/taskflow)
2026-10-10T16:27:24.879+05:30 DEBUG 8258 --- [taskflow] [restartedMain] c.example.taskflow.TaskflowApplication   : Running with Spring Boot v4.1.1, Spring v7.0.9
2026-10-10T16:27:24.880+05:30  INFO 8258 --- [taskflow] [restartedMain] c.example.taskflow.TaskflowApplication   : No active profile set, falling back to 1 default profile: "default"
2026-10-10T16:27:24.912+05:30  INFO 8258 --- [taskflow] [restartedMain] .e.DevToolsPropertyDefaultsPostProcessor : Devtools property defaults active! Set 'spring.devtools.add-properties' to 'false' to disable
2026-10-10T16:27:24.912+05:30  INFO 8258 --- [taskflow] [restartedMain] .e.DevToolsPropertyDefaultsPostProcessor : For additional web related logging consider setting the 'logging.level.web' property to 'DEBUG'
2026-10-10T16:27:25.210+05:30  INFO 8258 --- [taskflow] [restartedMain] .s.d.r.c.RepositoryConfigurationDelegate : Bootstrapping Spring Data JPA repositories in DEFAULT mode.
2026-10-10T16:27:25.232+05:30  INFO 8258 --- [taskflow] [restartedMain] .s.d.r.c.RepositoryConfigurationDelegate : Finished Spring Data repository scanning in 17 ms. Found 1 JPA repository interface.
2026-10-10T16:27:25.437+05:30  INFO 8258 --- [taskflow] [restartedMain] o.s.boot.tomcat.TomcatWebServer          : Tomcat initialized with port 8080 (http)
2026-10-10T16:27:25.443+05:30  INFO 8258 --- [taskflow] [restartedMain] o.apache.catalina.core.StandardService   : Starting service [Tomcat]
2026-10-10T16:27:25.444+05:30  INFO 8258 --- [taskflow] [restartedMain] o.apache.catalina.core.StandardEngine    : Starting Servlet engine: [Apache Tomcat/11.0.24]
2026-10-10T16:27:25.456+05:30  INFO 8258 --- [taskflow] [restartedMain] b.w.c.s.WebApplicationContextInitializer : Root WebApplicationContext: initialization completed in 543 ms
2026-10-10T16:27:25.579+05:30  INFO 8258 --- [taskflow] [restartedMain] com.zaxxer.hikari.HikariDataSource       : HikariPool-1 - Starting...
2026-10-10T16:27:25.657+05:30  INFO 8258 --- [taskflow] [restartedMain] com.zaxxer.hikari.pool.HikariPool        : HikariPool-1 - Added connection org.postgresql.jdbc.PgConnection@6c4c95c1
2026-10-10T16:27:25.658+05:30  INFO 8258 --- [taskflow] [restartedMain] com.zaxxer.hikari.HikariDataSource       : HikariPool-1 - Start completed.
2026-10-10T16:27:25.671+05:30  INFO 8258 --- [taskflow] [restartedMain] org.flywaydb.core.FlywayExecutor         : Database: jdbc:postgresql://localhost:5432/taskflow (PostgreSQL 17.2)
2026-10-10T16:27:25.701+05:30  INFO 8258 --- [taskflow] [restartedMain] o.f.core.internal.command.DbValidate     : Successfully validated 2 migrations (execution time 00:00.011s)
2026-10-10T16:27:25.717+05:30  INFO 8258 --- [taskflow] [restartedMain] o.f.core.internal.command.DbMigrate      : Current version of schema "public": 2
2026-10-10T16:27:25.718+05:30  INFO 8258 --- [taskflow] [restartedMain] o.f.core.internal.command.DbMigrate      : Schema "public" is up to date. No migration necessary.
2026-10-10T16:27:25.757+05:30  INFO 8258 --- [taskflow] [restartedMain] org.hibernate.orm.jpa                    : HHH008540: Processing PersistenceUnitInfo [name: default]
2026-10-10T16:27:25.788+05:30  INFO 8258 --- [taskflow] [restartedMain] org.hibernate.orm.core                   : HHH000001: Hibernate ORM core version 7.4.5.Final
2026-10-10T16:27:25.966+05:30  INFO 8258 --- [taskflow] [restartedMain] o.s.o.j.p.SpringPersistenceUnitInfo      : No LoadTimeWeaver setup: ignoring JPA class transformer
2026-10-10T16:27:26.000+05:30  INFO 8258 --- [taskflow] [restartedMain] org.hibernate.orm.connections.pooling    : HHH10001005: Database info:
	Database JDBC URL [jdbc:postgresql://localhost:5432/taskflow]
	Database driver: PostgreSQL JDBC Driver
	Database dialect: PostgreSQLDialect
	Database version: 17.2
	Default catalog/schema: taskflow/public
	Autocommit mode: undefined/unknown
	Isolation level: READ_COMMITTED [default READ_COMMITTED]
	JDBC fetch size: none
	Pool: DataSourceConnectionProvider
	Minimum pool size: undefined/unknown
	Maximum pool size: undefined/unknown
2026-10-10T16:27:26.325+05:30  INFO 8258 --- [taskflow] [restartedMain] org.hibernate.orm.core                   : HHH000489: No JTA platform available (set 'hibernate.transaction.jta.platform' to enable JTA platform integration)
2026-10-10T16:27:26.348+05:30  INFO 8258 --- [taskflow] [restartedMain] j.LocalContainerEntityManagerFactoryBean : Initialized JPA EntityManagerFactory for persistence unit 'default'
2026-10-10T16:27:26.380+05:30  INFO 8258 --- [taskflow] [restartedMain] o.s.d.j.r.query.QueryEnhancerFactories   : Hibernate is in classpath; If applicable, HQL parser will be used.
2026-10-10T16:27:26.453+05:30  WARN 8258 --- [taskflow] [restartedMain] JpaBaseConfiguration$JpaWebConfiguration : spring.jpa.open-in-view is enabled by default. Therefore, database queries may be performed during view rendering. Explicitly configure spring.jpa.open-in-view to disable this warning
2026-10-10T16:27:26.593+05:30  INFO 8258 --- [taskflow] [restartedMain] o.s.b.a.e.web.EndpointLinksResolver      : Exposing 4 endpoints beneath base path '/actuator'
2026-10-10T16:27:26.621+05:30  INFO 8258 --- [taskflow] [restartedMain] o.s.boot.tomcat.TomcatWebServer          : Tomcat started on port 8080 (http) with context path '/'
2026-10-10T16:27:26.625+05:30  INFO 8258 --- [taskflow] [restartedMain] c.example.taskflow.TaskflowApplication   : Started TaskflowApplication in 1.955 seconds (process running for 2.14)
2026-10-10T16:27:53.612+05:30  INFO 8493 --- [taskflow] [main] c.e.taskflow.TaskflowApplicationTests    : Starting TaskflowApplicationTests using Java 22.0.2 with PID 8493 (started by janidubomal in /Users/janidubomal/Downloads/taskflow)
2026-10-10T16:27:53.613+05:30 DEBUG 8493 --- [taskflow] [main] c.e.taskflow.TaskflowApplicationTests    : Running with Spring Boot v4.1.1, Spring v7.0.9
2026-10-10T16:27:53.613+05:30  INFO 8493 --- [taskflow] [main] c.e.taskflow.TaskflowApplicationTests    : No active profile set, falling back to 1 default profile: "default"
2026-10-10T16:27:53.888+05:30  INFO 8493 --- [taskflow] [main] .s.d.r.c.RepositoryConfigurationDelegate : Bootstrapping Spring Data JPA repositories in DEFAULT mode.
2026-10-10T16:27:53.908+05:30  INFO 8493 --- [taskflow] [main] .s.d.r.c.RepositoryConfigurationDelegate : Finished Spring Data repository scanning in 16 ms. Found 1 JPA repository interface.
2026-10-10T16:27:54.114+05:30  INFO 8493 --- [taskflow] [main] com.zaxxer.hikari.HikariDataSource       : HikariPool-1 - Starting...
2026-10-10T16:27:55.197+05:30  WARN 8493 --- [taskflow] [main] o.s.w.c.s.GenericWebApplicationContext   : Exception encountered during context initialization - cancelling refresh attempt: org.springframework.beans.factory.BeanCreationException: Error creating bean with name 'entityManagerFactory' defined in class path resource [org/springframework/boot/hibernate/autoconfigure/HibernateJpaConfiguration.class]: Failed to initialize dependency 'flywayInitializer' of LoadTimeWeaverAware bean 'entityManagerFactory': Error creating bean with name 'flywayInitializer' defined in class path resource [org/springframework/boot/flyway/autoconfigure/FlywayAutoConfiguration$FlywayConfiguration.class]: Unable to obtain connection from database: FATAL: password authentication failed for user "janidubomal"
-------------------------------------------------------------------------------------------------------
SQL State  : 28P01
Error Code : 0
Message    : FATAL: password authentication failed for user "janidubomal"

2026-10-10T16:27:55.223+05:30  INFO 8493 --- [taskflow] [main] .s.b.a.l.ConditionEvaluationReportLogger : 

Error starting ApplicationContext. To display the condition evaluation report re-run your application with 'debug' enabled.
2026-10-10T16:27:55.230+05:30 ERROR 8493 --- [taskflow] [main] o.s.boot.SpringApplication               : Application run failed

org.springframework.beans.factory.BeanCreationException: Error creating bean with name 'entityManagerFactory' defined in class path resource [org/springframework/boot/hibernate/autoconfigure/HibernateJpaConfiguration.class]: Failed to initialize dependency 'flywayInitializer' of LoadTimeWeaverAware bean 'entityManagerFactory': Error creating bean with name 'flywayInitializer' defined in class path resource [org/springframework/boot/flyway/autoconfigure/FlywayAutoConfiguration$FlywayConfiguration.class]: Unable to obtain connection from database: FATAL: password authentication failed for user "janidubomal"
-------------------------------------------------------------------------------------------------------
SQL State  : 28P01
Error Code : 0
Message    : FATAL: password authentication failed for user "janidubomal"

	at org.springframework.beans.factory.support.AbstractBeanFactory.doGetBean(AbstractBeanFactory.java:322) ~[spring-beans-7.0.9.jar:7.0.9]
	at org.springframework.beans.factory.support.AbstractBeanFactory.getBean(AbstractBeanFactory.java:201) ~[spring-beans-7.0.9.jar:7.0.9]
	at org.springframework.context.support.AbstractApplicationContext.finishBeanFactoryInitialization(AbstractApplicationContext.java:977) ~[spring-context-7.0.9.jar:7.0.9]
	at org.springframework.context.support.AbstractApplicationContext.refresh(AbstractApplicationContext.java:621) ~[spring-context-7.0.9.jar:7.0.9]
	at org.springframework.boot.SpringApplication.refresh(SpringApplication.java:756) ~[spring-boot-4.1.1.jar:4.1.1]
	at org.springframework.boot.SpringApplication.refreshContext(SpringApplication.java:445) ~[spring-boot-4.1.1.jar:4.1.1]
	at org.springframework.boot.SpringApplication.run(SpringApplication.java:321) ~[spring-boot-4.1.1.jar:4.1.1]
	at org.springframework.boot.test.context.SpringBootContextLoader.lambda$loadContext$2(SpringBootContextLoader.java:155) ~[spring-boot-test-4.1.1.jar:4.1.1]
	at org.springframework.util.function.ThrowingSupplier.get(ThrowingSupplier.java:58) ~[spring-core-7.0.9.jar:7.0.9]
	at org.springframework.util.function.ThrowingSupplier.get(ThrowingSupplier.java:46) ~[spring-core-7.0.9.jar:7.0.9]
	at org.springframework.boot.SpringApplication.withHook(SpringApplication.java:1465) ~[spring-boot-4.1.1.jar:4.1.1]
	at org.springframework.boot.test.context.SpringBootContextLoader$ContextLoaderHook.run(SpringBootContextLoader.java:600) ~[spring-boot-test-4.1.1.jar:4.1.1]
	at org.springframework.boot.test.context.SpringBootContextLoader.loadContext(SpringBootContextLoader.java:155) ~[spring-boot-test-4.1.1.jar:4.1.1]
	at org.springframework.boot.test.context.SpringBootContextLoader.loadContext(SpringBootContextLoader.java:114) ~[spring-boot-test-4.1.1.jar:4.1.1]
	at org.springframework.test.context.cache.DefaultCacheAwareContextLoaderDelegate.loadContextInternal(DefaultCacheAwareContextLoaderDelegate.java:247) ~[spring-test-7.0.9.jar:7.0.9]
	at org.springframework.test.context.cache.DefaultCacheAwareContextLoaderDelegate.lambda$loadContext$0(DefaultCacheAwareContextLoaderDelegate.java:167) ~[spring-test-7.0.9.jar:7.0.9]
	at org.springframework.test.context.cache.DefaultContextCache.put(DefaultContextCache.java:214) ~[spring-test-7.0.9.jar:7.0.9]
	at org.springframework.test.context.cache.DefaultCacheAwareContextLoaderDelegate.loadContext(DefaultCacheAwareContextLoaderDelegate.java:160) ~[spring-test-7.0.9.jar:7.0.9]
	at org.springframework.test.context.support.DefaultTestContext.getApplicationContext(DefaultTestContext.java:128) ~[spring-test-7.0.9.jar:7.0.9]
	at org.springframework.test.context.web.ServletTestExecutionListener.setUpRequestContextIfNecessary(ServletTestExecutionListener.java:200) ~[spring-test-7.0.9.jar:7.0.9]
	at org.springframework.test.context.web.ServletTestExecutionListener.prepareTestInstance(ServletTestExecutionListener.java:139) ~[spring-test-7.0.9.jar:7.0.9]
	at org.springframework.test.context.TestContextManager.prepareTestInstance(TestContextManager.java:260) ~[spring-test-7.0.9.jar:7.0.9]
	at org.springframework.test.context.junit.jupiter.SpringExtension.postProcessTestInstance(SpringExtension.java:242) ~[spring-test-7.0.9.jar:7.0.9]
	at org.junit.jupiter.engine.descriptor.ClassBasedTestDescriptor.lambda$invokeTestInstancePostProcessors$1(ClassBasedTestDescriptor.java:423) ~[junit-jupiter-engine-6.0.3.jar:6.0.3]
	at org.junit.jupiter.engine.descriptor.ClassBasedTestDescriptor.executeAndMaskThrowable(ClassBasedTestDescriptor.java:428) ~[junit-jupiter-engine-6.0.3.jar:6.0.3]
	at org.junit.jupiter.engine.descriptor.ClassBasedTestDescriptor.lambda$invokeTestInstancePostProcessors$0(ClassBasedTestDescriptor.java:422) ~[junit-jupiter-engine-6.0.3.jar:6.0.3]
	at java.base/java.util.stream.ForEachOps$ForEachOp$OfRef.accept(ForEachOps.java:184) ~[na:na]
	at java.base/java.util.stream.ReferencePipeline$3$1.accept(ReferencePipeline.java:212) ~[na:na]
	at java.base/java.util.stream.ReferencePipeline$2$1.accept(ReferencePipeline.java:194) ~[na:na]
	at java.base/java.util.stream.ReferencePipeline$3$1.accept(ReferencePipeline.java:212) ~[na:na]
	at java.base/java.util.ArrayList$ArrayListSpliterator.forEachRemaining(ArrayList.java:1709) ~[na:na]
	at java.base/java.util.stream.AbstractPipeline.copyInto(AbstractPipeline.java:556) ~[na:na]
	at java.base/java.util.stream.AbstractPipeline.wrapAndCopyInto(AbstractPipeline.java:546) ~[na:na]
	at java.base/java.util.stream.ForEachOps$ForEachOp.evaluateSequential(ForEachOps.java:151) ~[na:na]
	at java.base/java.util.stream.ForEachOps$ForEachOp$OfRef.evaluateSequential(ForEachOps.java:174) ~[na:na]
	at java.base/java.util.stream.AbstractPipeline.evaluate(AbstractPipeline.java:265) ~[na:na]
	at java.base/java.util.stream.ReferencePipeline.forEach(ReferencePipeline.java:611) ~[na:na]
	at org.junit.jupiter.engine.descriptor.ClassBasedTestDescriptor.invokeTestInstancePostProcessors(ClassBasedTestDescriptor.java:422) ~[junit-jupiter-engine-6.0.3.jar:6.0.3]
	at org.junit.jupiter.engine.descriptor.ClassBasedTestDescriptor.lambda$instantiateAndPostProcessTestInstance$0(ClassBasedTestDescriptor.java:334) ~[junit-jupiter-engine-6.0.3.jar:6.0.3]
	at org.junit.platform.engine.support.hierarchical.ThrowableCollector.execute(ThrowableCollector.java:74) ~[junit-platform-engine-6.0.3.jar:6.0.3]
	at org.junit.jupiter.engine.descriptor.ClassBasedTestDescriptor.instantiateAndPostProcessTestInstance(ClassBasedTestDescriptor.java:333) ~[junit-jupiter-engine-6.0.3.jar:6.0.3]
	at org.junit.jupiter.engine.descriptor.ClassBasedTestDescriptor.lambda$testInstancesProvider$1(ClassBasedTestDescriptor.java:322) ~[junit-jupiter-engine-6.0.3.jar:6.0.3]
	at java.base/java.util.Optional.orElseGet(Optional.java:364) ~[na:na]
	at org.junit.jupiter.engine.descriptor.ClassBasedTestDescriptor.lambda$testInstancesProvider$0(ClassBasedTestDescriptor.java:321) ~[junit-jupiter-engine-6.0.3.jar:6.0.3]
	at org.junit.jupiter.engine.execution.TestInstancesProvider.getTestInstances(TestInstancesProvider.java:27) ~[junit-jupiter-engine-6.0.3.jar:6.0.3]
	at org.junit.jupiter.engine.descriptor.TestMethodTestDescriptor.lambda$prepare$0(TestMethodTestDescriptor.java:127) ~[junit-jupiter-engine-6.0.3.jar:6.0.3]
	at org.junit.platform.engine.support.hierarchical.ThrowableCollector.execute(ThrowableCollector.java:74) ~[junit-platform-engine-6.0.3.jar:6.0.3]
	at org.junit.jupiter.engine.descriptor.TestMethodTestDescriptor.prepare(TestMethodTestDescriptor.java:126) ~[junit-jupiter-engine-6.0.3.jar:6.0.3]
	at org.junit.jupiter.engine.descriptor.TestMethodTestDescriptor.prepare(TestMethodTestDescriptor.java:70) ~[junit-jupiter-engine-6.0.3.jar:6.0.3]
	at org.junit.platform.engine.support.hierarchical.NodeTestTask.lambda$prepare$0(NodeTestTask.java:144) ~[junit-platform-engine-6.0.3.jar:6.0.3]
	at org.junit.platform.engine.support.hierarchical.ThrowableCollector.execute(ThrowableCollector.java:74) ~[junit-platform-engine-6.0.3.jar:6.0.3]
	at org.junit.platform.engine.support.hierarchical.NodeTestTask.prepare(NodeTestTask.java:144) ~[junit-platform-engine-6.0.3.jar:6.0.3]
	at org.junit.platform.engine.support.hierarchical.NodeTestTask.execute(NodeTestTask.java:110) ~[junit-platform-engine-6.0.3.jar:6.0.3]
	at java.base/java.util.ArrayList.forEach(ArrayList.java:1597) ~[na:na]
	at org.junit.platform.engine.support.hierarchical.SameThreadHierarchicalTestExecutorService.invokeAll(SameThreadHierarchicalTestExecutorService.java:42) ~[junit-platform-engine-6.0.3.jar:6.0.3]
	at org.junit.platform.engine.support.hierarchical.NodeTestTask.lambda$executeRecursively$2(NodeTestTask.java:180) ~[junit-platform-engine-6.0.3.jar:6.0.3]
	at org.junit.platform.engine.support.hierarchical.ThrowableCollector.execute(ThrowableCollector.java:74) ~[junit-platform-engine-6.0.3.jar:6.0.3]
	at org.junit.platform.engine.support.hierarchical.NodeTestTask.lambda$executeRecursively$1(NodeTestTask.java:166) ~[junit-platform-engine-6.0.3.jar:6.0.3]
	at org.junit.platform.engine.support.hierarchical.Node.around(Node.java:138) ~[junit-platform-engine-6.0.3.jar:6.0.3]
	at org.junit.platform.engine.support.hierarchical.NodeTestTask.lambda$executeRecursively$0(NodeTestTask.java:164) ~[junit-platform-engine-6.0.3.jar:6.0.3]
	at org.junit.platform.engine.support.hierarchical.ThrowableCollector.execute(ThrowableCollector.java:74) ~[junit-platform-engine-6.0.3.jar:6.0.3]
	at org.junit.platform.engine.support.hierarchical.NodeTestTask.executeRecursively(NodeTestTask.java:163) ~[junit-platform-engine-6.0.3.jar:6.0.3]
	at org.junit.platform.engine.support.hierarchical.NodeTestTask.execute(NodeTestTask.java:116) ~[junit-platform-engine-6.0.3.jar:6.0.3]
	at java.base/java.util.ArrayList.forEach(ArrayList.java:1597) ~[na:na]
	at org.junit.platform.engine.support.hierarchical.SameThreadHierarchicalTestExecutorService.invokeAll(SameThreadHierarchicalTestExecutorService.java:42) ~[junit-platform-engine-6.0.3.jar:6.0.3]
	at org.junit.platform.engine.support.hierarchical.NodeTestTask.lambda$executeRecursively$2(NodeTestTask.java:180) ~[junit-platform-engine-6.0.3.jar:6.0.3]
	at org.junit.platform.engine.support.hierarchical.ThrowableCollector.execute(ThrowableCollector.java:74) ~[junit-platform-engine-6.0.3.jar:6.0.3]
	at org.junit.platform.engine.support.hierarchical.NodeTestTask.lambda$executeRecursively$1(NodeTestTask.java:166) ~[junit-platform-engine-6.0.3.jar:6.0.3]
	at org.junit.platform.engine.support.hierarchical.Node.around(Node.java:138) ~[junit-platform-engine-6.0.3.jar:6.0.3]
	at org.junit.platform.engine.support.hierarchical.NodeTestTask.lambda$executeRecursively$0(NodeTestTask.java:164) ~[junit-platform-engine-6.0.3.jar:6.0.3]
	at org.junit.platform.engine.support.hierarchical.ThrowableCollector.execute(ThrowableCollector.java:74) ~[junit-platform-engine-6.0.3.jar:6.0.3]
	at org.junit.platform.engine.support.hierarchical.NodeTestTask.executeRecursively(NodeTestTask.java:163) ~[junit-platform-engine-6.0.3.jar:6.0.3]
	at org.junit.platform.engine.support.hierarchical.NodeTestTask.execute(NodeTestTask.java:116) ~[junit-platform-engine-6.0.3.jar:6.0.3]
	at org.junit.platform.engine.support.hierarchical.SameThreadHierarchicalTestExecutorService.submit(SameThreadHierarchicalTestExecutorService.java:36) ~[junit-platform-engine-6.0.3.jar:6.0.3]
	at org.junit.platform.engine.support.hierarchical.HierarchicalTestExecutor.execute(HierarchicalTestExecutor.java:52) ~[junit-platform-engine-6.0.3.jar:6.0.3]
	at org.junit.platform.engine.support.hierarchical.HierarchicalTestEngine.execute(HierarchicalTestEngine.java:58) ~[junit-platform-engine-6.0.3.jar:6.0.3]
	at org.junit.platform.launcher.core.EngineExecutionOrchestrator.executeEngine(EngineExecutionOrchestrator.java:246) ~[junit-platform-launcher-6.0.3.jar:6.0.3]
	at org.junit.platform.launcher.core.EngineExecutionOrchestrator.failOrExecuteEngine(EngineExecutionOrchestrator.java:218) ~[junit-platform-launcher-6.0.3.jar:6.0.3]
	at org.junit.platform.launcher.core.EngineExecutionOrchestrator.execute(EngineExecutionOrchestrator.java:179) ~[junit-platform-launcher-6.0.3.jar:6.0.3]
	at org.junit.platform.launcher.core.EngineExecutionOrchestrator.execute(EngineExecutionOrchestrator.java:108) ~[junit-platform-launcher-6.0.3.jar:6.0.3]
	at org.junit.platform.launcher.core.EngineExecutionOrchestrator.lambda$execute$0(EngineExecutionOrchestrator.java:66) ~[junit-platform-launcher-6.0.3.jar:6.0.3]
	at org.junit.platform.launcher.core.EngineExecutionOrchestrator.withInterceptedStreams(EngineExecutionOrchestrator.java:157) ~[junit-platform-launcher-6.0.3.jar:6.0.3]
	at org.junit.platform.launcher.core.EngineExecutionOrchestrator.execute(EngineExecutionOrchestrator.java:65) ~[junit-platform-launcher-6.0.3.jar:6.0.3]
	at org.junit.platform.launcher.core.DefaultLauncher.execute(DefaultLauncher.java:125) ~[junit-platform-launcher-6.0.3.jar:6.0.3]
	at org.junit.platform.launcher.core.DefaultLauncher.execute(DefaultLauncher.java:114) ~[junit-platform-launcher-6.0.3.jar:6.0.3]
	at org.junit.platform.launcher.core.DelegatingLauncher.execute(DelegatingLauncher.java:58) ~[junit-platform-launcher-6.0.3.jar:6.0.3]
	at org.junit.platform.launcher.core.InterceptingLauncher.lambda$execute$2(InterceptingLauncher.java:57) ~[junit-platform-launcher-6.0.3.jar:6.0.3]
	at org.junit.platform.launcher.core.ClasspathAlignmentCheckingLauncherInterceptor.intercept(ClasspathAlignmentCheckingLauncherInterceptor.java:25) ~[junit-platform-launcher-6.0.3.jar:6.0.3]
	at org.junit.platform.launcher.core.InterceptingLauncher.execute(InterceptingLauncher.java:56) ~[junit-platform-launcher-6.0.3.jar:6.0.3]
	at org.junit.platform.launcher.core.DelegatingLauncher.execute(DelegatingLauncher.java:58) ~[junit-platform-launcher-6.0.3.jar:6.0.3]
	at java.base/jdk.internal.reflect.DirectMethodHandleAccessor.invoke(DirectMethodHandleAccessor.java:103) ~[na:na]
	at java.base/java.lang.reflect.Method.invoke(Method.java:580) ~[na:na]
	at org.apache.maven.surefire.api.util.ReflectionUtils.invokeMethodWithArray(ReflectionUtils.java:125) ~[surefire-api-3.5.6.jar:3.5.6]
	at org.apache.maven.surefire.junitplatform.LauncherAdapter.executeWithCancellationToken(LauncherAdapter.java:68) ~[surefire-junit-platform-3.5.6.jar:3.5.6]
	at org.apache.maven.surefire.junitplatform.LauncherAdapter.execute(LauncherAdapter.java:54) ~[surefire-junit-platform-3.5.6.jar:3.5.6]
	at org.apache.maven.surefire.junitplatform.JUnitPlatformProvider.execute(JUnitPlatformProvider.java:203) ~[surefire-junit-platform-3.5.6.jar:3.5.6]
	at org.apache.maven.surefire.junitplatform.JUnitPlatformProvider.invokeAllTests(JUnitPlatformProvider.java:168) ~[surefire-junit-platform-3.5.6.jar:3.5.6]
	at org.apache.maven.surefire.junitplatform.JUnitPlatformProvider.invoke(JUnitPlatformProvider.java:136) ~[surefire-junit-platform-3.5.6.jar:3.5.6]
	at org.apache.maven.surefire.booter.ForkedBooter.runSuitesInProcess(ForkedBooter.java:385) ~[surefire-booter-3.5.6.jar:3.5.6]
	at org.apache.maven.surefire.booter.ForkedBooter.execute(ForkedBooter.java:162) ~[surefire-booter-3.5.6.jar:3.5.6]
	at org.apache.maven.surefire.booter.ForkedBooter.run(ForkedBooter.java:507) ~[surefire-booter-3.5.6.jar:3.5.6]
	at org.apache.maven.surefire.booter.ForkedBooter.main(ForkedBooter.java:495) ~[surefire-booter-3.5.6.jar:3.5.6]
Caused by: org.springframework.beans.factory.BeanCreationException: Error creating bean with name 'flywayInitializer' defined in class path resource [org/springframework/boot/flyway/autoconfigure/FlywayAutoConfiguration$FlywayConfiguration.class]: Unable to obtain connection from database: FATAL: password authentication failed for user "janidubomal"
-------------------------------------------------------------------------------------------------------
SQL State  : 28P01
Error Code : 0
Message    : FATAL: password authentication failed for user "janidubomal"

	at org.springframework.beans.factory.support.AbstractAutowireCapableBeanFactory.initializeBean(AbstractAutowireCapableBeanFactory.java:1815) ~[spring-beans-7.0.9.jar:7.0.9]
	at org.springframework.beans.factory.support.AbstractAutowireCapableBeanFactory.doCreateBean(AbstractAutowireCapableBeanFactory.java:603) ~[spring-beans-7.0.9.jar:7.0.9]
	at org.springframework.beans.factory.support.AbstractAutowireCapableBeanFactory.createBean(AbstractAutowireCapableBeanFactory.java:525) ~[spring-beans-7.0.9.jar:7.0.9]
	at org.springframework.beans.factory.support.AbstractBeanFactory.lambda$doGetBean$0(AbstractBeanFactory.java:333) ~[spring-beans-7.0.9.jar:7.0.9]
	at org.springframework.beans.factory.support.DefaultSingletonBeanRegistry.getSingleton(DefaultSingletonBeanRegistry.java:371) ~[spring-beans-7.0.9.jar:7.0.9]
	at org.springframework.beans.factory.support.AbstractBeanFactory.doGetBean(AbstractBeanFactory.java:331) ~[spring-beans-7.0.9.jar:7.0.9]
	at org.springframework.beans.factory.support.AbstractBeanFactory.getBean(AbstractBeanFactory.java:196) ~[spring-beans-7.0.9.jar:7.0.9]
	at org.springframework.beans.factory.support.AbstractBeanFactory.doGetBean(AbstractBeanFactory.java:309) ~[spring-beans-7.0.9.jar:7.0.9]
	... 101 common frames omitted
Caused by: org.flywaydb.core.internal.exception.sqlExceptions.FlywaySqlUnableToConnectToDbException: Unable to obtain connection from database: FATAL: password authentication failed for user "janidubomal"
-------------------------------------------------------------------------------------------------------
SQL State  : 28P01
Error Code : 0
Message    : FATAL: password authentication failed for user "janidubomal"

	at org.flywaydb.core.internal.jdbc.JdbcUtils.openConnection(JdbcUtils.java:78) ~[flyway-core-12.4.0.jar:na]
	at org.flywaydb.core.internal.jdbc.JdbcConnectionFactory.<init>(JdbcConnectionFactory.java:76) ~[flyway-core-12.4.0.jar:na]
	at org.flywaydb.core.FlywayExecutor.init(FlywayExecutor.java:275) ~[flyway-core-12.4.0.jar:na]
	at org.flywaydb.core.FlywayExecutor.execute(FlywayExecutor.java:120) ~[flyway-core-12.4.0.jar:na]
	at org.flywaydb.core.Flyway.migrate(Flyway.java:181) ~[flyway-core-12.4.0.jar:na]
	at org.springframework.boot.flyway.autoconfigure.FlywayMigrationInitializer.afterPropertiesSet(FlywayMigrationInitializer.java:67) ~[spring-boot-flyway-4.1.1.jar:4.1.1]
	at org.springframework.beans.factory.support.AbstractAutowireCapableBeanFactory.invokeInitMethods(AbstractAutowireCapableBeanFactory.java:1862) ~[spring-beans-7.0.9.jar:7.0.9]
	at org.springframework.beans.factory.support.AbstractAutowireCapableBeanFactory.initializeBean(AbstractAutowireCapableBeanFactory.java:1811) ~[spring-beans-7.0.9.jar:7.0.9]
	... 108 common frames omitted
Caused by: org.postgresql.util.PSQLException: FATAL: password authentication failed for user "janidubomal"
	at org.postgresql.core.v3.ConnectionFactoryImpl.doAuthentication(ConnectionFactoryImpl.java:837) ~[postgresql-42.7.13.jar:42.7.13]
	at org.postgresql.core.v3.ConnectionFactoryImpl.tryConnect(ConnectionFactoryImpl.java:309) ~[postgresql-42.7.13.jar:42.7.13]
	at org.postgresql.core.v3.ConnectionFactoryImpl.openConnectionImpl(ConnectionFactoryImpl.java:367) ~[postgresql-42.7.13.jar:42.7.13]
	at org.postgresql.core.ConnectionFactory.openConnection(ConnectionFactory.java:52) ~[postgresql-42.7.13.jar:42.7.13]
	at org.postgresql.jdbc.PgConnection.<init>(PgConnection.java:295) ~[postgresql-42.7.13.jar:42.7.13]
	at org.postgresql.Driver.makeConnection(Driver.java:437) ~[postgresql-42.7.13.jar:42.7.13]
	at org.postgresql.Driver.connect(Driver.java:305) ~[postgresql-42.7.13.jar:42.7.13]
	at com.zaxxer.hikari.util.DriverDataSource.getConnection(DriverDataSource.java:144) ~[HikariCP-7.0.2.jar:na]
	at com.zaxxer.hikari.pool.PoolBase.newConnection(PoolBase.java:373) ~[HikariCP-7.0.2.jar:na]
	at com.zaxxer.hikari.pool.PoolBase.newPoolEntry(PoolBase.java:210) ~[HikariCP-7.0.2.jar:na]
	at com.zaxxer.hikari.pool.HikariPool.createPoolEntry(HikariPool.java:488) ~[HikariCP-7.0.2.jar:na]
	at com.zaxxer.hikari.pool.HikariPool.checkFailFast(HikariPool.java:576) ~[HikariCP-7.0.2.jar:na]
	at com.zaxxer.hikari.pool.HikariPool.<init>(HikariPool.java:97) ~[HikariCP-7.0.2.jar:na]
	at com.zaxxer.hikari.HikariDataSource.getConnection(HikariDataSource.java:111) ~[HikariCP-7.0.2.jar:na]
	at org.flywaydb.core.internal.jdbc.JdbcUtils.openConnection(JdbcUtils.java:73) ~[flyway-core-12.4.0.jar:na]
	... 115 common frames omitted

2026-10-10T16:27:55.234+05:30  WARN 8493 --- [taskflow] [main] o.s.test.context.TestContextManager      : Caught exception while allowing TestExecutionListener [org.springframework.test.context.web.ServletTestExecutionListener] to prepare test instance [com.example.taskflow.TaskflowApplicationTests@631944d4]

java.lang.IllegalStateException: Failed to load ApplicationContext for [WebMergedContextConfiguration@23ec2bdc testClass = com.example.taskflow.TaskflowApplicationTests, locations = [], classes = [com.example.taskflow.TaskflowApplication], contextInitializerClasses = [], activeProfiles = [], propertySourceDescriptors = [], propertySourceProperties = ["org.springframework.boot.test.context.SpringBootTestContextBootstrapper=true"], contextCustomizers = [org.springframework.boot.webmvc.test.autoconfigure.WebDriverContextCustomizer@107ed6fc, org.springframework.boot.web.server.context.SpringBootTestRandomPortContextCustomizer@2e029d61, org.springframework.boot.test.context.PropertyMappingContextCustomizer@0, org.springframework.boot.test.context.filter.ExcludeFilterContextCustomizer@319988b0, org.springframework.boot.test.json.DuplicateJsonObjectContextCustomizerFactory$DuplicateJsonObjectContextCustomizer@757d6814, org.springframework.boot.test.autoconfigure.OnFailureConditionReportContextCustomizerFactory$OnFailureConditionReportContextCustomizer@4c168660, org.springframework.test.context.support.DynamicPropertiesContextCustomizer@0, org.springframework.boot.testcontainers.service.connection.ServiceConnectionContextCustomizer@0, org.springframework.boot.test.context.SpringBootTestAnnotation@dd4e0437], resourceBasePath = "src/main/webapp", contextLoader = org.springframework.boot.test.context.SpringBootContextLoader, parent = null]
	at org.springframework.test.context.cache.DefaultCacheAwareContextLoaderDelegate.lambda$loadContext$0(DefaultCacheAwareContextLoaderDelegate.java:195) ~[spring-test-7.0.9.jar:7.0.9]
	at org.springframework.test.context.cache.DefaultContextCache.put(DefaultContextCache.java:214) ~[spring-test-7.0.9.jar:7.0.9]
	at org.springframework.test.context.cache.DefaultCacheAwareContextLoaderDelegate.loadContext(DefaultCacheAwareContextLoaderDelegate.java:160) ~[spring-test-7.0.9.jar:7.0.9]
	at org.springframework.test.context.support.DefaultTestContext.getApplicationContext(DefaultTestContext.java:128) ~[spring-test-7.0.9.jar:7.0.9]
	at org.springframework.test.context.web.ServletTestExecutionListener.setUpRequestContextIfNecessary(ServletTestExecutionListener.java:200) ~[spring-test-7.0.9.jar:7.0.9]
	at org.springframework.test.context.web.ServletTestExecutionListener.prepareTestInstance(ServletTestExecutionListener.java:139) ~[spring-test-7.0.9.jar:7.0.9]
	at org.springframework.test.context.TestContextManager.prepareTestInstance(TestContextManager.java:260) ~[spring-test-7.0.9.jar:7.0.9]
	at org.springframework.test.context.junit.jupiter.SpringExtension.postProcessTestInstance(SpringExtension.java:242) ~[spring-test-7.0.9.jar:7.0.9]
	at org.junit.jupiter.engine.descriptor.ClassBasedTestDescriptor.lambda$invokeTestInstancePostProcessors$1(ClassBasedTestDescriptor.java:423) ~[junit-jupiter-engine-6.0.3.jar:6.0.3]
	at org.junit.jupiter.engine.descriptor.ClassBasedTestDescriptor.executeAndMaskThrowable(ClassBasedTestDescriptor.java:428) ~[junit-jupiter-engine-6.0.3.jar:6.0.3]
	at org.junit.jupiter.engine.descriptor.ClassBasedTestDescriptor.lambda$invokeTestInstancePostProcessors$0(ClassBasedTestDescriptor.java:422) ~[junit-jupiter-engine-6.0.3.jar:6.0.3]
	at java.base/java.util.stream.ForEachOps$ForEachOp$OfRef.accept(ForEachOps.java:184) ~[na:na]
	at java.base/java.util.stream.ReferencePipeline$3$1.accept(ReferencePipeline.java:212) ~[na:na]
	at java.base/java.util.stream.ReferencePipeline$2$1.accept(ReferencePipeline.java:194) ~[na:na]
	at java.base/java.util.stream.ReferencePipeline$3$1.accept(ReferencePipeline.java:212) ~[na:na]
	at java.base/java.util.ArrayList$ArrayListSpliterator.forEachRemaining(ArrayList.java:1709) ~[na:na]
	at java.base/java.util.stream.AbstractPipeline.copyInto(AbstractPipeline.java:556) ~[na:na]
	at java.base/java.util.stream.AbstractPipeline.wrapAndCopyInto(AbstractPipeline.java:546) ~[na:na]
	at java.base/java.util.stream.ForEachOps$ForEachOp.evaluateSequential(ForEachOps.java:151) ~[na:na]
	at java.base/java.util.stream.ForEachOps$ForEachOp$OfRef.evaluateSequential(ForEachOps.java:174) ~[na:na]
	at java.base/java.util.stream.AbstractPipeline.evaluate(AbstractPipeline.java:265) ~[na:na]
	at java.base/java.util.stream.ReferencePipeline.forEach(ReferencePipeline.java:611) ~[na:na]
	at org.junit.jupiter.engine.descriptor.ClassBasedTestDescriptor.invokeTestInstancePostProcessors(ClassBasedTestDescriptor.java:422) ~[junit-jupiter-engine-6.0.3.jar:6.0.3]
	at org.junit.jupiter.engine.descriptor.ClassBasedTestDescriptor.lambda$instantiateAndPostProcessTestInstance$0(ClassBasedTestDescriptor.java:334) ~[junit-jupiter-engine-6.0.3.jar:6.0.3]
	at org.junit.platform.engine.support.hierarchical.ThrowableCollector.execute(ThrowableCollector.java:74) ~[junit-platform-engine-6.0.3.jar:6.0.3]
	at org.junit.jupiter.engine.descriptor.ClassBasedTestDescriptor.instantiateAndPostProcessTestInstance(ClassBasedTestDescriptor.java:333) ~[junit-jupiter-engine-6.0.3.jar:6.0.3]
	at org.junit.jupiter.engine.descriptor.ClassBasedTestDescriptor.lambda$testInstancesProvider$1(ClassBasedTestDescriptor.java:322) ~[junit-jupiter-engine-6.0.3.jar:6.0.3]
	at java.base/java.util.Optional.orElseGet(Optional.java:364) ~[na:na]
	at org.junit.jupiter.engine.descriptor.ClassBasedTestDescriptor.lambda$testInstancesProvider$0(ClassBasedTestDescriptor.java:321) ~[junit-jupiter-engine-6.0.3.jar:6.0.3]
	at org.junit.jupiter.engine.execution.TestInstancesProvider.getTestInstances(TestInstancesProvider.java:27) ~[junit-jupiter-engine-6.0.3.jar:6.0.3]
	at org.junit.jupiter.engine.descriptor.TestMethodTestDescriptor.lambda$prepare$0(TestMethodTestDescriptor.java:127) ~[junit-jupiter-engine-6.0.3.jar:6.0.3]
	at org.junit.platform.engine.support.hierarchical.ThrowableCollector.execute(ThrowableCollector.java:74) ~[junit-platform-engine-6.0.3.jar:6.0.3]
	at org.junit.jupiter.engine.descriptor.TestMethodTestDescriptor.prepare(TestMethodTestDescriptor.java:126) ~[junit-jupiter-engine-6.0.3.jar:6.0.3]
	at org.junit.jupiter.engine.descriptor.TestMethodTestDescriptor.prepare(TestMethodTestDescriptor.java:70) ~[junit-jupiter-engine-6.0.3.jar:6.0.3]
	at org.junit.platform.engine.support.hierarchical.NodeTestTask.lambda$prepare$0(NodeTestTask.java:144) ~[junit-platform-engine-6.0.3.jar:6.0.3]
	at org.junit.platform.engine.support.hierarchical.ThrowableCollector.execute(ThrowableCollector.java:74) ~[junit-platform-engine-6.0.3.jar:6.0.3]
	at org.junit.platform.engine.support.hierarchical.NodeTestTask.prepare(NodeTestTask.java:144) ~[junit-platform-engine-6.0.3.jar:6.0.3]
	at org.junit.platform.engine.support.hierarchical.NodeTestTask.execute(NodeTestTask.java:110) ~[junit-platform-engine-6.0.3.jar:6.0.3]
	at java.base/java.util.ArrayList.forEach(ArrayList.java:1597) ~[na:na]
	at org.junit.platform.engine.support.hierarchical.SameThreadHierarchicalTestExecutorService.invokeAll(SameThreadHierarchicalTestExecutorService.java:42) ~[junit-platform-engine-6.0.3.jar:6.0.3]
	at org.junit.platform.engine.support.hierarchical.NodeTestTask.lambda$executeRecursively$2(NodeTestTask.java:180) ~[junit-platform-engine-6.0.3.jar:6.0.3]
	at org.junit.platform.engine.support.hierarchical.ThrowableCollector.execute(ThrowableCollector.java:74) ~[junit-platform-engine-6.0.3.jar:6.0.3]
	at org.junit.platform.engine.support.hierarchical.NodeTestTask.lambda$executeRecursively$1(NodeTestTask.java:166) ~[junit-platform-engine-6.0.3.jar:6.0.3]
	at org.junit.platform.engine.support.hierarchical.Node.around(Node.java:138) ~[junit-platform-engine-6.0.3.jar:6.0.3]
	at org.junit.platform.engine.support.hierarchical.NodeTestTask.lambda$executeRecursively$0(NodeTestTask.java:164) ~[junit-platform-engine-6.0.3.jar:6.0.3]
	at org.junit.platform.engine.support.hierarchical.ThrowableCollector.execute(ThrowableCollector.java:74) ~[junit-platform-engine-6.0.3.jar:6.0.3]
	at org.junit.platform.engine.support.hierarchical.NodeTestTask.executeRecursively(NodeTestTask.java:163) ~[junit-platform-engine-6.0.3.jar:6.0.3]
	at org.junit.platform.engine.support.hierarchical.NodeTestTask.execute(NodeTestTask.java:116) ~[junit-platform-engine-6.0.3.jar:6.0.3]
	at java.base/java.util.ArrayList.forEach(ArrayList.java:1597) ~[na:na]
	at org.junit.platform.engine.support.hierarchical.SameThreadHierarchicalTestExecutorService.invokeAll(SameThreadHierarchicalTestExecutorService.java:42) ~[junit-platform-engine-6.0.3.jar:6.0.3]
	at org.junit.platform.engine.support.hierarchical.NodeTestTask.lambda$executeRecursively$2(NodeTestTask.java:180) ~[junit-platform-engine-6.0.3.jar:6.0.3]
	at org.junit.platform.engine.support.hierarchical.ThrowableCollector.execute(ThrowableCollector.java:74) ~[junit-platform-engine-6.0.3.jar:6.0.3]
	at org.junit.platform.engine.support.hierarchical.NodeTestTask.lambda$executeRecursively$1(NodeTestTask.java:166) ~[junit-platform-engine-6.0.3.jar:6.0.3]
	at org.junit.platform.engine.support.hierarchical.Node.around(Node.java:138) ~[junit-platform-engine-6.0.3.jar:6.0.3]
	at org.junit.platform.engine.support.hierarchical.NodeTestTask.lambda$executeRecursively$0(NodeTestTask.java:164) ~[junit-platform-engine-6.0.3.jar:6.0.3]
	at org.junit.platform.engine.support.hierarchical.ThrowableCollector.execute(ThrowableCollector.java:74) ~[junit-platform-engine-6.0.3.jar:6.0.3]
	at org.junit.platform.engine.support.hierarchical.NodeTestTask.executeRecursively(NodeTestTask.java:163) ~[junit-platform-engine-6.0.3.jar:6.0.3]
	at org.junit.platform.engine.support.hierarchical.NodeTestTask.execute(NodeTestTask.java:116) ~[junit-platform-engine-6.0.3.jar:6.0.3]
	at org.junit.platform.engine.support.hierarchical.SameThreadHierarchicalTestExecutorService.submit(SameThreadHierarchicalTestExecutorService.java:36) ~[junit-platform-engine-6.0.3.jar:6.0.3]
	at org.junit.platform.engine.support.hierarchical.HierarchicalTestExecutor.execute(HierarchicalTestExecutor.java:52) ~[junit-platform-engine-6.0.3.jar:6.0.3]
	at org.junit.platform.engine.support.hierarchical.HierarchicalTestEngine.execute(HierarchicalTestEngine.java:58) ~[junit-platform-engine-6.0.3.jar:6.0.3]
	at org.junit.platform.launcher.core.EngineExecutionOrchestrator.executeEngine(EngineExecutionOrchestrator.java:246) ~[junit-platform-launcher-6.0.3.jar:6.0.3]
	at org.junit.platform.launcher.core.EngineExecutionOrchestrator.failOrExecuteEngine(EngineExecutionOrchestrator.java:218) ~[junit-platform-launcher-6.0.3.jar:6.0.3]
	at org.junit.platform.launcher.core.EngineExecutionOrchestrator.execute(EngineExecutionOrchestrator.java:179) ~[junit-platform-launcher-6.0.3.jar:6.0.3]
	at org.junit.platform.launcher.core.EngineExecutionOrchestrator.execute(EngineExecutionOrchestrator.java:108) ~[junit-platform-launcher-6.0.3.jar:6.0.3]
	at org.junit.platform.launcher.core.EngineExecutionOrchestrator.lambda$execute$0(EngineExecutionOrchestrator.java:66) ~[junit-platform-launcher-6.0.3.jar:6.0.3]
	at org.junit.platform.launcher.core.EngineExecutionOrchestrator.withInterceptedStreams(EngineExecutionOrchestrator.java:157) ~[junit-platform-launcher-6.0.3.jar:6.0.3]
	at org.junit.platform.launcher.core.EngineExecutionOrchestrator.execute(EngineExecutionOrchestrator.java:65) ~[junit-platform-launcher-6.0.3.jar:6.0.3]
	at org.junit.platform.launcher.core.DefaultLauncher.execute(DefaultLauncher.java:125) ~[junit-platform-launcher-6.0.3.jar:6.0.3]
	at org.junit.platform.launcher.core.DefaultLauncher.execute(DefaultLauncher.java:114) ~[junit-platform-launcher-6.0.3.jar:6.0.3]
	at org.junit.platform.launcher.core.DelegatingLauncher.execute(DelegatingLauncher.java:58) ~[junit-platform-launcher-6.0.3.jar:6.0.3]
	at org.junit.platform.launcher.core.InterceptingLauncher.lambda$execute$2(InterceptingLauncher.java:57) ~[junit-platform-launcher-6.0.3.jar:6.0.3]
	at org.junit.platform.launcher.core.ClasspathAlignmentCheckingLauncherInterceptor.intercept(ClasspathAlignmentCheckingLauncherInterceptor.java:25) ~[junit-platform-launcher-6.0.3.jar:6.0.3]
	at org.junit.platform.launcher.core.InterceptingLauncher.execute(InterceptingLauncher.java:56) ~[junit-platform-launcher-6.0.3.jar:6.0.3]
	at org.junit.platform.launcher.core.DelegatingLauncher.execute(DelegatingLauncher.java:58) ~[junit-platform-launcher-6.0.3.jar:6.0.3]
	at java.base/jdk.internal.reflect.DirectMethodHandleAccessor.invoke(DirectMethodHandleAccessor.java:103) ~[na:na]
	at java.base/java.lang.reflect.Method.invoke(Method.java:580) ~[na:na]
	at org.apache.maven.surefire.api.util.ReflectionUtils.invokeMethodWithArray(ReflectionUtils.java:125) ~[surefire-api-3.5.6.jar:3.5.6]
	at org.apache.maven.surefire.junitplatform.LauncherAdapter.executeWithCancellationToken(LauncherAdapter.java:68) ~[surefire-junit-platform-3.5.6.jar:3.5.6]
	at org.apache.maven.surefire.junitplatform.LauncherAdapter.execute(LauncherAdapter.java:54) ~[surefire-junit-platform-3.5.6.jar:3.5.6]
	at org.apache.maven.surefire.junitplatform.JUnitPlatformProvider.execute(JUnitPlatformProvider.java:203) ~[surefire-junit-platform-3.5.6.jar:3.5.6]
	at org.apache.maven.surefire.junitplatform.JUnitPlatformProvider.invokeAllTests(JUnitPlatformProvider.java:168) ~[surefire-junit-platform-3.5.6.jar:3.5.6]
	at org.apache.maven.surefire.junitplatform.JUnitPlatformProvider.invoke(JUnitPlatformProvider.java:136) ~[surefire-junit-platform-3.5.6.jar:3.5.6]
	at org.apache.maven.surefire.booter.ForkedBooter.runSuitesInProcess(ForkedBooter.java:385) ~[surefire-booter-3.5.6.jar:3.5.6]
	at org.apache.maven.surefire.booter.ForkedBooter.execute(ForkedBooter.java:162) ~[surefire-booter-3.5.6.jar:3.5.6]
	at org.apache.maven.surefire.booter.ForkedBooter.run(ForkedBooter.java:507) ~[surefire-booter-3.5.6.jar:3.5.6]
	at org.apache.maven.surefire.booter.ForkedBooter.main(ForkedBooter.java:495) ~[surefire-booter-3.5.6.jar:3.5.6]
Caused by: org.springframework.beans.factory.BeanCreationException: Error creating bean with name 'entityManagerFactory' defined in class path resource [org/springframework/boot/hibernate/autoconfigure/HibernateJpaConfiguration.class]: Failed to initialize dependency 'flywayInitializer' of LoadTimeWeaverAware bean 'entityManagerFactory': Error creating bean with name 'flywayInitializer' defined in class path resource [org/springframework/boot/flyway/autoconfigure/FlywayAutoConfiguration$FlywayConfiguration.class]: Unable to obtain connection from database: FATAL: password authentication failed for user "janidubomal"
-------------------------------------------------------------------------------------------------------
SQL State  : 28P01
Error Code : 0
Message    : FATAL: password authentication failed for user "janidubomal"

	at org.springframework.beans.factory.support.AbstractBeanFactory.doGetBean(AbstractBeanFactory.java:322) ~[spring-beans-7.0.9.jar:7.0.9]
	at org.springframework.beans.factory.support.AbstractBeanFactory.getBean(AbstractBeanFactory.java:201) ~[spring-beans-7.0.9.jar:7.0.9]
	at org.springframework.context.support.AbstractApplicationContext.finishBeanFactoryInitialization(AbstractApplicationContext.java:977) ~[spring-context-7.0.9.jar:7.0.9]
	at org.springframework.context.support.AbstractApplicationContext.refresh(AbstractApplicationContext.java:621) ~[spring-context-7.0.9.jar:7.0.9]
	at org.springframework.boot.SpringApplication.refresh(SpringApplication.java:756) ~[spring-boot-4.1.1.jar:4.1.1]
	at org.springframework.boot.SpringApplication.refreshContext(SpringApplication.java:445) ~[spring-boot-4.1.1.jar:4.1.1]
	at org.springframework.boot.SpringApplication.run(SpringApplication.java:321) ~[spring-boot-4.1.1.jar:4.1.1]
	at org.springframework.boot.test.context.SpringBootContextLoader.lambda$loadContext$2(SpringBootContextLoader.java:155) ~[spring-boot-test-4.1.1.jar:4.1.1]
	at org.springframework.util.function.ThrowingSupplier.get(ThrowingSupplier.java:58) ~[spring-core-7.0.9.jar:7.0.9]
	at org.springframework.util.function.ThrowingSupplier.get(ThrowingSupplier.java:46) ~[spring-core-7.0.9.jar:7.0.9]
	at org.springframework.boot.SpringApplication.withHook(SpringApplication.java:1465) ~[spring-boot-4.1.1.jar:4.1.1]
	at org.springframework.boot.test.context.SpringBootContextLoader$ContextLoaderHook.run(SpringBootContextLoader.java:600) ~[spring-boot-test-4.1.1.jar:4.1.1]
	at org.springframework.boot.test.context.SpringBootContextLoader.loadContext(SpringBootContextLoader.java:155) ~[spring-boot-test-4.1.1.jar:4.1.1]
	at org.springframework.boot.test.context.SpringBootContextLoader.loadContext(SpringBootContextLoader.java:114) ~[spring-boot-test-4.1.1.jar:4.1.1]
	at org.springframework.test.context.cache.DefaultCacheAwareContextLoaderDelegate.loadContextInternal(DefaultCacheAwareContextLoaderDelegate.java:247) ~[spring-test-7.0.9.jar:7.0.9]
	at org.springframework.test.context.cache.DefaultCacheAwareContextLoaderDelegate.lambda$loadContext$0(DefaultCacheAwareContextLoaderDelegate.java:167) ~[spring-test-7.0.9.jar:7.0.9]
	... 86 common frames omitted
Caused by: org.springframework.beans.factory.BeanCreationException: Error creating bean with name 'flywayInitializer' defined in class path resource [org/springframework/boot/flyway/autoconfigure/FlywayAutoConfiguration$FlywayConfiguration.class]: Unable to obtain connection from database: FATAL: password authentication failed for user "janidubomal"
-------------------------------------------------------------------------------------------------------
SQL State  : 28P01
Error Code : 0
Message    : FATAL: password authentication failed for user "janidubomal"

	at org.springframework.beans.factory.support.AbstractAutowireCapableBeanFactory.initializeBean(AbstractAutowireCapableBeanFactory.java:1815) ~[spring-beans-7.0.9.jar:7.0.9]
	at org.springframework.beans.factory.support.AbstractAutowireCapableBeanFactory.doCreateBean(AbstractAutowireCapableBeanFactory.java:603) ~[spring-beans-7.0.9.jar:7.0.9]
	at org.springframework.beans.factory.support.AbstractAutowireCapableBeanFactory.createBean(AbstractAutowireCapableBeanFactory.java:525) ~[spring-beans-7.0.9.jar:7.0.9]
	at org.springframework.beans.factory.support.AbstractBeanFactory.lambda$doGetBean$0(AbstractBeanFactory.java:333) ~[spring-beans-7.0.9.jar:7.0.9]
	at org.springframework.beans.factory.support.DefaultSingletonBeanRegistry.getSingleton(DefaultSingletonBeanRegistry.java:371) ~[spring-beans-7.0.9.jar:7.0.9]
	at org.springframework.beans.factory.support.AbstractBeanFactory.doGetBean(AbstractBeanFactory.java:331) ~[spring-beans-7.0.9.jar:7.0.9]
	at org.springframework.beans.factory.support.AbstractBeanFactory.getBean(AbstractBeanFactory.java:196) ~[spring-beans-7.0.9.jar:7.0.9]
	at org.springframework.beans.factory.support.AbstractBeanFactory.doGetBean(AbstractBeanFactory.java:309) ~[spring-beans-7.0.9.jar:7.0.9]
	... 101 common frames omitted
Caused by: org.flywaydb.core.internal.exception.sqlExceptions.FlywaySqlUnableToConnectToDbException: Unable to obtain connection from database: FATAL: password authentication failed for user "janidubomal"
-------------------------------------------------------------------------------------------------------
SQL State  : 28P01
Error Code : 0
Message    : FATAL: password authentication failed for user "janidubomal"

	at org.flywaydb.core.internal.jdbc.JdbcUtils.openConnection(JdbcUtils.java:78) ~[flyway-core-12.4.0.jar:na]
	at org.flywaydb.core.internal.jdbc.JdbcConnectionFactory.<init>(JdbcConnectionFactory.java:76) ~[flyway-core-12.4.0.jar:na]
	at org.flywaydb.core.FlywayExecutor.init(FlywayExecutor.java:275) ~[flyway-core-12.4.0.jar:na]
	at org.flywaydb.core.FlywayExecutor.execute(FlywayExecutor.java:120) ~[flyway-core-12.4.0.jar:na]
	at org.flywaydb.core.Flyway.migrate(Flyway.java:181) ~[flyway-core-12.4.0.jar:na]
	at org.springframework.boot.flyway.autoconfigure.FlywayMigrationInitializer.afterPropertiesSet(FlywayMigrationInitializer.java:67) ~[spring-boot-flyway-4.1.1.jar:4.1.1]
	at org.springframework.beans.factory.support.AbstractAutowireCapableBeanFactory.invokeInitMethods(AbstractAutowireCapableBeanFactory.java:1862) ~[spring-beans-7.0.9.jar:7.0.9]
	at org.springframework.beans.factory.support.AbstractAutowireCapableBeanFactory.initializeBean(AbstractAutowireCapableBeanFactory.java:1811) ~[spring-beans-7.0.9.jar:7.0.9]
	... 108 common frames omitted
Caused by: org.postgresql.util.PSQLException: FATAL: password authentication failed for user "janidubomal"
	at org.postgresql.core.v3.ConnectionFactoryImpl.doAuthentication(ConnectionFactoryImpl.java:837) ~[postgresql-42.7.13.jar:42.7.13]
	at org.postgresql.core.v3.ConnectionFactoryImpl.tryConnect(ConnectionFactoryImpl.java:309) ~[postgresql-42.7.13.jar:42.7.13]
	at org.postgresql.core.v3.ConnectionFactoryImpl.openConnectionImpl(ConnectionFactoryImpl.java:367) ~[postgresql-42.7.13.jar:42.7.13]
	at org.postgresql.core.ConnectionFactory.openConnection(ConnectionFactory.java:52) ~[postgresql-42.7.13.jar:42.7.13]
	at org.postgresql.jdbc.PgConnection.<init>(PgConnection.java:295) ~[postgresql-42.7.13.jar:42.7.13]
	at org.postgresql.Driver.makeConnection(Driver.java:437) ~[postgresql-42.7.13.jar:42.7.13]
	at org.postgresql.Driver.connect(Driver.java:305) ~[postgresql-42.7.13.jar:42.7.13]
	at com.zaxxer.hikari.util.DriverDataSource.getConnection(DriverDataSource.java:144) ~[HikariCP-7.0.2.jar:na]
	at com.zaxxer.hikari.pool.PoolBase.newConnection(PoolBase.java:373) ~[HikariCP-7.0.2.jar:na]
	at com.zaxxer.hikari.pool.PoolBase.newPoolEntry(PoolBase.java:210) ~[HikariCP-7.0.2.jar:na]
	at com.zaxxer.hikari.pool.HikariPool.createPoolEntry(HikariPool.java:488) ~[HikariCP-7.0.2.jar:na]
	at com.zaxxer.hikari.pool.HikariPool.checkFailFast(HikariPool.java:576) ~[HikariCP-7.0.2.jar:na]
	at com.zaxxer.hikari.pool.HikariPool.<init>(HikariPool.java:97) ~[HikariCP-7.0.2.jar:na]
	at com.zaxxer.hikari.HikariDataSource.getConnection(HikariDataSource.java:111) ~[HikariCP-7.0.2.jar:na]
	at org.flywaydb.core.internal.jdbc.JdbcUtils.openConnection(JdbcUtils.java:73) ~[flyway-core-12.4.0.jar:na]
	... 115 common frames omitted

2026-10-10T16:28:06.003+05:30  INFO 8258 --- [taskflow] [SpringApplicationShutdownHook] o.s.boot.tomcat.GracefulShutdown         : Commencing graceful shutdown. Waiting for active requests to complete
2026-10-10T16:28:06.013+05:30  INFO 8258 --- [taskflow] [tomcat-shutdown] o.s.boot.tomcat.GracefulShutdown         : Graceful shutdown complete
2026-10-10T16:28:06.019+05:30  INFO 8258 --- [taskflow] [SpringApplicationShutdownHook] j.LocalContainerEntityManagerFactoryBean : Closing JPA EntityManagerFactory for persistence unit 'default'
2026-10-10T16:28:06.024+05:30  INFO 8258 --- [taskflow] [SpringApplicationShutdownHook] com.zaxxer.hikari.HikariDataSource       : HikariPool-1 - Shutdown initiated...
2026-10-10T16:28:06.026+05:30  INFO 8258 --- [taskflow] [SpringApplicationShutdownHook] com.zaxxer.hikari.HikariDataSource       : HikariPool-1 - Shutdown completed.
2026-10-10T16:28:31.412+05:30  INFO 8669 --- [taskflow] [main] c.e.taskflow.TaskflowApplicationTests    : Starting TaskflowApplicationTests using Java 22.0.2 with PID 8669 (started by janidubomal in /Users/janidubomal/Downloads/taskflow)
2026-10-10T16:28:31.412+05:30 DEBUG 8669 --- [taskflow] [main] c.e.taskflow.TaskflowApplicationTests    : Running with Spring Boot v4.1.1, Spring v7.0.9
2026-10-10T16:28:31.412+05:30  INFO 8669 --- [taskflow] [main] c.e.taskflow.TaskflowApplicationTests    : No active profile set, falling back to 1 default profile: "default"
2026-10-10T16:28:31.736+05:30  INFO 8669 --- [taskflow] [main] .s.d.r.c.RepositoryConfigurationDelegate : Bootstrapping Spring Data JPA repositories in DEFAULT mode.
2026-10-10T16:28:31.756+05:30  INFO 8669 --- [taskflow] [main] .s.d.r.c.RepositoryConfigurationDelegate : Finished Spring Data repository scanning in 15 ms. Found 1 JPA repository interface.
2026-10-10T16:28:31.975+05:30  INFO 8669 --- [taskflow] [main] com.zaxxer.hikari.HikariDataSource       : HikariPool-1 - Starting...
2026-10-10T16:28:32.069+05:30  INFO 8669 --- [taskflow] [main] com.zaxxer.hikari.pool.HikariPool        : HikariPool-1 - Added connection org.postgresql.jdbc.PgConnection@7c956dda
2026-10-10T16:28:32.069+05:30  INFO 8669 --- [taskflow] [main] com.zaxxer.hikari.HikariDataSource       : HikariPool-1 - Start completed.
2026-10-10T16:28:32.078+05:30  INFO 8669 --- [taskflow] [main] org.flywaydb.core.FlywayExecutor         : Database: jdbc:postgresql://localhost:5432/taskflow (PostgreSQL 17.2)
2026-10-10T16:28:32.111+05:30  INFO 8669 --- [taskflow] [main] o.f.core.internal.command.DbValidate     : Successfully validated 2 migrations (execution time 00:00.012s)
2026-10-10T16:28:32.141+05:30  INFO 8669 --- [taskflow] [main] o.f.core.internal.command.DbMigrate      : Current version of schema "public": 2
2026-10-10T16:28:32.142+05:30  INFO 8669 --- [taskflow] [main] o.f.core.internal.command.DbMigrate      : Schema "public" is up to date. No migration necessary.
2026-10-10T16:28:32.179+05:30  INFO 8669 --- [taskflow] [main] org.hibernate.orm.jpa                    : HHH008540: Processing PersistenceUnitInfo [name: default]
2026-10-10T16:28:32.210+05:30  INFO 8669 --- [taskflow] [main] org.hibernate.orm.core                   : HHH000001: Hibernate ORM core version 7.4.5.Final
2026-10-10T16:28:32.389+05:30  INFO 8669 --- [taskflow] [main] o.s.o.j.p.SpringPersistenceUnitInfo      : No LoadTimeWeaver setup: ignoring JPA class transformer
2026-10-10T16:28:32.428+05:30  INFO 8669 --- [taskflow] [main] org.hibernate.orm.connections.pooling    : HHH10001005: Database info:
	Database JDBC URL [jdbc:postgresql://localhost:5432/taskflow]
	Database driver: PostgreSQL JDBC Driver
	Database dialect: PostgreSQLDialect
	Database version: 17.2
	Default catalog/schema: taskflow/public
	Autocommit mode: undefined/unknown
	Isolation level: READ_COMMITTED [default READ_COMMITTED]
	JDBC fetch size: none
	Pool: DataSourceConnectionProvider
	Minimum pool size: undefined/unknown
	Maximum pool size: undefined/unknown
2026-10-10T16:28:32.768+05:30  INFO 8669 --- [taskflow] [main] org.hibernate.orm.core                   : HHH000489: No JTA platform available (set 'hibernate.transaction.jta.platform' to enable JTA platform integration)
2026-10-10T16:28:32.797+05:30  INFO 8669 --- [taskflow] [main] j.LocalContainerEntityManagerFactoryBean : Initialized JPA EntityManagerFactory for persistence unit 'default'
2026-10-10T16:28:32.833+05:30  INFO 8669 --- [taskflow] [main] o.s.d.j.r.query.QueryEnhancerFactories   : Hibernate is in classpath; If applicable, HQL parser will be used.
2026-10-10T16:28:32.932+05:30  WARN 8669 --- [taskflow] [main] JpaBaseConfiguration$JpaWebConfiguration : spring.jpa.open-in-view is enabled by default. Therefore, database queries may be performed during view rendering. Explicitly configure spring.jpa.open-in-view to disable this warning
2026-10-10T16:28:33.141+05:30  INFO 8669 --- [taskflow] [main] o.s.b.a.e.web.EndpointLinksResolver      : Exposing 4 endpoints beneath base path '/actuator'
2026-10-10T16:28:33.165+05:30  INFO 8669 --- [taskflow] [main] c.e.taskflow.TaskflowApplicationTests    : Started TaskflowApplicationTests in 1.908 seconds (process running for 2.482)
2026-10-10T16:28:33.480+05:30  INFO 8669 --- [taskflow] [SpringApplicationShutdownHook] j.LocalContainerEntityManagerFactoryBean : Closing JPA EntityManagerFactory for persistence unit 'default'
2026-10-10T16:28:33.481+05:30  INFO 8669 --- [taskflow] [SpringApplicationShutdownHook] com.zaxxer.hikari.HikariDataSource       : HikariPool-1 - Shutdown initiated...
2026-10-10T16:28:33.483+05:30  INFO 8669 --- [taskflow] [SpringApplicationShutdownHook] com.zaxxer.hikari.HikariDataSource       : HikariPool-1 - Shutdown completed.
2026-10-10T16:28:44.742+05:30  INFO 8823 --- [taskflow] [main] c.e.t.repository.TaskRepositoryTest      : Starting TaskRepositoryTest using Java 22.0.2 with PID 8823 (started by janidubomal in /Users/janidubomal/Downloads/taskflow)
2026-10-10T16:28:44.743+05:30 DEBUG 8823 --- [taskflow] [main] c.e.t.repository.TaskRepositoryTest      : Running with Spring Boot v4.1.1, Spring v7.0.9
2026-10-10T16:28:44.743+05:30  INFO 8823 --- [taskflow] [main] c.e.t.repository.TaskRepositoryTest      : No active profile set, falling back to 1 default profile: "default"
2026-10-10T16:28:44.896+05:30  INFO 8823 --- [taskflow] [main] .s.d.r.c.RepositoryConfigurationDelegate : Bootstrapping Spring Data JPA repositories in DEFAULT mode.
2026-10-10T16:28:44.920+05:30  INFO 8823 --- [taskflow] [main] .s.d.r.c.RepositoryConfigurationDelegate : Finished Spring Data repository scanning in 18 ms. Found 1 JPA repository interface.
2026-10-10T16:28:44.942+05:30  INFO 8823 --- [taskflow] [main] beddedDataSourceBeanFactoryPostProcessor : Replacing 'dataSource' DataSource bean with embedded version
2026-10-10T16:28:44.978+05:30  INFO 8823 --- [taskflow] [main] o.s.j.d.e.EmbeddedDatabaseFactory        : Starting embedded database: url='jdbc:h2:mem:80b2a1a0-7f21-4f70-8831-ac9d7b420e75;DB_CLOSE_DELAY=-1;DB_CLOSE_ON_EXIT=false', username='sa'
2026-10-10T16:28:45.098+05:30  INFO 8823 --- [taskflow] [main] org.hibernate.orm.jpa                    : HHH008540: Processing PersistenceUnitInfo [name: default]
2026-10-10T16:28:45.130+05:30  INFO 8823 --- [taskflow] [main] org.hibernate.orm.core                   : HHH000001: Hibernate ORM core version 7.4.5.Final
2026-10-10T16:28:45.313+05:30  INFO 8823 --- [taskflow] [main] o.s.o.j.p.SpringPersistenceUnitInfo      : No LoadTimeWeaver setup: ignoring JPA class transformer
2026-10-10T16:28:45.348+05:30  INFO 8823 --- [taskflow] [main] org.hibernate.orm.connections.pooling    : HHH10001005: Database info:
	Database JDBC URL [jdbc:h2:mem:80b2a1a0-7f21-4f70-8831-ac9d7b420e75]
	Database driver: H2 JDBC Driver
	Database dialect: H2Dialect
	Database version: 2.4.240
	Default catalog/schema: 80B2A1A0-7F21-4F70-8831-AC9D7B420E75/PUBLIC
	Autocommit mode: undefined/unknown
	Isolation level: READ_COMMITTED [default READ_COMMITTED]
	JDBC fetch size: 100
	Pool: DataSourceConnectionProvider
	Minimum pool size: undefined/unknown
	Maximum pool size: undefined/unknown
2026-10-10T16:28:45.686+05:30  INFO 8823 --- [taskflow] [main] org.hibernate.orm.core                   : HHH000489: No JTA platform available (set 'hibernate.transaction.jta.platform' to enable JTA platform integration)
2026-10-10T16:28:45.699+05:30  INFO 8823 --- [taskflow] [main] j.LocalContainerEntityManagerFactoryBean : Initialized JPA EntityManagerFactory for persistence unit 'default'
2026-10-10T16:28:45.742+05:30  INFO 8823 --- [taskflow] [main] o.s.d.j.r.query.QueryEnhancerFactories   : Hibernate is in classpath; If applicable, HQL parser will be used.
2026-10-10T16:28:45.818+05:30  INFO 8823 --- [taskflow] [main] c.e.t.repository.TaskRepositoryTest      : Started TaskRepositoryTest in 1.266 seconds (process running for 1.869)
2026-10-10T16:28:46.351+05:30  INFO 8823 --- [taskflow] [main] org.testcontainers.images.PullPolicy     : Image pull policy will be performed by: DefaultPullPolicy()
2026-10-10T16:28:46.352+05:30  INFO 8823 --- [taskflow] [main] o.t.utility.ImageNameSubstitutor         : Image name substitution will be performed by: DefaultImageNameSubstitutor (composite of 'ConfigurationFileImageNameSubstitutor' and 'PrefixingImageNameSubstitutor')
2026-10-10T16:28:46.357+05:30  INFO 8823 --- [taskflow] [main] org.testcontainers.DockerClientFactory   : Testcontainers version: 2.0.5
2026-10-10T16:28:46.461+05:30  INFO 8823 --- [taskflow] [main] o.t.d.DockerClientProviderStrategy       : Loaded org.testcontainers.dockerclient.UnixSocketClientProviderStrategy from ~/.testcontainers.properties, will try it first
2026-10-10T16:28:46.685+05:30  INFO 8823 --- [taskflow] [main] o.t.d.DockerClientProviderStrategy       : Found Docker environment with local Unix socket (unix:///var/run/docker.sock)
2026-10-10T16:28:46.686+05:30  INFO 8823 --- [taskflow] [main] org.testcontainers.DockerClientFactory   : Docker host IP address is localhost
2026-10-10T16:28:46.697+05:30  INFO 8823 --- [taskflow] [main] org.testcontainers.DockerClientFactory   : Connected to docker: 
  Server Version: 27.4.0
  API Version: 1.47
  Operating System: Docker Desktop
  Total Memory: 3919 MB
  Labels: 
    com.docker.desktop.address=unix:///Users/janidubomal/Library/Containers/com.docker.docker/Data/docker-cli.sock
2026-10-10T16:28:46.715+05:30  INFO 8823 --- [taskflow] [main] tc.testcontainers/ryuk:0.14.0            : Creating container for image: testcontainers/ryuk:0.14.0
2026-10-10T16:28:46.923+05:30  INFO 8823 --- [taskflow] [main] tc.testcontainers/ryuk:0.14.0            : Container testcontainers/ryuk:0.14.0 is starting: 1cd9963ab15f8b43214bef1672a1303cf820f755a1f61fb4ef6878256771e63c
2026-10-10T16:28:47.266+05:30  INFO 8823 --- [taskflow] [main] tc.testcontainers/ryuk:0.14.0            : Container testcontainers/ryuk:0.14.0 started in PT0.550428S
2026-10-10T16:28:47.271+05:30  INFO 8823 --- [taskflow] [main] o.t.utility.RyukResourceReaper           : Ryuk started - will monitor and terminate Testcontainers containers on JVM exit
2026-10-10T16:28:47.271+05:30  INFO 8823 --- [taskflow] [main] org.testcontainers.DockerClientFactory   : Checking the system...
2026-10-10T16:28:47.271+05:30  INFO 8823 --- [taskflow] [main] org.testcontainers.DockerClientFactory   : ✔︎ Docker server version should be at least 1.6.0
2026-10-10T16:28:47.272+05:30  INFO 8823 --- [taskflow] [main] tc.postgres:16-alpine                    : Creating container for image: postgres:16-alpine
2026-10-10T16:28:47.298+05:30  INFO 8823 --- [taskflow] [main] tc.postgres:16-alpine                    : Container postgres:16-alpine is starting: fb15e2e752c69c48e677680d3aebb3face107e89da819de815636620cdc48af9
2026-10-10T16:28:48.156+05:30  INFO 8823 --- [taskflow] [main] tc.postgres:16-alpine                    : Container postgres:16-alpine started in PT0.884107S
2026-10-10T16:28:48.157+05:30  INFO 8823 --- [taskflow] [main] tc.postgres:16-alpine                    : Container is started (JDBC URL: jdbc:postgresql://localhost:51685/test?loggerLevel=OFF)
2026-10-10T16:28:48.164+05:30  INFO 8823 --- [taskflow] [main] t.c.s.AnnotationConfigContextLoaderUtils : Could not detect default configuration classes for test class [com.example.taskflow.integration.TaskRepositoryPostgresIntegrationTest]: TaskRepositoryPostgresIntegrationTest does not declare any static, non-private, non-final, nested classes annotated with @Configuration.
2026-10-10T16:28:48.180+05:30  INFO 8823 --- [taskflow] [main] .b.t.c.SpringBootTestContextBootstrapper : Found @SpringBootConfiguration com.example.taskflow.TaskflowApplication for test class com.example.taskflow.integration.TaskRepositoryPostgresIntegrationTest
2026-10-10T16:28:48.182+05:30  INFO 8823 --- [taskflow] [main] t.c.s.AnnotationConfigContextLoaderUtils : Could not detect default configuration classes for test class [com.example.taskflow.integration.TaskRepositoryPostgresIntegrationTest]: TaskRepositoryPostgresIntegrationTest does not declare any static, non-private, non-final, nested classes annotated with @Configuration.
2026-10-10T16:28:48.185+05:30  INFO 8823 --- [taskflow] [main] .b.t.c.SpringBootTestContextBootstrapper : Found @SpringBootConfiguration com.example.taskflow.TaskflowApplication for test class com.example.taskflow.integration.TaskRepositoryPostgresIntegrationTest
2026-10-10T16:28:48.193+05:30  INFO 8823 --- [taskflow] [main] o.s.b.d.r.RestartApplicationListener     : Restart disabled due to context in which it is running
2026-10-10T16:28:48.213+05:30  INFO 8823 --- [taskflow] [main] .i.TaskRepositoryPostgresIntegrationTest : Starting TaskRepositoryPostgresIntegrationTest using Java 22.0.2 with PID 8823 (started by janidubomal in /Users/janidubomal/Downloads/taskflow)
2026-10-10T16:28:48.214+05:30 DEBUG 8823 --- [taskflow] [main] .i.TaskRepositoryPostgresIntegrationTest : Running with Spring Boot v4.1.1, Spring v7.0.9
2026-10-10T16:28:48.214+05:30  INFO 8823 --- [taskflow] [main] .i.TaskRepositoryPostgresIntegrationTest : No active profile set, falling back to 1 default profile: "default"
2026-10-10T16:28:48.427+05:30  INFO 8823 --- [taskflow] [main] .s.d.r.c.RepositoryConfigurationDelegate : Bootstrapping Spring Data JPA repositories in DEFAULT mode.
2026-10-10T16:28:48.431+05:30  INFO 8823 --- [taskflow] [main] .s.d.r.c.RepositoryConfigurationDelegate : Finished Spring Data repository scanning in 2 ms. Found 1 JPA repository interface.
2026-10-10T16:28:48.722+05:30  INFO 8823 --- [taskflow] [main] org.flywaydb.core.FlywayExecutor         : Database: jdbc:postgresql://localhost:51685/test?loggerLevel=OFF (PostgreSQL 16.15)
2026-10-10T16:28:48.753+05:30  INFO 8823 --- [taskflow] [main] o.f.c.i.s.JdbcTableSchemaHistory         : Schema history table "public"."flyway_schema_history" does not exist yet
2026-10-10T16:28:48.755+05:30  INFO 8823 --- [taskflow] [main] o.f.core.internal.command.DbValidate     : Successfully validated 2 migrations (execution time 00:00.007s)
2026-10-10T16:28:48.765+05:30  INFO 8823 --- [taskflow] [main] o.f.c.i.s.JdbcTableSchemaHistory         : Creating Schema History table "public"."flyway_schema_history" ...
2026-10-10T16:28:48.811+05:30  INFO 8823 --- [taskflow] [main] o.f.core.internal.command.DbMigrate      : Current version of schema "public": << Empty Schema >>
2026-10-10T16:28:48.814+05:30  INFO 8823 --- [taskflow] [main] o.f.core.internal.command.DbMigrate      : Migrating schema "public" to version "1 - create tasks table"
2026-10-10T16:28:48.831+05:30  INFO 8823 --- [taskflow] [main] o.f.core.internal.command.DbMigrate      : Migrating schema "public" to version "2 - add priority to tasks"
2026-10-10T16:28:48.840+05:30  INFO 8823 --- [taskflow] [main] o.f.core.internal.command.DbMigrate      : Successfully applied 2 migrations to schema "public", now at version v2 (execution time 00:00.010s)
2026-10-10T16:28:48.851+05:30  INFO 8823 --- [taskflow] [main] org.hibernate.orm.jpa                    : HHH008540: Processing PersistenceUnitInfo [name: default]
2026-10-10T16:28:48.859+05:30  INFO 8823 --- [taskflow] [main] o.s.o.j.p.SpringPersistenceUnitInfo      : No LoadTimeWeaver setup: ignoring JPA class transformer
2026-10-10T16:28:48.859+05:30  INFO 8823 --- [taskflow] [main] com.zaxxer.hikari.HikariDataSource       : HikariPool-1 - Starting...
2026-10-10T16:28:48.877+05:30  INFO 8823 --- [taskflow] [main] com.zaxxer.hikari.pool.HikariPool        : HikariPool-1 - Added connection org.postgresql.jdbc.PgConnection@17a65cb1
2026-10-10T16:28:48.878+05:30  INFO 8823 --- [taskflow] [main] com.zaxxer.hikari.HikariDataSource       : HikariPool-1 - Start completed.
2026-10-10T16:28:48.889+05:30  INFO 8823 --- [taskflow] [main] org.hibernate.orm.connections.pooling    : HHH10001005: Database info:
	Database JDBC URL [jdbc:postgresql://localhost:51685/test?loggerLevel=OFF]
	Database driver: PostgreSQL JDBC Driver
	Database dialect: PostgreSQLDialect
	Database version: 16.15
	Default catalog/schema: test/public
	Autocommit mode: undefined/unknown
	Isolation level: READ_COMMITTED [default READ_COMMITTED]
	JDBC fetch size: none
	Pool: DataSourceConnectionProvider
	Minimum pool size: undefined/unknown
	Maximum pool size: undefined/unknown
2026-10-10T16:28:48.919+05:30  INFO 8823 --- [taskflow] [main] org.hibernate.orm.core                   : HHH000489: No JTA platform available (set 'hibernate.transaction.jta.platform' to enable JTA platform integration)
2026-10-10T16:28:48.943+05:30  INFO 8823 --- [taskflow] [main] j.LocalContainerEntityManagerFactoryBean : Initialized JPA EntityManagerFactory for persistence unit 'default'
2026-10-10T16:28:48.991+05:30  WARN 8823 --- [taskflow] [main] JpaBaseConfiguration$JpaWebConfiguration : spring.jpa.open-in-view is enabled by default. Therefore, database queries may be performed during view rendering. Explicitly configure spring.jpa.open-in-view to disable this warning
2026-10-10T16:28:49.177+05:30  INFO 8823 --- [taskflow] [main] o.s.b.a.e.web.EndpointLinksResolver      : Exposing 4 endpoints beneath base path '/actuator'
2026-10-10T16:28:49.201+05:30  INFO 8823 --- [taskflow] [main] .i.TaskRepositoryPostgresIntegrationTest : Started TaskRepositoryPostgresIntegrationTest in 1.008 seconds (process running for 5.253)
2026-10-10T16:28:49.462+05:30  INFO 8823 --- [taskflow] [main] tc.postgres:16-alpine                    : Creating container for image: postgres:16-alpine
2026-10-10T16:28:49.508+05:30  INFO 8823 --- [taskflow] [main] tc.postgres:16-alpine                    : Container postgres:16-alpine is starting: ed713945819e470d3a630587cfeb1b45076c0cc7f64f187468c7ab06c1512270
2026-10-10T16:28:50.404+05:30  INFO 8823 --- [taskflow] [main] tc.postgres:16-alpine                    : Container postgres:16-alpine started in PT0.941824S
2026-10-10T16:28:50.407+05:30  INFO 8823 --- [taskflow] [main] tc.postgres:16-alpine                    : Container is started (JDBC URL: jdbc:postgresql://localhost:51700/test?loggerLevel=OFF)
2026-10-10T16:28:50.415+05:30  INFO 8823 --- [taskflow] [main] t.c.s.AnnotationConfigContextLoaderUtils : Could not detect default configuration classes for test class [com.example.taskflow.integration.TaskApiIntegrationTest]: TaskApiIntegrationTest does not declare any static, non-private, non-final, nested classes annotated with @Configuration.
2026-10-10T16:28:50.426+05:30  INFO 8823 --- [taskflow] [main] .b.t.c.SpringBootTestContextBootstrapper : Found @SpringBootConfiguration com.example.taskflow.TaskflowApplication for test class com.example.taskflow.integration.TaskApiIntegrationTest
2026-10-10T16:28:50.429+05:30  INFO 8823 --- [taskflow] [main] t.c.s.AnnotationConfigContextLoaderUtils : Could not detect default configuration classes for test class [com.example.taskflow.integration.TaskApiIntegrationTest]: TaskApiIntegrationTest does not declare any static, non-private, non-final, nested classes annotated with @Configuration.
2026-10-10T16:28:50.432+05:30  INFO 8823 --- [taskflow] [main] .b.t.c.SpringBootTestContextBootstrapper : Found @SpringBootConfiguration com.example.taskflow.TaskflowApplication for test class com.example.taskflow.integration.TaskApiIntegrationTest
2026-10-10T16:28:50.437+05:30  INFO 8823 --- [taskflow] [main] o.s.b.d.r.RestartApplicationListener     : Restart disabled due to context in which it is running
2026-10-10T16:28:50.451+05:30  INFO 8823 --- [taskflow] [main] c.e.t.i.TaskApiIntegrationTest           : Starting TaskApiIntegrationTest using Java 22.0.2 with PID 8823 (started by janidubomal in /Users/janidubomal/Downloads/taskflow)
2026-10-10T16:28:50.451+05:30 DEBUG 8823 --- [taskflow] [main] c.e.t.i.TaskApiIntegrationTest           : Running with Spring Boot v4.1.1, Spring v7.0.9
2026-10-10T16:28:50.451+05:30  INFO 8823 --- [taskflow] [main] c.e.t.i.TaskApiIntegrationTest           : No active profile set, falling back to 1 default profile: "default"
2026-10-10T16:28:50.535+05:30  INFO 8823 --- [taskflow] [main] .s.d.r.c.RepositoryConfigurationDelegate : Bootstrapping Spring Data JPA repositories in DEFAULT mode.
2026-10-10T16:28:50.542+05:30  INFO 8823 --- [taskflow] [main] .s.d.r.c.RepositoryConfigurationDelegate : Finished Spring Data repository scanning in 3 ms. Found 1 JPA repository interface.
2026-10-10T16:28:50.616+05:30  INFO 8823 --- [taskflow] [main] org.flywaydb.core.FlywayExecutor         : Database: jdbc:postgresql://localhost:51700/test?loggerLevel=OFF (PostgreSQL 16.15)
2026-10-10T16:28:50.624+05:30  INFO 8823 --- [taskflow] [main] o.f.c.i.s.JdbcTableSchemaHistory         : Schema history table "public"."flyway_schema_history" does not exist yet
2026-10-10T16:28:50.624+05:30  INFO 8823 --- [taskflow] [main] o.f.core.internal.command.DbValidate     : Successfully validated 2 migrations (execution time 00:00.002s)
2026-10-10T16:28:50.629+05:30  INFO 8823 --- [taskflow] [main] o.f.c.i.s.JdbcTableSchemaHistory         : Creating Schema History table "public"."flyway_schema_history" ...
2026-10-10T16:28:50.642+05:30  INFO 8823 --- [taskflow] [main] o.f.core.internal.command.DbMigrate      : Current version of schema "public": << Empty Schema >>
2026-10-10T16:28:50.644+05:30  INFO 8823 --- [taskflow] [main] o.f.core.internal.command.DbMigrate      : Migrating schema "public" to version "1 - create tasks table"
2026-10-10T16:28:50.652+05:30  INFO 8823 --- [taskflow] [main] o.f.core.internal.command.DbMigrate      : Migrating schema "public" to version "2 - add priority to tasks"
2026-10-10T16:28:50.658+05:30  INFO 8823 --- [taskflow] [main] o.f.core.internal.command.DbMigrate      : Successfully applied 2 migrations to schema "public", now at version v2 (execution time 00:00.005s)
2026-10-10T16:28:50.666+05:30  INFO 8823 --- [taskflow] [main] org.hibernate.orm.jpa                    : HHH008540: Processing PersistenceUnitInfo [name: default]
2026-10-10T16:28:50.673+05:30  INFO 8823 --- [taskflow] [main] o.s.o.j.p.SpringPersistenceUnitInfo      : No LoadTimeWeaver setup: ignoring JPA class transformer
2026-10-10T16:28:50.674+05:30  INFO 8823 --- [taskflow] [main] com.zaxxer.hikari.HikariDataSource       : HikariPool-2 - Starting...
2026-10-10T16:28:50.679+05:30  INFO 8823 --- [taskflow] [main] com.zaxxer.hikari.pool.HikariPool        : HikariPool-2 - Added connection org.postgresql.jdbc.PgConnection@1f85abd9
2026-10-10T16:28:50.679+05:30  INFO 8823 --- [taskflow] [main] com.zaxxer.hikari.HikariDataSource       : HikariPool-2 - Start completed.
2026-10-10T16:28:50.682+05:30  INFO 8823 --- [taskflow] [main] org.hibernate.orm.connections.pooling    : HHH10001005: Database info:
	Database JDBC URL [jdbc:postgresql://localhost:51700/test?loggerLevel=OFF]
	Database driver: PostgreSQL JDBC Driver
	Database dialect: PostgreSQLDialect
	Database version: 16.15
	Default catalog/schema: test/public
	Autocommit mode: undefined/unknown
	Isolation level: READ_COMMITTED [default READ_COMMITTED]
	JDBC fetch size: none
	Pool: DataSourceConnectionProvider
	Minimum pool size: undefined/unknown
	Maximum pool size: undefined/unknown
2026-10-10T16:28:50.694+05:30  INFO 8823 --- [taskflow] [main] org.hibernate.orm.core                   : HHH000489: No JTA platform available (set 'hibernate.transaction.jta.platform' to enable JTA platform integration)
2026-10-10T16:28:50.703+05:30  INFO 8823 --- [taskflow] [main] j.LocalContainerEntityManagerFactoryBean : Initialized JPA EntityManagerFactory for persistence unit 'default'
2026-10-10T16:28:50.720+05:30  WARN 8823 --- [taskflow] [main] JpaBaseConfiguration$JpaWebConfiguration : spring.jpa.open-in-view is enabled by default. Therefore, database queries may be performed during view rendering. Explicitly configure spring.jpa.open-in-view to disable this warning
2026-10-10T16:28:50.773+05:30  INFO 8823 --- [taskflow] [main] o.s.b.t.m.w.SpringBootMockServletContext : Initializing Spring TestDispatcherServlet ''
2026-10-10T16:28:50.773+05:30  INFO 8823 --- [taskflow] [main] o.s.t.web.servlet.TestDispatcherServlet  : Initializing Servlet ''
2026-10-10T16:28:50.774+05:30  INFO 8823 --- [taskflow] [main] o.s.b.a.e.web.EndpointLinksResolver      : Exposing 4 endpoints beneath base path '/actuator'
2026-10-10T16:28:50.777+05:30  INFO 8823 --- [taskflow] [main] o.s.t.web.servlet.TestDispatcherServlet  : Completed initialization in 4 ms
2026-10-10T16:28:50.784+05:30  INFO 8823 --- [taskflow] [main] c.e.t.i.TaskApiIntegrationTest           : Started TaskApiIntegrationTest in 0.348 seconds (process running for 6.835)
2026-10-10T16:28:50.835+05:30  INFO 8823 --- [taskflow] [main] c.example.taskflow.services.TaskService  : Creating task with title: Learn Spring Boot
2026-10-10T16:28:50.837+05:30  INFO 8823 --- [taskflow] [main] c.example.taskflow.services.TaskService  : Task created successfully with id: 1
2026-10-10T16:28:50.849+05:30  INFO 8823 --- [taskflow] [main] c.example.taskflow.services.TaskService  : Creating task with title: Learn Docker
2026-10-10T16:28:50.852+05:30  INFO 8823 --- [taskflow] [main] c.example.taskflow.services.TaskService  : Task created successfully with id: 2
2026-10-10T16:28:50.887+05:30 DEBUG 8823 --- [taskflow] [main] c.example.taskflow.services.TaskService  : Finding task with id: 999
2026-10-10T16:28:50.889+05:30  WARN 8823 --- [taskflow] [main] c.example.taskflow.services.TaskService  : Task not found with id: 999
2026-10-10T16:28:50.908+05:30  INFO 8823 --- [taskflow] [main] c.example.taskflow.services.TaskService  : Creating task with title: Learn Testcontainers
2026-10-10T16:28:50.910+05:30  INFO 8823 --- [taskflow] [main] c.example.taskflow.services.TaskService  : Task created successfully with id: 3
2026-10-10T16:28:50.928+05:30  WARN 8823 --- [taskflow] [main] .w.s.m.s.DefaultHandlerExceptionResolver : Resolved [org.springframework.web.bind.MethodArgumentNotValidException: Validation failed for argument [0] in public org.springframework.http.ResponseEntity<com.example.taskflow.model.Task> com.example.taskflow.controller.TaskController.createTask(com.example.taskflow.dto.request.CreateTaskRequest) with 2 errors: [Field error in object 'createTaskRequest' on field 'priority': rejected value [10]; codes [Max.createTaskRequest.priority,Max.priority,Max.java.lang.Integer,Max]; arguments [org.springframework.context.support.DefaultMessageSourceResolvable: codes [createTaskRequest.priority,priority]; arguments []; default message [priority],5]; default message [must be less than or equal to 5]] [Field error in object 'createTaskRequest' on field 'title': rejected value []; codes [NotBlank.createTaskRequest.title,NotBlank.title,NotBlank.java.lang.String,NotBlank]; arguments [org.springframework.context.support.DefaultMessageSourceResolvable: codes [createTaskRequest.title,title]; arguments []; default message [title]]; default message [Title is required]] ]
2026-10-10T16:28:50.936+05:30  INFO 8823 --- [taskflow] [main] c.example.taskflow.services.TaskService  : Creating task with title: Learn Integration Testing
2026-10-10T16:28:50.940+05:30  INFO 8823 --- [taskflow] [main] c.example.taskflow.services.TaskService  : Task created successfully with id: 4
2026-10-10T16:28:50.950+05:30  INFO 8823 --- [taskflow] [main] c.example.taskflow.services.TaskService  : Creating task with title: Delete this task
2026-10-10T16:28:50.952+05:30  INFO 8823 --- [taskflow] [main] c.example.taskflow.services.TaskService  : Task created successfully with id: 5
2026-10-10T16:28:50.980+05:30  INFO 8823 --- [taskflow] [main] c.example.taskflow.services.TaskService  : Creating task with title: Finish Spring Testing
2026-10-10T16:28:50.986+05:30  INFO 8823 --- [taskflow] [main] c.example.taskflow.services.TaskService  : Task created successfully with id: 6
2026-10-10T16:28:50.993+05:30 DEBUG 8823 --- [taskflow] [main] c.example.taskflow.services.TaskService  : Finding task with id: 6
2026-10-10T16:28:51.168+05:30  INFO 8823 --- [taskflow] [main] t.c.s.AnnotationConfigContextLoaderUtils : Could not detect default configuration classes for test class [com.example.taskflow.TaskflowApplicationTests]: TaskflowApplicationTests does not declare any static, non-private, non-final, nested classes annotated with @Configuration.
2026-10-10T16:28:51.188+05:30  INFO 8823 --- [taskflow] [main] .b.t.c.SpringBootTestContextBootstrapper : Found @SpringBootConfiguration com.example.taskflow.TaskflowApplication for test class com.example.taskflow.TaskflowApplicationTests
2026-10-10T16:28:51.188+05:30  INFO 8823 --- [taskflow] [main] t.c.s.AnnotationConfigContextLoaderUtils : Could not detect default configuration classes for test class [com.example.taskflow.TaskflowApplicationTests]: TaskflowApplicationTests does not declare any static, non-private, non-final, nested classes annotated with @Configuration.
2026-10-10T16:28:51.190+05:30  INFO 8823 --- [taskflow] [main] .b.t.c.SpringBootTestContextBootstrapper : Found @SpringBootConfiguration com.example.taskflow.TaskflowApplication for test class com.example.taskflow.TaskflowApplicationTests
2026-10-10T16:28:51.193+05:30  INFO 8823 --- [taskflow] [main] o.s.b.d.r.RestartApplicationListener     : Restart disabled due to context in which it is running
2026-10-10T16:28:51.202+05:30  INFO 8823 --- [taskflow] [main] c.e.taskflow.TaskflowApplicationTests    : Starting TaskflowApplicationTests using Java 22.0.2 with PID 8823 (started by janidubomal in /Users/janidubomal/Downloads/taskflow)
2026-10-10T16:28:51.202+05:30 DEBUG 8823 --- [taskflow] [main] c.e.taskflow.TaskflowApplicationTests    : Running with Spring Boot v4.1.1, Spring v7.0.9
2026-10-10T16:28:51.202+05:30  INFO 8823 --- [taskflow] [main] c.e.taskflow.TaskflowApplicationTests    : No active profile set, falling back to 1 default profile: "default"
2026-10-10T16:28:51.273+05:30  INFO 8823 --- [taskflow] [main] .s.d.r.c.RepositoryConfigurationDelegate : Bootstrapping Spring Data JPA repositories in DEFAULT mode.
2026-10-10T16:28:51.279+05:30  INFO 8823 --- [taskflow] [main] .s.d.r.c.RepositoryConfigurationDelegate : Finished Spring Data repository scanning in 4 ms. Found 1 JPA repository interface.
2026-10-10T16:28:51.322+05:30  INFO 8823 --- [taskflow] [main] com.zaxxer.hikari.HikariDataSource       : HikariPool-3 - Starting...
2026-10-10T16:28:51.335+05:30  INFO 8823 --- [taskflow] [main] com.zaxxer.hikari.pool.HikariPool        : HikariPool-3 - Added connection org.postgresql.jdbc.PgConnection@7b86bf7c
2026-10-10T16:28:51.335+05:30  INFO 8823 --- [taskflow] [main] com.zaxxer.hikari.HikariDataSource       : HikariPool-3 - Start completed.
2026-10-10T16:28:51.336+05:30  INFO 8823 --- [taskflow] [main] org.flywaydb.core.FlywayExecutor         : Database: jdbc:postgresql://localhost:5432/taskflow (PostgreSQL 17.2)
2026-10-10T16:28:51.344+05:30  INFO 8823 --- [taskflow] [main] o.f.core.internal.command.DbValidate     : Successfully validated 2 migrations (execution time 00:00.003s)
2026-10-10T16:28:51.354+05:30  INFO 8823 --- [taskflow] [main] o.f.core.internal.command.DbMigrate      : Current version of schema "public": 2
2026-10-10T16:28:51.354+05:30  INFO 8823 --- [taskflow] [main] o.f.core.internal.command.DbMigrate      : Schema "public" is up to date. No migration necessary.
2026-10-10T16:28:51.359+05:30  INFO 8823 --- [taskflow] [main] org.hibernate.orm.jpa                    : HHH008540: Processing PersistenceUnitInfo [name: default]
2026-10-10T16:28:51.367+05:30  INFO 8823 --- [taskflow] [main] o.s.o.j.p.SpringPersistenceUnitInfo      : No LoadTimeWeaver setup: ignoring JPA class transformer
2026-10-10T16:28:51.371+05:30  INFO 8823 --- [taskflow] [main] org.hibernate.orm.connections.pooling    : HHH10001005: Database info:
	Database JDBC URL [jdbc:postgresql://localhost:5432/taskflow]
	Database driver: PostgreSQL JDBC Driver
	Database dialect: PostgreSQLDialect
	Database version: 17.2
	Default catalog/schema: taskflow/public
	Autocommit mode: undefined/unknown
	Isolation level: READ_COMMITTED [default READ_COMMITTED]
	JDBC fetch size: none
	Pool: DataSourceConnectionProvider
	Minimum pool size: undefined/unknown
	Maximum pool size: undefined/unknown
2026-10-10T16:28:51.382+05:30  INFO 8823 --- [taskflow] [main] org.hibernate.orm.core                   : HHH000489: No JTA platform available (set 'hibernate.transaction.jta.platform' to enable JTA platform integration)
2026-10-10T16:28:51.393+05:30  INFO 8823 --- [taskflow] [main] j.LocalContainerEntityManagerFactoryBean : Initialized JPA EntityManagerFactory for persistence unit 'default'
2026-10-10T16:28:51.420+05:30  WARN 8823 --- [taskflow] [main] JpaBaseConfiguration$JpaWebConfiguration : spring.jpa.open-in-view is enabled by default. Therefore, database queries may be performed during view rendering. Explicitly configure spring.jpa.open-in-view to disable this warning
2026-10-10T16:28:51.453+05:30  INFO 8823 --- [taskflow] [main] o.s.b.a.e.web.EndpointLinksResolver      : Exposing 4 endpoints beneath base path '/actuator'
2026-10-10T16:28:51.459+05:30  INFO 8823 --- [taskflow] [main] c.e.taskflow.TaskflowApplicationTests    : Started TaskflowApplicationTests in 0.266 seconds (process running for 7.51)
2026-10-10T16:28:51.467+05:30  INFO 8823 --- [taskflow] [main] t.c.s.AnnotationConfigContextLoaderUtils : Could not detect default configuration classes for test class [com.example.taskflow.controller.TaskControllerTest]: TaskControllerTest does not declare any static, non-private, non-final, nested classes annotated with @Configuration.
2026-10-10T16:28:51.474+05:30  INFO 8823 --- [taskflow] [main] .b.t.c.SpringBootTestContextBootstrapper : Found @SpringBootConfiguration com.example.taskflow.TaskflowApplication for test class com.example.taskflow.controller.TaskControllerTest
2026-10-10T16:28:51.474+05:30  INFO 8823 --- [taskflow] [main] t.c.s.AnnotationConfigContextLoaderUtils : Could not detect default configuration classes for test class [com.example.taskflow.controller.TaskControllerTest]: TaskControllerTest does not declare any static, non-private, non-final, nested classes annotated with @Configuration.
2026-10-10T16:28:51.476+05:30  INFO 8823 --- [taskflow] [main] .b.t.c.SpringBootTestContextBootstrapper : Found @SpringBootConfiguration com.example.taskflow.TaskflowApplication for test class com.example.taskflow.controller.TaskControllerTest
2026-10-10T16:28:51.478+05:30  INFO 8823 --- [taskflow] [main] o.s.b.d.r.RestartApplicationListener     : Restart disabled due to context in which it is running
2026-10-10T16:28:51.486+05:30  INFO 8823 --- [taskflow] [main] c.e.t.controller.TaskControllerTest      : Starting TaskControllerTest using Java 22.0.2 with PID 8823 (started by janidubomal in /Users/janidubomal/Downloads/taskflow)
2026-10-10T16:28:51.486+05:30 DEBUG 8823 --- [taskflow] [main] c.e.t.controller.TaskControllerTest      : Running with Spring Boot v4.1.1, Spring v7.0.9
2026-10-10T16:28:51.486+05:30  INFO 8823 --- [taskflow] [main] c.e.t.controller.TaskControllerTest      : No active profile set, falling back to 1 default profile: "default"
2026-10-10T16:28:51.713+05:30  INFO 8823 --- [taskflow] [main] o.s.b.t.m.w.SpringBootMockServletContext : Initializing Spring TestDispatcherServlet ''
2026-10-10T16:28:51.713+05:30  INFO 8823 --- [taskflow] [main] o.s.t.web.servlet.TestDispatcherServlet  : Initializing Servlet ''
2026-10-10T16:28:51.714+05:30  INFO 8823 --- [taskflow] [main] o.s.t.web.servlet.TestDispatcherServlet  : Completed initialization in 1 ms
2026-10-10T16:28:51.721+05:30  INFO 8823 --- [taskflow] [main] c.e.t.controller.TaskControllerTest      : Started TaskControllerTest in 0.243 seconds (process running for 7.772)
2026-10-10T16:28:51.766+05:30  WARN 8823 --- [taskflow] [main] .w.s.m.s.DefaultHandlerExceptionResolver : Resolved [org.springframework.web.bind.MethodArgumentNotValidException: Validation failed for argument [0] in public org.springframework.http.ResponseEntity<com.example.taskflow.model.Task> com.example.taskflow.controller.TaskController.createTask(com.example.taskflow.dto.request.CreateTaskRequest): [Field error in object 'createTaskRequest' on field 'title': rejected value []; codes [NotBlank.createTaskRequest.title,NotBlank.title,NotBlank.java.lang.String,NotBlank]; arguments [org.springframework.context.support.DefaultMessageSourceResolvable: codes [createTaskRequest.title,title]; arguments []; default message [title]]; default message [Title is required]] ]
2026-10-10T16:28:51.773+05:30  WARN 8823 --- [taskflow] [main] .w.s.m.s.DefaultHandlerExceptionResolver : Resolved [org.springframework.web.bind.MethodArgumentNotValidException: Validation failed for argument [0] in public org.springframework.http.ResponseEntity<com.example.taskflow.model.Task> com.example.taskflow.controller.TaskController.createTask(com.example.taskflow.dto.request.CreateTaskRequest): [Field error in object 'createTaskRequest' on field 'priority': rejected value [10]; codes [Max.createTaskRequest.priority,Max.priority,Max.java.lang.Integer,Max]; arguments [org.springframework.context.support.DefaultMessageSourceResolvable: codes [createTaskRequest.priority,priority]; arguments []; default message [priority],5]; default message [must be less than or equal to 5]] ]
2026-10-10T16:28:51.915+05:30 DEBUG 8823 --- [taskflow] [main] c.example.taskflow.services.TaskService  : Finding task with id: 1
2026-10-10T16:28:51.922+05:30  INFO 8823 --- [taskflow] [main] c.example.taskflow.services.TaskService  : Creating task with title: Learn Mockito
2026-10-10T16:28:51.922+05:30  INFO 8823 --- [taskflow] [main] c.example.taskflow.services.TaskService  : Task created successfully with id: 1
2026-10-10T16:28:51.924+05:30 DEBUG 8823 --- [taskflow] [main] c.example.taskflow.services.TaskService  : Finding task with id: 1
2026-10-10T16:28:51.928+05:30 DEBUG 8823 --- [taskflow] [main] c.example.taskflow.services.TaskService  : Finding task with id: 999
2026-10-10T16:28:51.928+05:30  WARN 8823 --- [taskflow] [main] c.example.taskflow.services.TaskService  : Task not found with id: 999
2026-10-10T16:28:51.936+05:30  INFO 8823 --- [taskflow] [SpringApplicationShutdownHook] j.LocalContainerEntityManagerFactoryBean : Closing JPA EntityManagerFactory for persistence unit 'default'
2026-10-10T16:28:51.941+05:30  INFO 8823 --- [taskflow] [SpringApplicationShutdownHook] j.LocalContainerEntityManagerFactoryBean : Closing JPA EntityManagerFactory for persistence unit 'default'
2026-10-10T16:28:51.942+05:30  INFO 8823 --- [taskflow] [SpringApplicationShutdownHook] com.zaxxer.hikari.HikariDataSource       : HikariPool-1 - Shutdown initiated...
2026-10-10T16:28:51.943+05:30  INFO 8823 --- [taskflow] [SpringApplicationShutdownHook] com.zaxxer.hikari.HikariDataSource       : HikariPool-1 - Shutdown completed.
2026-10-10T16:28:51.945+05:30  INFO 8823 --- [taskflow] [SpringApplicationShutdownHook] j.LocalContainerEntityManagerFactoryBean : Closing JPA EntityManagerFactory for persistence unit 'default'
2026-10-10T16:28:51.945+05:30  INFO 8823 --- [taskflow] [SpringApplicationShutdownHook] com.zaxxer.hikari.HikariDataSource       : HikariPool-2 - Shutdown initiated...
2026-10-10T16:28:52.347+05:30  INFO 8823 --- [taskflow] [SpringApplicationShutdownHook] com.zaxxer.hikari.HikariDataSource       : HikariPool-2 - Shutdown completed.
2026-10-10T16:28:52.349+05:30  INFO 8823 --- [taskflow] [SpringApplicationShutdownHook] j.LocalContainerEntityManagerFactoryBean : Closing JPA EntityManagerFactory for persistence unit 'default'
2026-10-10T16:28:52.349+05:30  INFO 8823 --- [taskflow] [SpringApplicationShutdownHook] com.zaxxer.hikari.HikariDataSource       : HikariPool-3 - Shutdown initiated...
2026-10-10T16:28:52.350+05:30  INFO 8823 --- [taskflow] [SpringApplicationShutdownHook] com.zaxxer.hikari.HikariDataSource       : HikariPool-3 - Shutdown completed.
2026-10-10T16:29:04.587+05:30  INFO 8997 --- [taskflow] [main] c.e.t.repository.TaskRepositoryTest      : Starting TaskRepositoryTest using Java 22.0.2 with PID 8997 (started by janidubomal in /Users/janidubomal/Downloads/taskflow)
2026-10-10T16:29:04.587+05:30 DEBUG 8997 --- [taskflow] [main] c.e.t.repository.TaskRepositoryTest      : Running with Spring Boot v4.1.1, Spring v7.0.9
2026-10-10T16:29:04.588+05:30  INFO 8997 --- [taskflow] [main] c.e.t.repository.TaskRepositoryTest      : No active profile set, falling back to 1 default profile: "default"
2026-10-10T16:29:04.742+05:30  INFO 8997 --- [taskflow] [main] .s.d.r.c.RepositoryConfigurationDelegate : Bootstrapping Spring Data JPA repositories in DEFAULT mode.
2026-10-10T16:29:04.764+05:30  INFO 8997 --- [taskflow] [main] .s.d.r.c.RepositoryConfigurationDelegate : Finished Spring Data repository scanning in 17 ms. Found 1 JPA repository interface.
2026-10-10T16:29:04.789+05:30  INFO 8997 --- [taskflow] [main] beddedDataSourceBeanFactoryPostProcessor : Replacing 'dataSource' DataSource bean with embedded version
2026-10-10T16:29:04.822+05:30  INFO 8997 --- [taskflow] [main] o.s.j.d.e.EmbeddedDatabaseFactory        : Starting embedded database: url='jdbc:h2:mem:378b3551-25ba-417c-8dbd-693c7419412e;DB_CLOSE_DELAY=-1;DB_CLOSE_ON_EXIT=false', username='sa'
2026-10-10T16:29:04.945+05:30  INFO 8997 --- [taskflow] [main] org.hibernate.orm.jpa                    : HHH008540: Processing PersistenceUnitInfo [name: default]
2026-10-10T16:29:04.974+05:30  INFO 8997 --- [taskflow] [main] org.hibernate.orm.core                   : HHH000001: Hibernate ORM core version 7.4.5.Final
2026-10-10T16:29:05.153+05:30  INFO 8997 --- [taskflow] [main] o.s.o.j.p.SpringPersistenceUnitInfo      : No LoadTimeWeaver setup: ignoring JPA class transformer
2026-10-10T16:29:05.190+05:30  INFO 8997 --- [taskflow] [main] org.hibernate.orm.connections.pooling    : HHH10001005: Database info:
	Database JDBC URL [jdbc:h2:mem:378b3551-25ba-417c-8dbd-693c7419412e]
	Database driver: H2 JDBC Driver
	Database dialect: H2Dialect
	Database version: 2.4.240
	Default catalog/schema: 378B3551-25BA-417C-8DBD-693C7419412E/PUBLIC
	Autocommit mode: undefined/unknown
	Isolation level: READ_COMMITTED [default READ_COMMITTED]
	JDBC fetch size: 100
	Pool: DataSourceConnectionProvider
	Minimum pool size: undefined/unknown
	Maximum pool size: undefined/unknown
2026-10-10T16:29:05.527+05:30  INFO 8997 --- [taskflow] [main] org.hibernate.orm.core                   : HHH000489: No JTA platform available (set 'hibernate.transaction.jta.platform' to enable JTA platform integration)
2026-10-10T16:29:05.541+05:30  INFO 8997 --- [taskflow] [main] j.LocalContainerEntityManagerFactoryBean : Initialized JPA EntityManagerFactory for persistence unit 'default'
2026-10-10T16:29:05.588+05:30  INFO 8997 --- [taskflow] [main] o.s.d.j.r.query.QueryEnhancerFactories   : Hibernate is in classpath; If applicable, HQL parser will be used.
2026-10-10T16:29:05.661+05:30  INFO 8997 --- [taskflow] [main] c.e.t.repository.TaskRepositoryTest      : Started TaskRepositoryTest in 1.256 seconds (process running for 1.744)
2026-10-10T16:29:06.199+05:30  INFO 8997 --- [taskflow] [main] org.testcontainers.images.PullPolicy     : Image pull policy will be performed by: DefaultPullPolicy()
2026-10-10T16:29:06.200+05:30  INFO 8997 --- [taskflow] [main] o.t.utility.ImageNameSubstitutor         : Image name substitution will be performed by: DefaultImageNameSubstitutor (composite of 'ConfigurationFileImageNameSubstitutor' and 'PrefixingImageNameSubstitutor')
2026-10-10T16:29:06.205+05:30  INFO 8997 --- [taskflow] [main] org.testcontainers.DockerClientFactory   : Testcontainers version: 2.0.5
2026-10-10T16:29:06.322+05:30  INFO 8997 --- [taskflow] [main] o.t.d.DockerClientProviderStrategy       : Loaded org.testcontainers.dockerclient.UnixSocketClientProviderStrategy from ~/.testcontainers.properties, will try it first
2026-10-10T16:29:06.517+05:30  INFO 8997 --- [taskflow] [main] o.t.d.DockerClientProviderStrategy       : Found Docker environment with local Unix socket (unix:///var/run/docker.sock)
2026-10-10T16:29:06.518+05:30  INFO 8997 --- [taskflow] [main] org.testcontainers.DockerClientFactory   : Docker host IP address is localhost
2026-10-10T16:29:06.528+05:30  INFO 8997 --- [taskflow] [main] org.testcontainers.DockerClientFactory   : Connected to docker: 
  Server Version: 27.4.0
  API Version: 1.47
  Operating System: Docker Desktop
  Total Memory: 3919 MB
  Labels: 
    com.docker.desktop.address=unix:///Users/janidubomal/Library/Containers/com.docker.docker/Data/docker-cli.sock
2026-10-10T16:29:06.545+05:30  INFO 8997 --- [taskflow] [main] tc.testcontainers/ryuk:0.14.0            : Creating container for image: testcontainers/ryuk:0.14.0
2026-10-10T16:29:06.742+05:30  INFO 8997 --- [taskflow] [main] tc.testcontainers/ryuk:0.14.0            : Container testcontainers/ryuk:0.14.0 is starting: 6d8cc090a79f87967badfef440fbb1a2aa398de89b43655af88f2223c56c43d4
2026-10-10T16:29:07.053+05:30  INFO 8997 --- [taskflow] [main] tc.testcontainers/ryuk:0.14.0            : Container testcontainers/ryuk:0.14.0 started in PT0.508253S
2026-10-10T16:29:07.059+05:30  INFO 8997 --- [taskflow] [main] o.t.utility.RyukResourceReaper           : Ryuk started - will monitor and terminate Testcontainers containers on JVM exit
2026-10-10T16:29:07.059+05:30  INFO 8997 --- [taskflow] [main] org.testcontainers.DockerClientFactory   : Checking the system...
2026-10-10T16:29:07.059+05:30  INFO 8997 --- [taskflow] [main] org.testcontainers.DockerClientFactory   : ✔︎ Docker server version should be at least 1.6.0
2026-10-10T16:29:07.059+05:30  INFO 8997 --- [taskflow] [main] tc.postgres:16-alpine                    : Creating container for image: postgres:16-alpine
2026-10-10T16:29:07.078+05:30  INFO 8997 --- [taskflow] [main] tc.postgres:16-alpine                    : Container postgres:16-alpine is starting: 944db03ef00f04c3ab9d2c834986bc9c5268155d43b6ec9cd080c707c96460e8
2026-10-10T16:29:07.931+05:30  INFO 8997 --- [taskflow] [main] tc.postgres:16-alpine                    : Container postgres:16-alpine started in PT0.871364S
2026-10-10T16:29:07.932+05:30  INFO 8997 --- [taskflow] [main] tc.postgres:16-alpine                    : Container is started (JDBC URL: jdbc:postgresql://localhost:51736/test?loggerLevel=OFF)
2026-10-10T16:29:07.938+05:30  INFO 8997 --- [taskflow] [main] t.c.s.AnnotationConfigContextLoaderUtils : Could not detect default configuration classes for test class [com.example.taskflow.integration.TaskRepositoryPostgresIntegrationTest]: TaskRepositoryPostgresIntegrationTest does not declare any static, non-private, non-final, nested classes annotated with @Configuration.
2026-10-10T16:29:07.954+05:30  INFO 8997 --- [taskflow] [main] .b.t.c.SpringBootTestContextBootstrapper : Found @SpringBootConfiguration com.example.taskflow.TaskflowApplication for test class com.example.taskflow.integration.TaskRepositoryPostgresIntegrationTest
2026-10-10T16:29:07.957+05:30  INFO 8997 --- [taskflow] [main] t.c.s.AnnotationConfigContextLoaderUtils : Could not detect default configuration classes for test class [com.example.taskflow.integration.TaskRepositoryPostgresIntegrationTest]: TaskRepositoryPostgresIntegrationTest does not declare any static, non-private, non-final, nested classes annotated with @Configuration.
2026-10-10T16:29:07.959+05:30  INFO 8997 --- [taskflow] [main] .b.t.c.SpringBootTestContextBootstrapper : Found @SpringBootConfiguration com.example.taskflow.TaskflowApplication for test class com.example.taskflow.integration.TaskRepositoryPostgresIntegrationTest
2026-10-10T16:29:07.968+05:30  INFO 8997 --- [taskflow] [main] o.s.b.d.r.RestartApplicationListener     : Restart disabled due to context in which it is running
2026-10-10T16:29:07.986+05:30  INFO 8997 --- [taskflow] [main] .i.TaskRepositoryPostgresIntegrationTest : Starting TaskRepositoryPostgresIntegrationTest using Java 22.0.2 with PID 8997 (started by janidubomal in /Users/janidubomal/Downloads/taskflow)
2026-10-10T16:29:07.986+05:30 DEBUG 8997 --- [taskflow] [main] .i.TaskRepositoryPostgresIntegrationTest : Running with Spring Boot v4.1.1, Spring v7.0.9
2026-10-10T16:29:07.986+05:30  INFO 8997 --- [taskflow] [main] .i.TaskRepositoryPostgresIntegrationTest : No active profile set, falling back to 1 default profile: "default"
2026-10-10T16:29:08.160+05:30  INFO 8997 --- [taskflow] [main] .s.d.r.c.RepositoryConfigurationDelegate : Bootstrapping Spring Data JPA repositories in DEFAULT mode.
2026-10-10T16:29:08.164+05:30  INFO 8997 --- [taskflow] [main] .s.d.r.c.RepositoryConfigurationDelegate : Finished Spring Data repository scanning in 2 ms. Found 1 JPA repository interface.
2026-10-10T16:29:08.456+05:30  INFO 8997 --- [taskflow] [main] org.flywaydb.core.FlywayExecutor         : Database: jdbc:postgresql://localhost:51736/test?loggerLevel=OFF (PostgreSQL 16.15)
2026-10-10T16:29:08.493+05:30  INFO 8997 --- [taskflow] [main] o.f.c.i.s.JdbcTableSchemaHistory         : Schema history table "public"."flyway_schema_history" does not exist yet
2026-10-10T16:29:08.495+05:30  INFO 8997 --- [taskflow] [main] o.f.core.internal.command.DbValidate     : Successfully validated 2 migrations (execution time 00:00.007s)
2026-10-10T16:29:08.504+05:30  INFO 8997 --- [taskflow] [main] o.f.c.i.s.JdbcTableSchemaHistory         : Creating Schema History table "public"."flyway_schema_history" ...
2026-10-10T16:29:08.545+05:30  INFO 8997 --- [taskflow] [main] o.f.core.internal.command.DbMigrate      : Current version of schema "public": << Empty Schema >>
2026-10-10T16:29:08.549+05:30  INFO 8997 --- [taskflow] [main] o.f.core.internal.command.DbMigrate      : Migrating schema "public" to version "1 - create tasks table"
2026-10-10T16:29:08.563+05:30  INFO 8997 --- [taskflow] [main] o.f.core.internal.command.DbMigrate      : Migrating schema "public" to version "2 - add priority to tasks"
2026-10-10T16:29:08.571+05:30  INFO 8997 --- [taskflow] [main] o.f.core.internal.command.DbMigrate      : Successfully applied 2 migrations to schema "public", now at version v2 (execution time 00:00.008s)
2026-10-10T16:29:08.581+05:30  INFO 8997 --- [taskflow] [main] org.hibernate.orm.jpa                    : HHH008540: Processing PersistenceUnitInfo [name: default]
2026-10-10T16:29:08.588+05:30  INFO 8997 --- [taskflow] [main] o.s.o.j.p.SpringPersistenceUnitInfo      : No LoadTimeWeaver setup: ignoring JPA class transformer
2026-10-10T16:29:08.589+05:30  INFO 8997 --- [taskflow] [main] com.zaxxer.hikari.HikariDataSource       : HikariPool-1 - Starting...
2026-10-10T16:29:08.603+05:30  INFO 8997 --- [taskflow] [main] com.zaxxer.hikari.pool.HikariPool        : HikariPool-1 - Added connection org.postgresql.jdbc.PgConnection@73515663
2026-10-10T16:29:08.605+05:30  INFO 8997 --- [taskflow] [main] com.zaxxer.hikari.HikariDataSource       : HikariPool-1 - Start completed.
2026-10-10T16:29:08.616+05:30  INFO 8997 --- [taskflow] [main] org.hibernate.orm.connections.pooling    : HHH10001005: Database info:
	Database JDBC URL [jdbc:postgresql://localhost:51736/test?loggerLevel=OFF]
	Database driver: PostgreSQL JDBC Driver
	Database dialect: PostgreSQLDialect
	Database version: 16.15
	Default catalog/schema: test/public
	Autocommit mode: undefined/unknown
	Isolation level: READ_COMMITTED [default READ_COMMITTED]
	JDBC fetch size: none
	Pool: DataSourceConnectionProvider
	Minimum pool size: undefined/unknown
	Maximum pool size: undefined/unknown
2026-10-10T16:29:08.643+05:30  INFO 8997 --- [taskflow] [main] org.hibernate.orm.core                   : HHH000489: No JTA platform available (set 'hibernate.transaction.jta.platform' to enable JTA platform integration)
2026-10-10T16:29:08.667+05:30  INFO 8997 --- [taskflow] [main] j.LocalContainerEntityManagerFactoryBean : Initialized JPA EntityManagerFactory for persistence unit 'default'
2026-10-10T16:29:08.714+05:30  WARN 8997 --- [taskflow] [main] JpaBaseConfiguration$JpaWebConfiguration : spring.jpa.open-in-view is enabled by default. Therefore, database queries may be performed during view rendering. Explicitly configure spring.jpa.open-in-view to disable this warning
2026-10-10T16:29:08.898+05:30  INFO 8997 --- [taskflow] [main] o.s.b.a.e.web.EndpointLinksResolver      : Exposing 4 endpoints beneath base path '/actuator'
2026-10-10T16:29:08.928+05:30  INFO 8997 --- [taskflow] [main] .i.TaskRepositoryPostgresIntegrationTest : Started TaskRepositoryPostgresIntegrationTest in 0.96 seconds (process running for 5.011)
2026-10-10T16:29:09.185+05:30  INFO 8997 --- [taskflow] [main] tc.postgres:16-alpine                    : Creating container for image: postgres:16-alpine
2026-10-10T16:29:09.226+05:30  INFO 8997 --- [taskflow] [main] tc.postgres:16-alpine                    : Container postgres:16-alpine is starting: b27ecfb3343644df49db8a8bb85db778937d23ed3bb152bd49c015693d384339
2026-10-10T16:29:10.105+05:30  INFO 8997 --- [taskflow] [main] tc.postgres:16-alpine                    : Container postgres:16-alpine started in PT0.918543S
2026-10-10T16:29:10.108+05:30  INFO 8997 --- [taskflow] [main] tc.postgres:16-alpine                    : Container is started (JDBC URL: jdbc:postgresql://localhost:51755/test?loggerLevel=OFF)
2026-10-10T16:29:10.118+05:30  INFO 8997 --- [taskflow] [main] t.c.s.AnnotationConfigContextLoaderUtils : Could not detect default configuration classes for test class [com.example.taskflow.integration.TaskApiIntegrationTest]: TaskApiIntegrationTest does not declare any static, non-private, non-final, nested classes annotated with @Configuration.
2026-10-10T16:29:10.127+05:30  INFO 8997 --- [taskflow] [main] .b.t.c.SpringBootTestContextBootstrapper : Found @SpringBootConfiguration com.example.taskflow.TaskflowApplication for test class com.example.taskflow.integration.TaskApiIntegrationTest
2026-10-10T16:29:10.128+05:30  INFO 8997 --- [taskflow] [main] t.c.s.AnnotationConfigContextLoaderUtils : Could not detect default configuration classes for test class [com.example.taskflow.integration.TaskApiIntegrationTest]: TaskApiIntegrationTest does not declare any static, non-private, non-final, nested classes annotated with @Configuration.
2026-10-10T16:29:10.131+05:30  INFO 8997 --- [taskflow] [main] .b.t.c.SpringBootTestContextBootstrapper : Found @SpringBootConfiguration com.example.taskflow.TaskflowApplication for test class com.example.taskflow.integration.TaskApiIntegrationTest
2026-10-10T16:29:10.137+05:30  INFO 8997 --- [taskflow] [main] o.s.b.d.r.RestartApplicationListener     : Restart disabled due to context in which it is running
2026-10-10T16:29:10.156+05:30  INFO 8997 --- [taskflow] [main] c.e.t.i.TaskApiIntegrationTest           : Starting TaskApiIntegrationTest using Java 22.0.2 with PID 8997 (started by janidubomal in /Users/janidubomal/Downloads/taskflow)
2026-10-10T16:29:10.156+05:30 DEBUG 8997 --- [taskflow] [main] c.e.t.i.TaskApiIntegrationTest           : Running with Spring Boot v4.1.1, Spring v7.0.9
2026-10-10T16:29:10.156+05:30  INFO 8997 --- [taskflow] [main] c.e.t.i.TaskApiIntegrationTest           : No active profile set, falling back to 1 default profile: "default"
2026-10-10T16:29:10.244+05:30  INFO 8997 --- [taskflow] [main] .s.d.r.c.RepositoryConfigurationDelegate : Bootstrapping Spring Data JPA repositories in DEFAULT mode.
2026-10-10T16:29:10.248+05:30  INFO 8997 --- [taskflow] [main] .s.d.r.c.RepositoryConfigurationDelegate : Finished Spring Data repository scanning in 3 ms. Found 1 JPA repository interface.
2026-10-10T16:29:10.345+05:30  INFO 8997 --- [taskflow] [main] org.flywaydb.core.FlywayExecutor         : Database: jdbc:postgresql://localhost:51755/test?loggerLevel=OFF (PostgreSQL 16.15)
2026-10-10T16:29:10.353+05:30  INFO 8997 --- [taskflow] [main] o.f.c.i.s.JdbcTableSchemaHistory         : Schema history table "public"."flyway_schema_history" does not exist yet
2026-10-10T16:29:10.354+05:30  INFO 8997 --- [taskflow] [main] o.f.core.internal.command.DbValidate     : Successfully validated 2 migrations (execution time 00:00.002s)
2026-10-10T16:29:10.359+05:30  INFO 8997 --- [taskflow] [main] o.f.c.i.s.JdbcTableSchemaHistory         : Creating Schema History table "public"."flyway_schema_history" ...
2026-10-10T16:29:10.372+05:30  INFO 8997 --- [taskflow] [main] o.f.core.internal.command.DbMigrate      : Current version of schema "public": << Empty Schema >>
2026-10-10T16:29:10.374+05:30  INFO 8997 --- [taskflow] [main] o.f.core.internal.command.DbMigrate      : Migrating schema "public" to version "1 - create tasks table"
2026-10-10T16:29:10.384+05:30  INFO 8997 --- [taskflow] [main] o.f.core.internal.command.DbMigrate      : Migrating schema "public" to version "2 - add priority to tasks"
2026-10-10T16:29:10.389+05:30  INFO 8997 --- [taskflow] [main] o.f.core.internal.command.DbMigrate      : Successfully applied 2 migrations to schema "public", now at version v2 (execution time 00:00.004s)
2026-10-10T16:29:10.401+05:30  INFO 8997 --- [taskflow] [main] org.hibernate.orm.jpa                    : HHH008540: Processing PersistenceUnitInfo [name: default]
2026-10-10T16:29:10.409+05:30  INFO 8997 --- [taskflow] [main] o.s.o.j.p.SpringPersistenceUnitInfo      : No LoadTimeWeaver setup: ignoring JPA class transformer
2026-10-10T16:29:10.409+05:30  INFO 8997 --- [taskflow] [main] com.zaxxer.hikari.HikariDataSource       : HikariPool-2 - Starting...
2026-10-10T16:29:10.415+05:30  INFO 8997 --- [taskflow] [main] com.zaxxer.hikari.pool.HikariPool        : HikariPool-2 - Added connection org.postgresql.jdbc.PgConnection@28ccc769
2026-10-10T16:29:10.415+05:30  INFO 8997 --- [taskflow] [main] com.zaxxer.hikari.HikariDataSource       : HikariPool-2 - Start completed.
2026-10-10T16:29:10.419+05:30  INFO 8997 --- [taskflow] [main] org.hibernate.orm.connections.pooling    : HHH10001005: Database info:
	Database JDBC URL [jdbc:postgresql://localhost:51755/test?loggerLevel=OFF]
	Database driver: PostgreSQL JDBC Driver
	Database dialect: PostgreSQLDialect
	Database version: 16.15
	Default catalog/schema: test/public
	Autocommit mode: undefined/unknown
	Isolation level: READ_COMMITTED [default READ_COMMITTED]
	JDBC fetch size: none
	Pool: DataSourceConnectionProvider
	Minimum pool size: undefined/unknown
	Maximum pool size: undefined/unknown
2026-10-10T16:29:10.431+05:30  INFO 8997 --- [taskflow] [main] org.hibernate.orm.core                   : HHH000489: No JTA platform available (set 'hibernate.transaction.jta.platform' to enable JTA platform integration)
2026-10-10T16:29:10.440+05:30  INFO 8997 --- [taskflow] [main] j.LocalContainerEntityManagerFactoryBean : Initialized JPA EntityManagerFactory for persistence unit 'default'
2026-10-10T16:29:10.457+05:30  WARN 8997 --- [taskflow] [main] JpaBaseConfiguration$JpaWebConfiguration : spring.jpa.open-in-view is enabled by default. Therefore, database queries may be performed during view rendering. Explicitly configure spring.jpa.open-in-view to disable this warning
2026-10-10T16:29:10.504+05:30  INFO 8997 --- [taskflow] [main] o.s.b.t.m.w.SpringBootMockServletContext : Initializing Spring TestDispatcherServlet ''
2026-10-10T16:29:10.505+05:30  INFO 8997 --- [taskflow] [main] o.s.t.web.servlet.TestDispatcherServlet  : Initializing Servlet ''
2026-10-10T16:29:10.506+05:30  INFO 8997 --- [taskflow] [main] o.s.b.a.e.web.EndpointLinksResolver      : Exposing 4 endpoints beneath base path '/actuator'
2026-10-10T16:29:10.508+05:30  INFO 8997 --- [taskflow] [main] o.s.t.web.servlet.TestDispatcherServlet  : Completed initialization in 3 ms
2026-10-10T16:29:10.519+05:30  INFO 8997 --- [taskflow] [main] c.e.t.i.TaskApiIntegrationTest           : Started TaskApiIntegrationTest in 0.382 seconds (process running for 6.602)
2026-10-10T16:29:10.571+05:30  INFO 8997 --- [taskflow] [main] c.example.taskflow.services.TaskService  : Creating task with title: Learn Spring Boot
2026-10-10T16:29:10.573+05:30  INFO 8997 --- [taskflow] [main] c.example.taskflow.services.TaskService  : Task created successfully with id: 1
2026-10-10T16:29:10.585+05:30  INFO 8997 --- [taskflow] [main] c.example.taskflow.services.TaskService  : Creating task with title: Learn Docker
2026-10-10T16:29:10.589+05:30  INFO 8997 --- [taskflow] [main] c.example.taskflow.services.TaskService  : Task created successfully with id: 2
2026-10-10T16:29:10.616+05:30 DEBUG 8997 --- [taskflow] [main] c.example.taskflow.services.TaskService  : Finding task with id: 999
2026-10-10T16:29:10.618+05:30  WARN 8997 --- [taskflow] [main] c.example.taskflow.services.TaskService  : Task not found with id: 999
2026-10-10T16:29:10.628+05:30  INFO 8997 --- [taskflow] [main] c.example.taskflow.services.TaskService  : Creating task with title: Learn Testcontainers
2026-10-10T16:29:10.630+05:30  INFO 8997 --- [taskflow] [main] c.example.taskflow.services.TaskService  : Task created successfully with id: 3
2026-10-10T16:29:10.650+05:30  WARN 8997 --- [taskflow] [main] .w.s.m.s.DefaultHandlerExceptionResolver : Resolved [org.springframework.web.bind.MethodArgumentNotValidException: Validation failed for argument [0] in public org.springframework.http.ResponseEntity<com.example.taskflow.model.Task> com.example.taskflow.controller.TaskController.createTask(com.example.taskflow.dto.request.CreateTaskRequest) with 2 errors: [Field error in object 'createTaskRequest' on field 'title': rejected value []; codes [NotBlank.createTaskRequest.title,NotBlank.title,NotBlank.java.lang.String,NotBlank]; arguments [org.springframework.context.support.DefaultMessageSourceResolvable: codes [createTaskRequest.title,title]; arguments []; default message [title]]; default message [Title is required]] [Field error in object 'createTaskRequest' on field 'priority': rejected value [10]; codes [Max.createTaskRequest.priority,Max.priority,Max.java.lang.Integer,Max]; arguments [org.springframework.context.support.DefaultMessageSourceResolvable: codes [createTaskRequest.priority,priority]; arguments []; default message [priority],5]; default message [must be less than or equal to 5]] ]
2026-10-10T16:29:10.662+05:30  INFO 8997 --- [taskflow] [main] c.example.taskflow.services.TaskService  : Creating task with title: Learn Integration Testing
2026-10-10T16:29:10.664+05:30  INFO 8997 --- [taskflow] [main] c.example.taskflow.services.TaskService  : Task created successfully with id: 4
2026-10-10T16:29:10.672+05:30  INFO 8997 --- [taskflow] [main] c.example.taskflow.services.TaskService  : Creating task with title: Delete this task
2026-10-10T16:29:10.673+05:30  INFO 8997 --- [taskflow] [main] c.example.taskflow.services.TaskService  : Task created successfully with id: 5
2026-10-10T16:29:10.689+05:30  INFO 8997 --- [taskflow] [main] c.example.taskflow.services.TaskService  : Creating task with title: Finish Spring Testing
2026-10-10T16:29:10.691+05:30  INFO 8997 --- [taskflow] [main] c.example.taskflow.services.TaskService  : Task created successfully with id: 6
2026-10-10T16:29:10.693+05:30 DEBUG 8997 --- [taskflow] [main] c.example.taskflow.services.TaskService  : Finding task with id: 6
2026-10-10T16:29:10.839+05:30  INFO 8997 --- [taskflow] [main] t.c.s.AnnotationConfigContextLoaderUtils : Could not detect default configuration classes for test class [com.example.taskflow.TaskflowApplicationTests]: TaskflowApplicationTests does not declare any static, non-private, non-final, nested classes annotated with @Configuration.
2026-10-10T16:29:10.846+05:30  INFO 8997 --- [taskflow] [main] .b.t.c.SpringBootTestContextBootstrapper : Found @SpringBootConfiguration com.example.taskflow.TaskflowApplication for test class com.example.taskflow.TaskflowApplicationTests
2026-10-10T16:29:10.847+05:30  INFO 8997 --- [taskflow] [main] t.c.s.AnnotationConfigContextLoaderUtils : Could not detect default configuration classes for test class [com.example.taskflow.TaskflowApplicationTests]: TaskflowApplicationTests does not declare any static, non-private, non-final, nested classes annotated with @Configuration.
2026-10-10T16:29:10.850+05:30  INFO 8997 --- [taskflow] [main] .b.t.c.SpringBootTestContextBootstrapper : Found @SpringBootConfiguration com.example.taskflow.TaskflowApplication for test class com.example.taskflow.TaskflowApplicationTests
2026-10-10T16:29:10.857+05:30  INFO 8997 --- [taskflow] [main] o.s.b.d.r.RestartApplicationListener     : Restart disabled due to context in which it is running
2026-10-10T16:29:10.877+05:30  INFO 8997 --- [taskflow] [main] c.e.taskflow.TaskflowApplicationTests    : Starting TaskflowApplicationTests using Java 22.0.2 with PID 8997 (started by janidubomal in /Users/janidubomal/Downloads/taskflow)
2026-10-10T16:29:10.877+05:30 DEBUG 8997 --- [taskflow] [main] c.e.taskflow.TaskflowApplicationTests    : Running with Spring Boot v4.1.1, Spring v7.0.9
2026-10-10T16:29:10.877+05:30  INFO 8997 --- [taskflow] [main] c.e.taskflow.TaskflowApplicationTests    : No active profile set, falling back to 1 default profile: "default"
2026-10-10T16:29:10.984+05:30  INFO 8997 --- [taskflow] [main] .s.d.r.c.RepositoryConfigurationDelegate : Bootstrapping Spring Data JPA repositories in DEFAULT mode.
2026-10-10T16:29:10.987+05:30  INFO 8997 --- [taskflow] [main] .s.d.r.c.RepositoryConfigurationDelegate : Finished Spring Data repository scanning in 2 ms. Found 1 JPA repository interface.
2026-10-10T16:29:11.014+05:30  INFO 8997 --- [taskflow] [main] com.zaxxer.hikari.HikariDataSource       : HikariPool-3 - Starting...
2026-10-10T16:29:11.028+05:30  INFO 8997 --- [taskflow] [main] com.zaxxer.hikari.pool.HikariPool        : HikariPool-3 - Added connection org.postgresql.jdbc.PgConnection@3a6c74d9
2026-10-10T16:29:11.028+05:30  INFO 8997 --- [taskflow] [main] com.zaxxer.hikari.HikariDataSource       : HikariPool-3 - Start completed.
2026-10-10T16:29:11.028+05:30  INFO 8997 --- [taskflow] [main] org.flywaydb.core.FlywayExecutor         : Database: jdbc:postgresql://localhost:5432/taskflow (PostgreSQL 17.2)
2026-10-10T16:29:11.040+05:30  INFO 8997 --- [taskflow] [main] o.f.core.internal.command.DbValidate     : Successfully validated 2 migrations (execution time 00:00.003s)
2026-10-10T16:29:11.053+05:30  INFO 8997 --- [taskflow] [main] o.f.core.internal.command.DbMigrate      : Current version of schema "public": 2
2026-10-10T16:29:11.053+05:30  INFO 8997 --- [taskflow] [main] o.f.core.internal.command.DbMigrate      : Schema "public" is up to date. No migration necessary.
2026-10-10T16:29:11.059+05:30  INFO 8997 --- [taskflow] [main] org.hibernate.orm.jpa                    : HHH008540: Processing PersistenceUnitInfo [name: default]
2026-10-10T16:29:11.067+05:30  INFO 8997 --- [taskflow] [main] o.s.o.j.p.SpringPersistenceUnitInfo      : No LoadTimeWeaver setup: ignoring JPA class transformer
2026-10-10T16:29:11.071+05:30  INFO 8997 --- [taskflow] [main] org.hibernate.orm.connections.pooling    : HHH10001005: Database info:
	Database JDBC URL [jdbc:postgresql://localhost:5432/taskflow]
	Database driver: PostgreSQL JDBC Driver
	Database dialect: PostgreSQLDialect
	Database version: 17.2
	Default catalog/schema: taskflow/public
	Autocommit mode: undefined/unknown
	Isolation level: READ_COMMITTED [default READ_COMMITTED]
	JDBC fetch size: none
	Pool: DataSourceConnectionProvider
	Minimum pool size: undefined/unknown
	Maximum pool size: undefined/unknown
2026-10-10T16:29:11.093+05:30  INFO 8997 --- [taskflow] [main] org.hibernate.orm.core                   : HHH000489: No JTA platform available (set 'hibernate.transaction.jta.platform' to enable JTA platform integration)
2026-10-10T16:29:11.106+05:30  INFO 8997 --- [taskflow] [main] j.LocalContainerEntityManagerFactoryBean : Initialized JPA EntityManagerFactory for persistence unit 'default'
2026-10-10T16:29:11.126+05:30  WARN 8997 --- [taskflow] [main] JpaBaseConfiguration$JpaWebConfiguration : spring.jpa.open-in-view is enabled by default. Therefore, database queries may be performed during view rendering. Explicitly configure spring.jpa.open-in-view to disable this warning
2026-10-10T16:29:11.161+05:30  INFO 8997 --- [taskflow] [main] o.s.b.a.e.web.EndpointLinksResolver      : Exposing 4 endpoints beneath base path '/actuator'
2026-10-10T16:29:11.167+05:30  INFO 8997 --- [taskflow] [main] c.e.taskflow.TaskflowApplicationTests    : Started TaskflowApplicationTests in 0.314 seconds (process running for 7.25)
2026-10-10T16:29:11.175+05:30  INFO 8997 --- [taskflow] [main] t.c.s.AnnotationConfigContextLoaderUtils : Could not detect default configuration classes for test class [com.example.taskflow.controller.TaskControllerTest]: TaskControllerTest does not declare any static, non-private, non-final, nested classes annotated with @Configuration.
2026-10-10T16:29:11.181+05:30  INFO 8997 --- [taskflow] [main] .b.t.c.SpringBootTestContextBootstrapper : Found @SpringBootConfiguration com.example.taskflow.TaskflowApplication for test class com.example.taskflow.controller.TaskControllerTest
2026-10-10T16:29:11.181+05:30  INFO 8997 --- [taskflow] [main] t.c.s.AnnotationConfigContextLoaderUtils : Could not detect default configuration classes for test class [com.example.taskflow.controller.TaskControllerTest]: TaskControllerTest does not declare any static, non-private, non-final, nested classes annotated with @Configuration.
2026-10-10T16:29:11.183+05:30  INFO 8997 --- [taskflow] [main] .b.t.c.SpringBootTestContextBootstrapper : Found @SpringBootConfiguration com.example.taskflow.TaskflowApplication for test class com.example.taskflow.controller.TaskControllerTest
2026-10-10T16:29:11.185+05:30  INFO 8997 --- [taskflow] [main] o.s.b.d.r.RestartApplicationListener     : Restart disabled due to context in which it is running
2026-10-10T16:29:11.194+05:30  INFO 8997 --- [taskflow] [main] c.e.t.controller.TaskControllerTest      : Starting TaskControllerTest using Java 22.0.2 with PID 8997 (started by janidubomal in /Users/janidubomal/Downloads/taskflow)
2026-10-10T16:29:11.194+05:30 DEBUG 8997 --- [taskflow] [main] c.e.t.controller.TaskControllerTest      : Running with Spring Boot v4.1.1, Spring v7.0.9
2026-10-10T16:29:11.194+05:30  INFO 8997 --- [taskflow] [main] c.e.t.controller.TaskControllerTest      : No active profile set, falling back to 1 default profile: "default"
2026-10-10T16:29:11.414+05:30  INFO 8997 --- [taskflow] [main] o.s.b.t.m.w.SpringBootMockServletContext : Initializing Spring TestDispatcherServlet ''
2026-10-10T16:29:11.414+05:30  INFO 8997 --- [taskflow] [main] o.s.t.web.servlet.TestDispatcherServlet  : Initializing Servlet ''
2026-10-10T16:29:11.415+05:30  INFO 8997 --- [taskflow] [main] o.s.t.web.servlet.TestDispatcherServlet  : Completed initialization in 0 ms
2026-10-10T16:29:11.424+05:30  INFO 8997 --- [taskflow] [main] c.e.t.controller.TaskControllerTest      : Started TaskControllerTest in 0.239 seconds (process running for 7.507)
2026-10-10T16:29:11.474+05:30  WARN 8997 --- [taskflow] [main] .w.s.m.s.DefaultHandlerExceptionResolver : Resolved [org.springframework.web.bind.MethodArgumentNotValidException: Validation failed for argument [0] in public org.springframework.http.ResponseEntity<com.example.taskflow.model.Task> com.example.taskflow.controller.TaskController.createTask(com.example.taskflow.dto.request.CreateTaskRequest): [Field error in object 'createTaskRequest' on field 'title': rejected value []; codes [NotBlank.createTaskRequest.title,NotBlank.title,NotBlank.java.lang.String,NotBlank]; arguments [org.springframework.context.support.DefaultMessageSourceResolvable: codes [createTaskRequest.title,title]; arguments []; default message [title]]; default message [Title is required]] ]
2026-10-10T16:29:11.482+05:30  WARN 8997 --- [taskflow] [main] .w.s.m.s.DefaultHandlerExceptionResolver : Resolved [org.springframework.web.bind.MethodArgumentNotValidException: Validation failed for argument [0] in public org.springframework.http.ResponseEntity<com.example.taskflow.model.Task> com.example.taskflow.controller.TaskController.createTask(com.example.taskflow.dto.request.CreateTaskRequest): [Field error in object 'createTaskRequest' on field 'priority': rejected value [10]; codes [Max.createTaskRequest.priority,Max.priority,Max.java.lang.Integer,Max]; arguments [org.springframework.context.support.DefaultMessageSourceResolvable: codes [createTaskRequest.priority,priority]; arguments []; default message [priority],5]; default message [must be less than or equal to 5]] ]
2026-10-10T16:29:11.614+05:30 DEBUG 8997 --- [taskflow] [main] c.example.taskflow.services.TaskService  : Finding task with id: 1
2026-10-10T16:29:11.621+05:30  INFO 8997 --- [taskflow] [main] c.example.taskflow.services.TaskService  : Creating task with title: Learn Mockito
2026-10-10T16:29:11.621+05:30  INFO 8997 --- [taskflow] [main] c.example.taskflow.services.TaskService  : Task created successfully with id: 1
2026-10-10T16:29:11.623+05:30 DEBUG 8997 --- [taskflow] [main] c.example.taskflow.services.TaskService  : Finding task with id: 1
2026-10-10T16:29:11.626+05:30 DEBUG 8997 --- [taskflow] [main] c.example.taskflow.services.TaskService  : Finding task with id: 999
2026-10-10T16:29:11.627+05:30  WARN 8997 --- [taskflow] [main] c.example.taskflow.services.TaskService  : Task not found with id: 999
2026-10-10T16:29:11.636+05:30  INFO 8997 --- [taskflow] [SpringApplicationShutdownHook] j.LocalContainerEntityManagerFactoryBean : Closing JPA EntityManagerFactory for persistence unit 'default'
2026-10-10T16:29:11.641+05:30  INFO 8997 --- [taskflow] [SpringApplicationShutdownHook] j.LocalContainerEntityManagerFactoryBean : Closing JPA EntityManagerFactory for persistence unit 'default'
2026-10-10T16:29:11.642+05:30  INFO 8997 --- [taskflow] [SpringApplicationShutdownHook] com.zaxxer.hikari.HikariDataSource       : HikariPool-1 - Shutdown initiated...
2026-10-10T16:29:11.646+05:30  INFO 8997 --- [taskflow] [SpringApplicationShutdownHook] com.zaxxer.hikari.HikariDataSource       : HikariPool-1 - Shutdown completed.
2026-10-10T16:29:11.648+05:30  INFO 8997 --- [taskflow] [SpringApplicationShutdownHook] j.LocalContainerEntityManagerFactoryBean : Closing JPA EntityManagerFactory for persistence unit 'default'
2026-10-10T16:29:11.649+05:30  INFO 8997 --- [taskflow] [SpringApplicationShutdownHook] com.zaxxer.hikari.HikariDataSource       : HikariPool-2 - Shutdown initiated...
2026-10-10T16:29:12.029+05:30  INFO 8997 --- [taskflow] [SpringApplicationShutdownHook] com.zaxxer.hikari.HikariDataSource       : HikariPool-2 - Shutdown completed.
2026-10-10T16:29:12.031+05:30  INFO 8997 --- [taskflow] [SpringApplicationShutdownHook] j.LocalContainerEntityManagerFactoryBean : Closing JPA EntityManagerFactory for persistence unit 'default'
2026-10-10T16:29:12.031+05:30  INFO 8997 --- [taskflow] [SpringApplicationShutdownHook] com.zaxxer.hikari.HikariDataSource       : HikariPool-3 - Shutdown initiated...
2026-10-10T16:29:12.032+05:30  INFO 8997 --- [taskflow] [SpringApplicationShutdownHook] com.zaxxer.hikari.HikariDataSource       : HikariPool-3 - Shutdown completed.
2026-10-10T16:33:54.548+05:30  INFO 9699 --- [taskflow] [main] c.e.t.repository.TaskRepositoryTest      : Starting TaskRepositoryTest using Java 22.0.2 with PID 9699 (started by janidubomal in /Users/janidubomal/Downloads/taskflow)
2026-10-10T16:33:54.549+05:30 DEBUG 9699 --- [taskflow] [main] c.e.t.repository.TaskRepositoryTest      : Running with Spring Boot v4.1.1, Spring v7.0.9
2026-10-10T16:33:54.549+05:30  INFO 9699 --- [taskflow] [main] c.e.t.repository.TaskRepositoryTest      : No active profile set, falling back to 1 default profile: "default"
2026-10-10T16:33:54.697+05:30  INFO 9699 --- [taskflow] [main] .s.d.r.c.RepositoryConfigurationDelegate : Bootstrapping Spring Data JPA repositories in DEFAULT mode.
2026-10-10T16:33:54.722+05:30  INFO 9699 --- [taskflow] [main] .s.d.r.c.RepositoryConfigurationDelegate : Finished Spring Data repository scanning in 19 ms. Found 1 JPA repository interface.
2026-10-10T16:33:54.746+05:30  INFO 9699 --- [taskflow] [main] beddedDataSourceBeanFactoryPostProcessor : Replacing 'dataSource' DataSource bean with embedded version
2026-10-10T16:33:54.783+05:30  INFO 9699 --- [taskflow] [main] o.s.j.d.e.EmbeddedDatabaseFactory        : Starting embedded database: url='jdbc:h2:mem:f9fc238e-7b58-4dd1-adbb-3ab857537eb7;DB_CLOSE_DELAY=-1;DB_CLOSE_ON_EXIT=false', username='sa'
2026-10-10T16:33:54.912+05:30  INFO 9699 --- [taskflow] [main] org.hibernate.orm.jpa                    : HHH008540: Processing PersistenceUnitInfo [name: default]
2026-10-10T16:33:54.940+05:30  INFO 9699 --- [taskflow] [main] org.hibernate.orm.core                   : HHH000001: Hibernate ORM core version 7.4.5.Final
2026-10-10T16:33:55.115+05:30  INFO 9699 --- [taskflow] [main] o.s.o.j.p.SpringPersistenceUnitInfo      : No LoadTimeWeaver setup: ignoring JPA class transformer
2026-10-10T16:33:55.150+05:30  INFO 9699 --- [taskflow] [main] org.hibernate.orm.connections.pooling    : HHH10001005: Database info:
	Database JDBC URL [jdbc:h2:mem:f9fc238e-7b58-4dd1-adbb-3ab857537eb7]
	Database driver: H2 JDBC Driver
	Database dialect: H2Dialect
	Database version: 2.4.240
	Default catalog/schema: F9FC238E-7B58-4DD1-ADBB-3AB857537EB7/PUBLIC
	Autocommit mode: undefined/unknown
	Isolation level: READ_COMMITTED [default READ_COMMITTED]
	JDBC fetch size: 100
	Pool: DataSourceConnectionProvider
	Minimum pool size: undefined/unknown
	Maximum pool size: undefined/unknown
2026-10-10T16:33:55.486+05:30  INFO 9699 --- [taskflow] [main] org.hibernate.orm.core                   : HHH000489: No JTA platform available (set 'hibernate.transaction.jta.platform' to enable JTA platform integration)
2026-10-10T16:33:55.500+05:30  INFO 9699 --- [taskflow] [main] j.LocalContainerEntityManagerFactoryBean : Initialized JPA EntityManagerFactory for persistence unit 'default'
2026-10-10T16:33:55.545+05:30  INFO 9699 --- [taskflow] [main] o.s.d.j.r.query.QueryEnhancerFactories   : Hibernate is in classpath; If applicable, HQL parser will be used.
2026-10-10T16:33:55.619+05:30  INFO 9699 --- [taskflow] [main] c.e.t.repository.TaskRepositoryTest      : Started TaskRepositoryTest in 1.266 seconds (process running for 1.777)
2026-10-10T16:33:56.174+05:30  INFO 9699 --- [taskflow] [main] org.testcontainers.images.PullPolicy     : Image pull policy will be performed by: DefaultPullPolicy()
2026-10-10T16:33:56.175+05:30  INFO 9699 --- [taskflow] [main] o.t.utility.ImageNameSubstitutor         : Image name substitution will be performed by: DefaultImageNameSubstitutor (composite of 'ConfigurationFileImageNameSubstitutor' and 'PrefixingImageNameSubstitutor')
2026-10-10T16:33:56.180+05:30  INFO 9699 --- [taskflow] [main] org.testcontainers.DockerClientFactory   : Testcontainers version: 2.0.5
2026-10-10T16:33:56.297+05:30  INFO 9699 --- [taskflow] [main] o.t.d.DockerClientProviderStrategy       : Loaded org.testcontainers.dockerclient.UnixSocketClientProviderStrategy from ~/.testcontainers.properties, will try it first
2026-10-10T16:33:56.539+05:30  INFO 9699 --- [taskflow] [main] o.t.d.DockerClientProviderStrategy       : Found Docker environment with local Unix socket (unix:///var/run/docker.sock)
2026-10-10T16:33:56.540+05:30  INFO 9699 --- [taskflow] [main] org.testcontainers.DockerClientFactory   : Docker host IP address is localhost
2026-10-10T16:33:56.552+05:30  INFO 9699 --- [taskflow] [main] org.testcontainers.DockerClientFactory   : Connected to docker: 
  Server Version: 27.4.0
  API Version: 1.47
  Operating System: Docker Desktop
  Total Memory: 3919 MB
  Labels: 
    com.docker.desktop.address=unix:///Users/janidubomal/Library/Containers/com.docker.docker/Data/docker-cli.sock
2026-10-10T16:33:56.570+05:30  INFO 9699 --- [taskflow] [main] tc.testcontainers/ryuk:0.14.0            : Creating container for image: testcontainers/ryuk:0.14.0
2026-10-10T16:33:56.929+05:30  INFO 9699 --- [taskflow] [main] tc.testcontainers/ryuk:0.14.0            : Container testcontainers/ryuk:0.14.0 is starting: 286fbd50444e9155710e858f7eb1cb204d4a411eeb28af0332acc35763d52477
2026-10-10T16:33:57.273+05:30  INFO 9699 --- [taskflow] [main] tc.testcontainers/ryuk:0.14.0            : Container testcontainers/ryuk:0.14.0 started in PT0.702715S
2026-10-10T16:33:57.280+05:30  INFO 9699 --- [taskflow] [main] o.t.utility.RyukResourceReaper           : Ryuk started - will monitor and terminate Testcontainers containers on JVM exit
2026-10-10T16:33:57.280+05:30  INFO 9699 --- [taskflow] [main] org.testcontainers.DockerClientFactory   : Checking the system...
2026-10-10T16:33:57.280+05:30  INFO 9699 --- [taskflow] [main] org.testcontainers.DockerClientFactory   : ✔︎ Docker server version should be at least 1.6.0
2026-10-10T16:33:57.281+05:30  INFO 9699 --- [taskflow] [main] tc.postgres:16-alpine                    : Creating container for image: postgres:16-alpine
2026-10-10T16:33:57.322+05:30  INFO 9699 --- [taskflow] [main] tc.postgres:16-alpine                    : Container postgres:16-alpine is starting: 0f017e8f7a63511a4c4defac5a52b94e68b6fa1d6ec62f2879f57ab2534f730c
2026-10-10T16:33:58.388+05:30  INFO 9699 --- [taskflow] [main] tc.postgres:16-alpine                    : Container postgres:16-alpine started in PT1.107193S
2026-10-10T16:33:58.391+05:30  INFO 9699 --- [taskflow] [main] tc.postgres:16-alpine                    : Container is started (JDBC URL: jdbc:postgresql://localhost:51854/test?loggerLevel=OFF)
2026-10-10T16:33:58.407+05:30  INFO 9699 --- [taskflow] [main] t.c.s.AnnotationConfigContextLoaderUtils : Could not detect default configuration classes for test class [com.example.taskflow.integration.TaskRepositoryPostgresIntegrationTest]: TaskRepositoryPostgresIntegrationTest does not declare any static, non-private, non-final, nested classes annotated with @Configuration.
2026-10-10T16:33:58.434+05:30  INFO 9699 --- [taskflow] [main] .b.t.c.SpringBootTestContextBootstrapper : Found @SpringBootConfiguration com.example.taskflow.TaskflowApplication for test class com.example.taskflow.integration.TaskRepositoryPostgresIntegrationTest
2026-10-10T16:33:58.439+05:30  INFO 9699 --- [taskflow] [main] t.c.s.AnnotationConfigContextLoaderUtils : Could not detect default configuration classes for test class [com.example.taskflow.integration.TaskRepositoryPostgresIntegrationTest]: TaskRepositoryPostgresIntegrationTest does not declare any static, non-private, non-final, nested classes annotated with @Configuration.
2026-10-10T16:33:58.441+05:30  INFO 9699 --- [taskflow] [main] .b.t.c.SpringBootTestContextBootstrapper : Found @SpringBootConfiguration com.example.taskflow.TaskflowApplication for test class com.example.taskflow.integration.TaskRepositoryPostgresIntegrationTest
2026-10-10T16:33:58.459+05:30  INFO 9699 --- [taskflow] [main] o.s.b.d.r.RestartApplicationListener     : Restart disabled due to context in which it is running
2026-10-10T16:33:58.481+05:30  INFO 9699 --- [taskflow] [main] .i.TaskRepositoryPostgresIntegrationTest : Starting TaskRepositoryPostgresIntegrationTest using Java 22.0.2 with PID 9699 (started by janidubomal in /Users/janidubomal/Downloads/taskflow)
2026-10-10T16:33:58.481+05:30 DEBUG 9699 --- [taskflow] [main] .i.TaskRepositoryPostgresIntegrationTest : Running with Spring Boot v4.1.1, Spring v7.0.9
2026-10-10T16:33:58.481+05:30  INFO 9699 --- [taskflow] [main] .i.TaskRepositoryPostgresIntegrationTest : No active profile set, falling back to 1 default profile: "default"
2026-10-10T16:33:58.688+05:30  INFO 9699 --- [taskflow] [main] .s.d.r.c.RepositoryConfigurationDelegate : Bootstrapping Spring Data JPA repositories in DEFAULT mode.
2026-10-10T16:33:58.694+05:30  INFO 9699 --- [taskflow] [main] .s.d.r.c.RepositoryConfigurationDelegate : Finished Spring Data repository scanning in 4 ms. Found 1 JPA repository interface.
2026-10-10T16:33:58.994+05:30  INFO 9699 --- [taskflow] [main] org.flywaydb.core.FlywayExecutor         : Database: jdbc:postgresql://localhost:51854/test?loggerLevel=OFF (PostgreSQL 16.15)
2026-10-10T16:33:59.027+05:30  INFO 9699 --- [taskflow] [main] o.f.c.i.s.JdbcTableSchemaHistory         : Schema history table "public"."flyway_schema_history" does not exist yet
2026-10-10T16:33:59.029+05:30  INFO 9699 --- [taskflow] [main] o.f.core.internal.command.DbValidate     : Successfully validated 2 migrations (execution time 00:00.010s)
2026-10-10T16:33:59.043+05:30  INFO 9699 --- [taskflow] [main] o.f.c.i.s.JdbcTableSchemaHistory         : Creating Schema History table "public"."flyway_schema_history" ...
2026-10-10T16:33:59.073+05:30  INFO 9699 --- [taskflow] [main] o.f.core.internal.command.DbMigrate      : Current version of schema "public": << Empty Schema >>
2026-10-10T16:33:59.076+05:30  INFO 9699 --- [taskflow] [main] o.f.core.internal.command.DbMigrate      : Migrating schema "public" to version "1 - create tasks table"
2026-10-10T16:33:59.089+05:30  INFO 9699 --- [taskflow] [main] o.f.core.internal.command.DbMigrate      : Migrating schema "public" to version "2 - add priority to tasks"
2026-10-10T16:33:59.097+05:30  INFO 9699 --- [taskflow] [main] o.f.core.internal.command.DbMigrate      : Successfully applied 2 migrations to schema "public", now at version v2 (execution time 00:00.007s)
2026-10-10T16:33:59.109+05:30  INFO 9699 --- [taskflow] [main] org.hibernate.orm.jpa                    : HHH008540: Processing PersistenceUnitInfo [name: default]
2026-10-10T16:33:59.119+05:30  INFO 9699 --- [taskflow] [main] o.s.o.j.p.SpringPersistenceUnitInfo      : No LoadTimeWeaver setup: ignoring JPA class transformer
2026-10-10T16:33:59.119+05:30  INFO 9699 --- [taskflow] [main] com.zaxxer.hikari.HikariDataSource       : HikariPool-1 - Starting...
2026-10-10T16:33:59.130+05:30  INFO 9699 --- [taskflow] [main] com.zaxxer.hikari.pool.HikariPool        : HikariPool-1 - Added connection org.postgresql.jdbc.PgConnection@3fb732ee
2026-10-10T16:33:59.130+05:30  INFO 9699 --- [taskflow] [main] com.zaxxer.hikari.HikariDataSource       : HikariPool-1 - Start completed.
2026-10-10T16:33:59.144+05:30  INFO 9699 --- [taskflow] [main] org.hibernate.orm.connections.pooling    : HHH10001005: Database info:
	Database JDBC URL [jdbc:postgresql://localhost:51854/test?loggerLevel=OFF]
	Database driver: PostgreSQL JDBC Driver
	Database dialect: PostgreSQLDialect
	Database version: 16.15
	Default catalog/schema: test/public
	Autocommit mode: undefined/unknown
	Isolation level: READ_COMMITTED [default READ_COMMITTED]
	JDBC fetch size: none
	Pool: DataSourceConnectionProvider
	Minimum pool size: undefined/unknown
	Maximum pool size: undefined/unknown
2026-10-10T16:33:59.176+05:30  INFO 9699 --- [taskflow] [main] org.hibernate.orm.core                   : HHH000489: No JTA platform available (set 'hibernate.transaction.jta.platform' to enable JTA platform integration)
2026-10-10T16:33:59.192+05:30  INFO 9699 --- [taskflow] [main] j.LocalContainerEntityManagerFactoryBean : Initialized JPA EntityManagerFactory for persistence unit 'default'
2026-10-10T16:33:59.254+05:30  WARN 9699 --- [taskflow] [main] JpaBaseConfiguration$JpaWebConfiguration : spring.jpa.open-in-view is enabled by default. Therefore, database queries may be performed during view rendering. Explicitly configure spring.jpa.open-in-view to disable this warning
2026-10-10T16:33:59.517+05:30  INFO 9699 --- [taskflow] [main] o.s.b.a.e.web.EndpointLinksResolver      : Exposing 4 endpoints beneath base path '/actuator'
2026-10-10T16:33:59.552+05:30  INFO 9699 --- [taskflow] [main] .i.TaskRepositoryPostgresIntegrationTest : Started TaskRepositoryPostgresIntegrationTest in 1.093 seconds (process running for 5.71)
2026-10-10T16:33:59.947+05:30  INFO 9699 --- [taskflow] [main] tc.postgres:16-alpine                    : Creating container for image: postgres:16-alpine
2026-10-10T16:33:59.992+05:30  INFO 9699 --- [taskflow] [main] tc.postgres:16-alpine                    : Container postgres:16-alpine is starting: b35daed9265050191b31375c6629fab5457fbe108b9a17621da257277023faab
2026-10-10T16:34:00.992+05:30  INFO 9699 --- [taskflow] [main] tc.postgres:16-alpine                    : Container postgres:16-alpine started in PT1.044741S
2026-10-10T16:34:00.995+05:30  INFO 9699 --- [taskflow] [main] tc.postgres:16-alpine                    : Container is started (JDBC URL: jdbc:postgresql://localhost:51869/test?loggerLevel=OFF)
2026-10-10T16:34:01.006+05:30  INFO 9699 --- [taskflow] [main] t.c.s.AnnotationConfigContextLoaderUtils : Could not detect default configuration classes for test class [com.example.taskflow.integration.TaskApiIntegrationTest]: TaskApiIntegrationTest does not declare any static, non-private, non-final, nested classes annotated with @Configuration.
2026-10-10T16:34:01.019+05:30  INFO 9699 --- [taskflow] [main] .b.t.c.SpringBootTestContextBootstrapper : Found @SpringBootConfiguration com.example.taskflow.TaskflowApplication for test class com.example.taskflow.integration.TaskApiIntegrationTest
2026-10-10T16:34:01.021+05:30  INFO 9699 --- [taskflow] [main] t.c.s.AnnotationConfigContextLoaderUtils : Could not detect default configuration classes for test class [com.example.taskflow.integration.TaskApiIntegrationTest]: TaskApiIntegrationTest does not declare any static, non-private, non-final, nested classes annotated with @Configuration.
2026-10-10T16:34:01.024+05:30  INFO 9699 --- [taskflow] [main] .b.t.c.SpringBootTestContextBootstrapper : Found @SpringBootConfiguration com.example.taskflow.TaskflowApplication for test class com.example.taskflow.integration.TaskApiIntegrationTest
2026-10-10T16:34:01.034+05:30  INFO 9699 --- [taskflow] [main] o.s.b.d.r.RestartApplicationListener     : Restart disabled due to context in which it is running
2026-10-10T16:34:01.048+05:30  INFO 9699 --- [taskflow] [main] c.e.t.i.TaskApiIntegrationTest           : Starting TaskApiIntegrationTest using Java 22.0.2 with PID 9699 (started by janidubomal in /Users/janidubomal/Downloads/taskflow)
2026-10-10T16:34:01.048+05:30 DEBUG 9699 --- [taskflow] [main] c.e.t.i.TaskApiIntegrationTest           : Running with Spring Boot v4.1.1, Spring v7.0.9
2026-10-10T16:34:01.048+05:30  INFO 9699 --- [taskflow] [main] c.e.t.i.TaskApiIntegrationTest           : No active profile set, falling back to 1 default profile: "default"
2026-10-10T16:34:01.160+05:30  INFO 9699 --- [taskflow] [main] .s.d.r.c.RepositoryConfigurationDelegate : Bootstrapping Spring Data JPA repositories in DEFAULT mode.
2026-10-10T16:34:01.176+05:30  INFO 9699 --- [taskflow] [main] .s.d.r.c.RepositoryConfigurationDelegate : Finished Spring Data repository scanning in 2 ms. Found 1 JPA repository interface.
2026-10-10T16:34:01.261+05:30  INFO 9699 --- [taskflow] [main] org.flywaydb.core.FlywayExecutor         : Database: jdbc:postgresql://localhost:51869/test?loggerLevel=OFF (PostgreSQL 16.15)
2026-10-10T16:34:01.270+05:30  INFO 9699 --- [taskflow] [main] o.f.c.i.s.JdbcTableSchemaHistory         : Schema history table "public"."flyway_schema_history" does not exist yet
2026-10-10T16:34:01.271+05:30  INFO 9699 --- [taskflow] [main] o.f.core.internal.command.DbValidate     : Successfully validated 2 migrations (execution time 00:00.002s)
2026-10-10T16:34:01.276+05:30  INFO 9699 --- [taskflow] [main] o.f.c.i.s.JdbcTableSchemaHistory         : Creating Schema History table "public"."flyway_schema_history" ...
2026-10-10T16:34:01.292+05:30  INFO 9699 --- [taskflow] [main] o.f.core.internal.command.DbMigrate      : Current version of schema "public": << Empty Schema >>
2026-10-10T16:34:01.294+05:30  INFO 9699 --- [taskflow] [main] o.f.core.internal.command.DbMigrate      : Migrating schema "public" to version "1 - create tasks table"
2026-10-10T16:34:01.303+05:30  INFO 9699 --- [taskflow] [main] o.f.core.internal.command.DbMigrate      : Migrating schema "public" to version "2 - add priority to tasks"
2026-10-10T16:34:01.310+05:30  INFO 9699 --- [taskflow] [main] o.f.core.internal.command.DbMigrate      : Successfully applied 2 migrations to schema "public", now at version v2 (execution time 00:00.005s)
2026-10-10T16:34:01.317+05:30  INFO 9699 --- [taskflow] [main] org.hibernate.orm.jpa                    : HHH008540: Processing PersistenceUnitInfo [name: default]
2026-10-10T16:34:01.325+05:30  INFO 9699 --- [taskflow] [main] o.s.o.j.p.SpringPersistenceUnitInfo      : No LoadTimeWeaver setup: ignoring JPA class transformer
2026-10-10T16:34:01.326+05:30  INFO 9699 --- [taskflow] [main] com.zaxxer.hikari.HikariDataSource       : HikariPool-2 - Starting...
2026-10-10T16:34:01.333+05:30  INFO 9699 --- [taskflow] [main] com.zaxxer.hikari.pool.HikariPool        : HikariPool-2 - Added connection org.postgresql.jdbc.PgConnection@fb268b
2026-10-10T16:34:01.333+05:30  INFO 9699 --- [taskflow] [main] com.zaxxer.hikari.HikariDataSource       : HikariPool-2 - Start completed.
2026-10-10T16:34:01.337+05:30  INFO 9699 --- [taskflow] [main] org.hibernate.orm.connections.pooling    : HHH10001005: Database info:
	Database JDBC URL [jdbc:postgresql://localhost:51869/test?loggerLevel=OFF]
	Database driver: PostgreSQL JDBC Driver
	Database dialect: PostgreSQLDialect
	Database version: 16.15
	Default catalog/schema: test/public
	Autocommit mode: undefined/unknown
	Isolation level: READ_COMMITTED [default READ_COMMITTED]
	JDBC fetch size: none
	Pool: DataSourceConnectionProvider
	Minimum pool size: undefined/unknown
	Maximum pool size: undefined/unknown
2026-10-10T16:34:01.349+05:30  INFO 9699 --- [taskflow] [main] org.hibernate.orm.core                   : HHH000489: No JTA platform available (set 'hibernate.transaction.jta.platform' to enable JTA platform integration)
2026-10-10T16:34:01.360+05:30  INFO 9699 --- [taskflow] [main] j.LocalContainerEntityManagerFactoryBean : Initialized JPA EntityManagerFactory for persistence unit 'default'
2026-10-10T16:34:01.381+05:30  WARN 9699 --- [taskflow] [main] JpaBaseConfiguration$JpaWebConfiguration : spring.jpa.open-in-view is enabled by default. Therefore, database queries may be performed during view rendering. Explicitly configure spring.jpa.open-in-view to disable this warning
2026-10-10T16:34:01.431+05:30  INFO 9699 --- [taskflow] [main] o.s.b.t.m.w.SpringBootMockServletContext : Initializing Spring TestDispatcherServlet ''
2026-10-10T16:34:01.431+05:30  INFO 9699 --- [taskflow] [main] o.s.t.web.servlet.TestDispatcherServlet  : Initializing Servlet ''
2026-10-10T16:34:01.432+05:30  INFO 9699 --- [taskflow] [main] o.s.b.a.e.web.EndpointLinksResolver      : Exposing 4 endpoints beneath base path '/actuator'
2026-10-10T16:34:01.434+05:30  INFO 9699 --- [taskflow] [main] o.s.t.web.servlet.TestDispatcherServlet  : Completed initialization in 3 ms
2026-10-10T16:34:01.441+05:30  INFO 9699 --- [taskflow] [main] c.e.t.i.TaskApiIntegrationTest           : Started TaskApiIntegrationTest in 0.407 seconds (process running for 7.599)
2026-10-10T16:34:01.499+05:30  INFO 9699 --- [taskflow] [main] c.example.taskflow.services.TaskService  : Creating task with title: Learn Spring Boot
2026-10-10T16:34:01.502+05:30  INFO 9699 --- [taskflow] [main] c.example.taskflow.services.TaskService  : Task created successfully with id: 1
2026-10-10T16:34:01.515+05:30  INFO 9699 --- [taskflow] [main] c.example.taskflow.services.TaskService  : Creating task with title: Learn Docker
2026-10-10T16:34:01.519+05:30  INFO 9699 --- [taskflow] [main] c.example.taskflow.services.TaskService  : Task created successfully with id: 2
2026-10-10T16:34:01.552+05:30 DEBUG 9699 --- [taskflow] [main] c.example.taskflow.services.TaskService  : Finding task with id: 999
2026-10-10T16:34:01.554+05:30  WARN 9699 --- [taskflow] [main] c.example.taskflow.services.TaskService  : Task not found with id: 999
2026-10-10T16:34:01.567+05:30  INFO 9699 --- [taskflow] [main] c.example.taskflow.services.TaskService  : Creating task with title: Learn Testcontainers
2026-10-10T16:34:01.569+05:30  INFO 9699 --- [taskflow] [main] c.example.taskflow.services.TaskService  : Task created successfully with id: 3
2026-10-10T16:34:01.585+05:30  WARN 9699 --- [taskflow] [main] .w.s.m.s.DefaultHandlerExceptionResolver : Resolved [org.springframework.web.bind.MethodArgumentNotValidException: Validation failed for argument [0] in public org.springframework.http.ResponseEntity<com.example.taskflow.model.Task> com.example.taskflow.controller.TaskController.createTask(com.example.taskflow.dto.request.CreateTaskRequest) with 2 errors: [Field error in object 'createTaskRequest' on field 'title': rejected value []; codes [NotBlank.createTaskRequest.title,NotBlank.title,NotBlank.java.lang.String,NotBlank]; arguments [org.springframework.context.support.DefaultMessageSourceResolvable: codes [createTaskRequest.title,title]; arguments []; default message [title]]; default message [Title is required]] [Field error in object 'createTaskRequest' on field 'priority': rejected value [10]; codes [Max.createTaskRequest.priority,Max.priority,Max.java.lang.Integer,Max]; arguments [org.springframework.context.support.DefaultMessageSourceResolvable: codes [createTaskRequest.priority,priority]; arguments []; default message [priority],5]; default message [must be less than or equal to 5]] ]
2026-10-10T16:34:01.593+05:30  INFO 9699 --- [taskflow] [main] c.example.taskflow.services.TaskService  : Creating task with title: Learn Integration Testing
2026-10-10T16:34:01.595+05:30  INFO 9699 --- [taskflow] [main] c.example.taskflow.services.TaskService  : Task created successfully with id: 4
2026-10-10T16:34:01.605+05:30  INFO 9699 --- [taskflow] [main] c.example.taskflow.services.TaskService  : Creating task with title: Delete this task
2026-10-10T16:34:01.608+05:30  INFO 9699 --- [taskflow] [main] c.example.taskflow.services.TaskService  : Task created successfully with id: 5
2026-10-10T16:34:01.624+05:30  INFO 9699 --- [taskflow] [main] c.example.taskflow.services.TaskService  : Creating task with title: Finish Spring Testing
2026-10-10T16:34:01.626+05:30  INFO 9699 --- [taskflow] [main] c.example.taskflow.services.TaskService  : Task created successfully with id: 6
2026-10-10T16:34:01.630+05:30 DEBUG 9699 --- [taskflow] [main] c.example.taskflow.services.TaskService  : Finding task with id: 6
2026-10-10T16:34:01.801+05:30  INFO 9699 --- [taskflow] [main] t.c.s.AnnotationConfigContextLoaderUtils : Could not detect default configuration classes for test class [com.example.taskflow.TaskflowApplicationTests]: TaskflowApplicationTests does not declare any static, non-private, non-final, nested classes annotated with @Configuration.
2026-10-10T16:34:01.807+05:30  INFO 9699 --- [taskflow] [main] .b.t.c.SpringBootTestContextBootstrapper : Found @SpringBootConfiguration com.example.taskflow.TaskflowApplication for test class com.example.taskflow.TaskflowApplicationTests
2026-10-10T16:34:01.808+05:30  INFO 9699 --- [taskflow] [main] t.c.s.AnnotationConfigContextLoaderUtils : Could not detect default configuration classes for test class [com.example.taskflow.TaskflowApplicationTests]: TaskflowApplicationTests does not declare any static, non-private, non-final, nested classes annotated with @Configuration.
2026-10-10T16:34:01.813+05:30  INFO 9699 --- [taskflow] [main] .b.t.c.SpringBootTestContextBootstrapper : Found @SpringBootConfiguration com.example.taskflow.TaskflowApplication for test class com.example.taskflow.TaskflowApplicationTests
2026-10-10T16:34:01.815+05:30  INFO 9699 --- [taskflow] [main] o.s.b.d.r.RestartApplicationListener     : Restart disabled due to context in which it is running
2026-10-10T16:34:01.823+05:30  INFO 9699 --- [taskflow] [main] c.e.taskflow.TaskflowApplicationTests    : Starting TaskflowApplicationTests using Java 22.0.2 with PID 9699 (started by janidubomal in /Users/janidubomal/Downloads/taskflow)
2026-10-10T16:34:01.823+05:30 DEBUG 9699 --- [taskflow] [main] c.e.taskflow.TaskflowApplicationTests    : Running with Spring Boot v4.1.1, Spring v7.0.9
2026-10-10T16:34:01.823+05:30  INFO 9699 --- [taskflow] [main] c.e.taskflow.TaskflowApplicationTests    : No active profile set, falling back to 1 default profile: "default"
2026-10-10T16:34:01.907+05:30  INFO 9699 --- [taskflow] [main] .s.d.r.c.RepositoryConfigurationDelegate : Bootstrapping Spring Data JPA repositories in DEFAULT mode.
2026-10-10T16:34:01.914+05:30  INFO 9699 --- [taskflow] [main] .s.d.r.c.RepositoryConfigurationDelegate : Finished Spring Data repository scanning in 5 ms. Found 1 JPA repository interface.
2026-10-10T16:34:01.964+05:30  WARN 9699 --- [taskflow] [main] o.s.w.c.s.GenericWebApplicationContext   : Exception encountered during context initialization - cancelling refresh attempt: org.springframework.beans.factory.BeanCreationException: Error creating bean with name 'entityManagerFactory' defined in class path resource [org/springframework/boot/hibernate/autoconfigure/HibernateJpaConfiguration.class]: Failed to initialize dependency 'flyway' of LoadTimeWeaverAware bean 'entityManagerFactory': Error creating bean with name 'flyway' defined in class path resource [org/springframework/boot/flyway/autoconfigure/FlywayAutoConfiguration$FlywayConfiguration.class]: Failed to instantiate [org.flywaydb.core.Flyway]: Factory method 'flyway' threw exception with message: Error creating bean with name 'dataSource' defined in class path resource [org/springframework/boot/jdbc/autoconfigure/DataSourceConfiguration$Hikari.class]: Failed to instantiate [com.zaxxer.hikari.HikariDataSource]: Factory method 'dataSource' threw exception with message: 'url' must start with "jdbc"
2026-10-10T16:34:01.971+05:30  INFO 9699 --- [taskflow] [main] .s.b.a.l.ConditionEvaluationReportLogger : 

Error starting ApplicationContext. To display the condition evaluation report re-run your application with 'debug' enabled.
2026-10-10T16:34:01.979+05:30 ERROR 9699 --- [taskflow] [main] o.s.boot.SpringApplication               : Application run failed

org.springframework.beans.factory.BeanCreationException: Error creating bean with name 'entityManagerFactory' defined in class path resource [org/springframework/boot/hibernate/autoconfigure/HibernateJpaConfiguration.class]: Failed to initialize dependency 'flyway' of LoadTimeWeaverAware bean 'entityManagerFactory': Error creating bean with name 'flyway' defined in class path resource [org/springframework/boot/flyway/autoconfigure/FlywayAutoConfiguration$FlywayConfiguration.class]: Failed to instantiate [org.flywaydb.core.Flyway]: Factory method 'flyway' threw exception with message: Error creating bean with name 'dataSource' defined in class path resource [org/springframework/boot/jdbc/autoconfigure/DataSourceConfiguration$Hikari.class]: Failed to instantiate [com.zaxxer.hikari.HikariDataSource]: Factory method 'dataSource' threw exception with message: 'url' must start with "jdbc"
	at org.springframework.beans.factory.support.AbstractBeanFactory.doGetBean(AbstractBeanFactory.java:322) ~[spring-beans-7.0.9.jar:7.0.9]
	at org.springframework.beans.factory.support.AbstractBeanFactory.getBean(AbstractBeanFactory.java:201) ~[spring-beans-7.0.9.jar:7.0.9]
	at org.springframework.context.support.AbstractApplicationContext.finishBeanFactoryInitialization(AbstractApplicationContext.java:977) ~[spring-context-7.0.9.jar:7.0.9]
	at org.springframework.context.support.AbstractApplicationContext.refresh(AbstractApplicationContext.java:621) ~[spring-context-7.0.9.jar:7.0.9]
	at org.springframework.boot.SpringApplication.refresh(SpringApplication.java:756) ~[spring-boot-4.1.1.jar:4.1.1]
	at org.springframework.boot.SpringApplication.refreshContext(SpringApplication.java:445) ~[spring-boot-4.1.1.jar:4.1.1]
	at org.springframework.boot.SpringApplication.run(SpringApplication.java:321) ~[spring-boot-4.1.1.jar:4.1.1]
	at org.springframework.boot.test.context.SpringBootContextLoader.lambda$loadContext$2(SpringBootContextLoader.java:155) ~[spring-boot-test-4.1.1.jar:4.1.1]
	at org.springframework.util.function.ThrowingSupplier.get(ThrowingSupplier.java:58) ~[spring-core-7.0.9.jar:7.0.9]
	at org.springframework.util.function.ThrowingSupplier.get(ThrowingSupplier.java:46) ~[spring-core-7.0.9.jar:7.0.9]
	at org.springframework.boot.SpringApplication.withHook(SpringApplication.java:1465) ~[spring-boot-4.1.1.jar:4.1.1]
	at org.springframework.boot.test.context.SpringBootContextLoader$ContextLoaderHook.run(SpringBootContextLoader.java:600) ~[spring-boot-test-4.1.1.jar:4.1.1]
	at org.springframework.boot.test.context.SpringBootContextLoader.loadContext(SpringBootContextLoader.java:155) ~[spring-boot-test-4.1.1.jar:4.1.1]
	at org.springframework.boot.test.context.SpringBootContextLoader.loadContext(SpringBootContextLoader.java:114) ~[spring-boot-test-4.1.1.jar:4.1.1]
	at org.springframework.test.context.cache.DefaultCacheAwareContextLoaderDelegate.loadContextInternal(DefaultCacheAwareContextLoaderDelegate.java:247) ~[spring-test-7.0.9.jar:7.0.9]
	at org.springframework.test.context.cache.DefaultCacheAwareContextLoaderDelegate.lambda$loadContext$0(DefaultCacheAwareContextLoaderDelegate.java:167) ~[spring-test-7.0.9.jar:7.0.9]
	at org.springframework.test.context.cache.DefaultContextCache.put(DefaultContextCache.java:214) ~[spring-test-7.0.9.jar:7.0.9]
	at org.springframework.test.context.cache.DefaultCacheAwareContextLoaderDelegate.loadContext(DefaultCacheAwareContextLoaderDelegate.java:160) ~[spring-test-7.0.9.jar:7.0.9]
	at org.springframework.test.context.support.DefaultTestContext.getApplicationContext(DefaultTestContext.java:128) ~[spring-test-7.0.9.jar:7.0.9]
	at org.springframework.test.context.web.ServletTestExecutionListener.setUpRequestContextIfNecessary(ServletTestExecutionListener.java:200) ~[spring-test-7.0.9.jar:7.0.9]
	at org.springframework.test.context.web.ServletTestExecutionListener.prepareTestInstance(ServletTestExecutionListener.java:139) ~[spring-test-7.0.9.jar:7.0.9]
	at org.springframework.test.context.TestContextManager.prepareTestInstance(TestContextManager.java:260) ~[spring-test-7.0.9.jar:7.0.9]
	at org.springframework.test.context.junit.jupiter.SpringExtension.postProcessTestInstance(SpringExtension.java:242) ~[spring-test-7.0.9.jar:7.0.9]
	at org.junit.jupiter.engine.descriptor.ClassBasedTestDescriptor.lambda$invokeTestInstancePostProcessors$1(ClassBasedTestDescriptor.java:423) ~[junit-jupiter-engine-6.0.3.jar:6.0.3]
	at org.junit.jupiter.engine.descriptor.ClassBasedTestDescriptor.executeAndMaskThrowable(ClassBasedTestDescriptor.java:428) ~[junit-jupiter-engine-6.0.3.jar:6.0.3]
	at org.junit.jupiter.engine.descriptor.ClassBasedTestDescriptor.lambda$invokeTestInstancePostProcessors$0(ClassBasedTestDescriptor.java:422) ~[junit-jupiter-engine-6.0.3.jar:6.0.3]
	at java.base/java.util.stream.ForEachOps$ForEachOp$OfRef.accept(ForEachOps.java:184) ~[na:na]
	at java.base/java.util.stream.ReferencePipeline$3$1.accept(ReferencePipeline.java:212) ~[na:na]
	at java.base/java.util.stream.ReferencePipeline$2$1.accept(ReferencePipeline.java:194) ~[na:na]
	at java.base/java.util.stream.ReferencePipeline$3$1.accept(ReferencePipeline.java:212) ~[na:na]
	at java.base/java.util.ArrayList$ArrayListSpliterator.forEachRemaining(ArrayList.java:1709) ~[na:na]
	at java.base/java.util.stream.AbstractPipeline.copyInto(AbstractPipeline.java:556) ~[na:na]
	at java.base/java.util.stream.AbstractPipeline.wrapAndCopyInto(AbstractPipeline.java:546) ~[na:na]
	at java.base/java.util.stream.ForEachOps$ForEachOp.evaluateSequential(ForEachOps.java:151) ~[na:na]
	at java.base/java.util.stream.ForEachOps$ForEachOp$OfRef.evaluateSequential(ForEachOps.java:174) ~[na:na]
	at java.base/java.util.stream.AbstractPipeline.evaluate(AbstractPipeline.java:265) ~[na:na]
	at java.base/java.util.stream.ReferencePipeline.forEach(ReferencePipeline.java:611) ~[na:na]
	at org.junit.jupiter.engine.descriptor.ClassBasedTestDescriptor.invokeTestInstancePostProcessors(ClassBasedTestDescriptor.java:422) ~[junit-jupiter-engine-6.0.3.jar:6.0.3]
	at org.junit.jupiter.engine.descriptor.ClassBasedTestDescriptor.lambda$instantiateAndPostProcessTestInstance$0(ClassBasedTestDescriptor.java:334) ~[junit-jupiter-engine-6.0.3.jar:6.0.3]
	at org.junit.platform.engine.support.hierarchical.ThrowableCollector.execute(ThrowableCollector.java:74) ~[junit-platform-engine-6.0.3.jar:6.0.3]
	at org.junit.jupiter.engine.descriptor.ClassBasedTestDescriptor.instantiateAndPostProcessTestInstance(ClassBasedTestDescriptor.java:333) ~[junit-jupiter-engine-6.0.3.jar:6.0.3]
	at org.junit.jupiter.engine.descriptor.ClassBasedTestDescriptor.lambda$testInstancesProvider$1(ClassBasedTestDescriptor.java:322) ~[junit-jupiter-engine-6.0.3.jar:6.0.3]
	at java.base/java.util.Optional.orElseGet(Optional.java:364) ~[na:na]
	at org.junit.jupiter.engine.descriptor.ClassBasedTestDescriptor.lambda$testInstancesProvider$0(ClassBasedTestDescriptor.java:321) ~[junit-jupiter-engine-6.0.3.jar:6.0.3]
	at org.junit.jupiter.engine.execution.TestInstancesProvider.getTestInstances(TestInstancesProvider.java:27) ~[junit-jupiter-engine-6.0.3.jar:6.0.3]
	at org.junit.jupiter.engine.descriptor.TestMethodTestDescriptor.lambda$prepare$0(TestMethodTestDescriptor.java:127) ~[junit-jupiter-engine-6.0.3.jar:6.0.3]
	at org.junit.platform.engine.support.hierarchical.ThrowableCollector.execute(ThrowableCollector.java:74) ~[junit-platform-engine-6.0.3.jar:6.0.3]
	at org.junit.jupiter.engine.descriptor.TestMethodTestDescriptor.prepare(TestMethodTestDescriptor.java:126) ~[junit-jupiter-engine-6.0.3.jar:6.0.3]
	at org.junit.jupiter.engine.descriptor.TestMethodTestDescriptor.prepare(TestMethodTestDescriptor.java:70) ~[junit-jupiter-engine-6.0.3.jar:6.0.3]
	at org.junit.platform.engine.support.hierarchical.NodeTestTask.lambda$prepare$0(NodeTestTask.java:144) ~[junit-platform-engine-6.0.3.jar:6.0.3]
	at org.junit.platform.engine.support.hierarchical.ThrowableCollector.execute(ThrowableCollector.java:74) ~[junit-platform-engine-6.0.3.jar:6.0.3]
	at org.junit.platform.engine.support.hierarchical.NodeTestTask.prepare(NodeTestTask.java:144) ~[junit-platform-engine-6.0.3.jar:6.0.3]
	at org.junit.platform.engine.support.hierarchical.NodeTestTask.execute(NodeTestTask.java:110) ~[junit-platform-engine-6.0.3.jar:6.0.3]
	at java.base/java.util.ArrayList.forEach(ArrayList.java:1597) ~[na:na]
	at org.junit.platform.engine.support.hierarchical.SameThreadHierarchicalTestExecutorService.invokeAll(SameThreadHierarchicalTestExecutorService.java:42) ~[junit-platform-engine-6.0.3.jar:6.0.3]
	at org.junit.platform.engine.support.hierarchical.NodeTestTask.lambda$executeRecursively$2(NodeTestTask.java:180) ~[junit-platform-engine-6.0.3.jar:6.0.3]
	at org.junit.platform.engine.support.hierarchical.ThrowableCollector.execute(ThrowableCollector.java:74) ~[junit-platform-engine-6.0.3.jar:6.0.3]
	at org.junit.platform.engine.support.hierarchical.NodeTestTask.lambda$executeRecursively$1(NodeTestTask.java:166) ~[junit-platform-engine-6.0.3.jar:6.0.3]
	at org.junit.platform.engine.support.hierarchical.Node.around(Node.java:138) ~[junit-platform-engine-6.0.3.jar:6.0.3]
	at org.junit.platform.engine.support.hierarchical.NodeTestTask.lambda$executeRecursively$0(NodeTestTask.java:164) ~[junit-platform-engine-6.0.3.jar:6.0.3]
	at org.junit.platform.engine.support.hierarchical.ThrowableCollector.execute(ThrowableCollector.java:74) ~[junit-platform-engine-6.0.3.jar:6.0.3]
	at org.junit.platform.engine.support.hierarchical.NodeTestTask.executeRecursively(NodeTestTask.java:163) ~[junit-platform-engine-6.0.3.jar:6.0.3]
	at org.junit.platform.engine.support.hierarchical.NodeTestTask.execute(NodeTestTask.java:116) ~[junit-platform-engine-6.0.3.jar:6.0.3]
	at java.base/java.util.ArrayList.forEach(ArrayList.java:1597) ~[na:na]
	at org.junit.platform.engine.support.hierarchical.SameThreadHierarchicalTestExecutorService.invokeAll(SameThreadHierarchicalTestExecutorService.java:42) ~[junit-platform-engine-6.0.3.jar:6.0.3]
	at org.junit.platform.engine.support.hierarchical.NodeTestTask.lambda$executeRecursively$2(NodeTestTask.java:180) ~[junit-platform-engine-6.0.3.jar:6.0.3]
	at org.junit.platform.engine.support.hierarchical.ThrowableCollector.execute(ThrowableCollector.java:74) ~[junit-platform-engine-6.0.3.jar:6.0.3]
	at org.junit.platform.engine.support.hierarchical.NodeTestTask.lambda$executeRecursively$1(NodeTestTask.java:166) ~[junit-platform-engine-6.0.3.jar:6.0.3]
	at org.junit.platform.engine.support.hierarchical.Node.around(Node.java:138) ~[junit-platform-engine-6.0.3.jar:6.0.3]
	at org.junit.platform.engine.support.hierarchical.NodeTestTask.lambda$executeRecursively$0(NodeTestTask.java:164) ~[junit-platform-engine-6.0.3.jar:6.0.3]
	at org.junit.platform.engine.support.hierarchical.ThrowableCollector.execute(ThrowableCollector.java:74) ~[junit-platform-engine-6.0.3.jar:6.0.3]
	at org.junit.platform.engine.support.hierarchical.NodeTestTask.executeRecursively(NodeTestTask.java:163) ~[junit-platform-engine-6.0.3.jar:6.0.3]
	at org.junit.platform.engine.support.hierarchical.NodeTestTask.execute(NodeTestTask.java:116) ~[junit-platform-engine-6.0.3.jar:6.0.3]
	at org.junit.platform.engine.support.hierarchical.SameThreadHierarchicalTestExecutorService.submit(SameThreadHierarchicalTestExecutorService.java:36) ~[junit-platform-engine-6.0.3.jar:6.0.3]
	at org.junit.platform.engine.support.hierarchical.HierarchicalTestExecutor.execute(HierarchicalTestExecutor.java:52) ~[junit-platform-engine-6.0.3.jar:6.0.3]
	at org.junit.platform.engine.support.hierarchical.HierarchicalTestEngine.execute(HierarchicalTestEngine.java:58) ~[junit-platform-engine-6.0.3.jar:6.0.3]
	at org.junit.platform.launcher.core.EngineExecutionOrchestrator.executeEngine(EngineExecutionOrchestrator.java:246) ~[junit-platform-launcher-6.0.3.jar:6.0.3]
	at org.junit.platform.launcher.core.EngineExecutionOrchestrator.failOrExecuteEngine(EngineExecutionOrchestrator.java:218) ~[junit-platform-launcher-6.0.3.jar:6.0.3]
	at org.junit.platform.launcher.core.EngineExecutionOrchestrator.execute(EngineExecutionOrchestrator.java:179) ~[junit-platform-launcher-6.0.3.jar:6.0.3]
	at org.junit.platform.launcher.core.EngineExecutionOrchestrator.execute(EngineExecutionOrchestrator.java:108) ~[junit-platform-launcher-6.0.3.jar:6.0.3]
	at org.junit.platform.launcher.core.EngineExecutionOrchestrator.lambda$execute$0(EngineExecutionOrchestrator.java:66) ~[junit-platform-launcher-6.0.3.jar:6.0.3]
	at org.junit.platform.launcher.core.EngineExecutionOrchestrator.withInterceptedStreams(EngineExecutionOrchestrator.java:157) ~[junit-platform-launcher-6.0.3.jar:6.0.3]
	at org.junit.platform.launcher.core.EngineExecutionOrchestrator.execute(EngineExecutionOrchestrator.java:65) ~[junit-platform-launcher-6.0.3.jar:6.0.3]
	at org.junit.platform.launcher.core.DefaultLauncher.execute(DefaultLauncher.java:125) ~[junit-platform-launcher-6.0.3.jar:6.0.3]
	at org.junit.platform.launcher.core.DefaultLauncher.execute(DefaultLauncher.java:114) ~[junit-platform-launcher-6.0.3.jar:6.0.3]
	at org.junit.platform.launcher.core.DelegatingLauncher.execute(DelegatingLauncher.java:58) ~[junit-platform-launcher-6.0.3.jar:6.0.3]
	at org.junit.platform.launcher.core.InterceptingLauncher.lambda$execute$2(InterceptingLauncher.java:57) ~[junit-platform-launcher-6.0.3.jar:6.0.3]
	at org.junit.platform.launcher.core.ClasspathAlignmentCheckingLauncherInterceptor.intercept(ClasspathAlignmentCheckingLauncherInterceptor.java:25) ~[junit-platform-launcher-6.0.3.jar:6.0.3]
	at org.junit.platform.launcher.core.InterceptingLauncher.execute(InterceptingLauncher.java:56) ~[junit-platform-launcher-6.0.3.jar:6.0.3]
	at org.junit.platform.launcher.core.DelegatingLauncher.execute(DelegatingLauncher.java:58) ~[junit-platform-launcher-6.0.3.jar:6.0.3]
	at java.base/jdk.internal.reflect.DirectMethodHandleAccessor.invoke(DirectMethodHandleAccessor.java:103) ~[na:na]
	at java.base/java.lang.reflect.Method.invoke(Method.java:580) ~[na:na]
	at org.apache.maven.surefire.api.util.ReflectionUtils.invokeMethodWithArray(ReflectionUtils.java:125) ~[surefire-api-3.5.6.jar:3.5.6]
	at org.apache.maven.surefire.junitplatform.LauncherAdapter.executeWithCancellationToken(LauncherAdapter.java:68) ~[surefire-junit-platform-3.5.6.jar:3.5.6]
	at org.apache.maven.surefire.junitplatform.LauncherAdapter.execute(LauncherAdapter.java:54) ~[surefire-junit-platform-3.5.6.jar:3.5.6]
	at org.apache.maven.surefire.junitplatform.JUnitPlatformProvider.execute(JUnitPlatformProvider.java:203) ~[surefire-junit-platform-3.5.6.jar:3.5.6]
	at org.apache.maven.surefire.junitplatform.JUnitPlatformProvider.invokeAllTests(JUnitPlatformProvider.java:168) ~[surefire-junit-platform-3.5.6.jar:3.5.6]
	at org.apache.maven.surefire.junitplatform.JUnitPlatformProvider.invoke(JUnitPlatformProvider.java:136) ~[surefire-junit-platform-3.5.6.jar:3.5.6]
	at org.apache.maven.surefire.booter.ForkedBooter.runSuitesInProcess(ForkedBooter.java:385) ~[surefire-booter-3.5.6.jar:3.5.6]
	at org.apache.maven.surefire.booter.ForkedBooter.execute(ForkedBooter.java:162) ~[surefire-booter-3.5.6.jar:3.5.6]
	at org.apache.maven.surefire.booter.ForkedBooter.run(ForkedBooter.java:507) ~[surefire-booter-3.5.6.jar:3.5.6]
	at org.apache.maven.surefire.booter.ForkedBooter.main(ForkedBooter.java:495) ~[surefire-booter-3.5.6.jar:3.5.6]
Caused by: org.springframework.beans.factory.BeanCreationException: Error creating bean with name 'flyway' defined in class path resource [org/springframework/boot/flyway/autoconfigure/FlywayAutoConfiguration$FlywayConfiguration.class]: Failed to instantiate [org.flywaydb.core.Flyway]: Factory method 'flyway' threw exception with message: Error creating bean with name 'dataSource' defined in class path resource [org/springframework/boot/jdbc/autoconfigure/DataSourceConfiguration$Hikari.class]: Failed to instantiate [com.zaxxer.hikari.HikariDataSource]: Factory method 'dataSource' threw exception with message: 'url' must start with "jdbc"
	at org.springframework.beans.factory.support.ConstructorResolver.instantiate(ConstructorResolver.java:657) ~[spring-beans-7.0.9.jar:7.0.9]
	at org.springframework.beans.factory.support.ConstructorResolver.instantiateUsingFactoryMethod(ConstructorResolver.java:645) ~[spring-beans-7.0.9.jar:7.0.9]
	at org.springframework.beans.factory.support.AbstractAutowireCapableBeanFactory.instantiateUsingFactoryMethod(AbstractAutowireCapableBeanFactory.java:1360) ~[spring-beans-7.0.9.jar:7.0.9]
	at org.springframework.beans.factory.support.AbstractAutowireCapableBeanFactory.createBeanInstance(AbstractAutowireCapableBeanFactory.java:1192) ~[spring-beans-7.0.9.jar:7.0.9]
	at org.springframework.beans.factory.support.AbstractAutowireCapableBeanFactory.doCreateBean(AbstractAutowireCapableBeanFactory.java:565) ~[spring-beans-7.0.9.jar:7.0.9]
	at org.springframework.beans.factory.support.AbstractAutowireCapableBeanFactory.createBean(AbstractAutowireCapableBeanFactory.java:525) ~[spring-beans-7.0.9.jar:7.0.9]
	at org.springframework.beans.factory.support.AbstractBeanFactory.lambda$doGetBean$0(AbstractBeanFactory.java:333) ~[spring-beans-7.0.9.jar:7.0.9]
	at org.springframework.beans.factory.support.DefaultSingletonBeanRegistry.getSingleton(DefaultSingletonBeanRegistry.java:371) ~[spring-beans-7.0.9.jar:7.0.9]
	at org.springframework.beans.factory.support.AbstractBeanFactory.doGetBean(AbstractBeanFactory.java:331) ~[spring-beans-7.0.9.jar:7.0.9]
	at org.springframework.beans.factory.support.AbstractBeanFactory.getBean(AbstractBeanFactory.java:196) ~[spring-beans-7.0.9.jar:7.0.9]
	at org.springframework.beans.factory.support.AbstractBeanFactory.doGetBean(AbstractBeanFactory.java:309) ~[spring-beans-7.0.9.jar:7.0.9]
	... 101 common frames omitted
Caused by: org.springframework.beans.BeanInstantiationException: Failed to instantiate [org.flywaydb.core.Flyway]: Factory method 'flyway' threw exception with message: Error creating bean with name 'dataSource' defined in class path resource [org/springframework/boot/jdbc/autoconfigure/DataSourceConfiguration$Hikari.class]: Failed to instantiate [com.zaxxer.hikari.HikariDataSource]: Factory method 'dataSource' threw exception with message: 'url' must start with "jdbc"
	at org.springframework.beans.factory.support.SimpleInstantiationStrategy.lambda$instantiate$0(SimpleInstantiationStrategy.java:183) ~[spring-beans-7.0.9.jar:7.0.9]
	at org.springframework.beans.factory.support.SimpleInstantiationStrategy.instantiateWithFactoryMethod(SimpleInstantiationStrategy.java:72) ~[spring-beans-7.0.9.jar:7.0.9]
	at org.springframework.beans.factory.support.SimpleInstantiationStrategy.instantiate(SimpleInstantiationStrategy.java:152) ~[spring-beans-7.0.9.jar:7.0.9]
	at org.springframework.beans.factory.support.ConstructorResolver.instantiate(ConstructorResolver.java:653) ~[spring-beans-7.0.9.jar:7.0.9]
	... 111 common frames omitted
Caused by: org.springframework.beans.factory.BeanCreationException: Error creating bean with name 'dataSource' defined in class path resource [org/springframework/boot/jdbc/autoconfigure/DataSourceConfiguration$Hikari.class]: Failed to instantiate [com.zaxxer.hikari.HikariDataSource]: Factory method 'dataSource' threw exception with message: 'url' must start with "jdbc"
	at org.springframework.beans.factory.support.ConstructorResolver.instantiate(ConstructorResolver.java:657) ~[spring-beans-7.0.9.jar:7.0.9]
	at org.springframework.beans.factory.support.ConstructorResolver.instantiateUsingFactoryMethod(ConstructorResolver.java:645) ~[spring-beans-7.0.9.jar:7.0.9]
	at org.springframework.beans.factory.support.AbstractAutowireCapableBeanFactory.instantiateUsingFactoryMethod(AbstractAutowireCapableBeanFactory.java:1360) ~[spring-beans-7.0.9.jar:7.0.9]
	at org.springframework.beans.factory.support.AbstractAutowireCapableBeanFactory.createBeanInstance(AbstractAutowireCapableBeanFactory.java:1192) ~[spring-beans-7.0.9.jar:7.0.9]
	at org.springframework.beans.factory.support.AbstractAutowireCapableBeanFactory.doCreateBean(AbstractAutowireCapableBeanFactory.java:565) ~[spring-beans-7.0.9.jar:7.0.9]
	at org.springframework.beans.factory.support.AbstractAutowireCapableBeanFactory.createBean(AbstractAutowireCapableBeanFactory.java:525) ~[spring-beans-7.0.9.jar:7.0.9]
	at org.springframework.beans.factory.support.AbstractBeanFactory.lambda$doGetBean$0(AbstractBeanFactory.java:333) ~[spring-beans-7.0.9.jar:7.0.9]
	at org.springframework.beans.factory.support.DefaultSingletonBeanRegistry.getSingleton(DefaultSingletonBeanRegistry.java:371) ~[spring-beans-7.0.9.jar:7.0.9]
	at org.springframework.beans.factory.support.AbstractBeanFactory.doGetBean(AbstractBeanFactory.java:331) ~[spring-beans-7.0.9.jar:7.0.9]
	at org.springframework.beans.factory.support.AbstractBeanFactory.getBean(AbstractBeanFactory.java:201) ~[spring-beans-7.0.9.jar:7.0.9]
	at org.springframework.beans.factory.support.DefaultListableBeanFactory.resolveBean(DefaultListableBeanFactory.java:1232) ~[spring-beans-7.0.9.jar:7.0.9]
	at org.springframework.beans.factory.support.DefaultListableBeanFactory.doResolveDependency(DefaultListableBeanFactory.java:1711) ~[spring-beans-7.0.9.jar:7.0.9]
	at org.springframework.beans.factory.support.DefaultListableBeanFactory$DependencyObjectProvider.getIfUnique(DefaultListableBeanFactory.java:2618) ~[spring-beans-7.0.9.jar:7.0.9]
	at org.springframework.boot.flyway.autoconfigure.FlywayAutoConfiguration$FlywayConfiguration.flyway(FlywayAutoConfiguration.java:154) ~[spring-boot-flyway-4.1.1.jar:4.1.1]
	at java.base/jdk.internal.reflect.DirectMethodHandleAccessor.invoke(DirectMethodHandleAccessor.java:103) ~[na:na]
	at java.base/java.lang.reflect.Method.invoke(Method.java:580) ~[na:na]
	at org.springframework.beans.factory.support.SimpleInstantiationStrategy.lambda$instantiate$0(SimpleInstantiationStrategy.java:155) ~[spring-beans-7.0.9.jar:7.0.9]
	... 114 common frames omitted
Caused by: org.springframework.beans.BeanInstantiationException: Failed to instantiate [com.zaxxer.hikari.HikariDataSource]: Factory method 'dataSource' threw exception with message: 'url' must start with "jdbc"
	at org.springframework.beans.factory.support.SimpleInstantiationStrategy.lambda$instantiate$0(SimpleInstantiationStrategy.java:183) ~[spring-beans-7.0.9.jar:7.0.9]
	at org.springframework.beans.factory.support.SimpleInstantiationStrategy.instantiateWithFactoryMethod(SimpleInstantiationStrategy.java:72) ~[spring-beans-7.0.9.jar:7.0.9]
	at org.springframework.beans.factory.support.SimpleInstantiationStrategy.instantiate(SimpleInstantiationStrategy.java:152) ~[spring-beans-7.0.9.jar:7.0.9]
	at org.springframework.beans.factory.support.ConstructorResolver.instantiate(ConstructorResolver.java:653) ~[spring-beans-7.0.9.jar:7.0.9]
	... 130 common frames omitted
Caused by: java.lang.IllegalArgumentException: 'url' must start with "jdbc"
	at org.springframework.util.Assert.isTrue(Assert.java:117) ~[spring-core-7.0.9.jar:7.0.9]
	at org.springframework.boot.jdbc.DatabaseDriver.fromJdbcUrl(DatabaseDriver.java:316) ~[spring-boot-jdbc-4.1.1.jar:4.1.1]
	at org.springframework.boot.jdbc.autoconfigure.DataSourceProperties.findDriverClassName(DataSourceProperties.java:193) ~[spring-boot-jdbc-4.1.1.jar:4.1.1]
	at org.springframework.boot.jdbc.autoconfigure.DataSourceProperties.determineDriverClassName(DataSourceProperties.java:177) ~[spring-boot-jdbc-4.1.1.jar:4.1.1]
	at org.springframework.boot.jdbc.autoconfigure.PropertiesJdbcConnectionDetails.getDriverClassName(PropertiesJdbcConnectionDetails.java:51) ~[spring-boot-jdbc-4.1.1.jar:4.1.1]
	at org.springframework.boot.jdbc.autoconfigure.DataSourceConfiguration.createDataSource(DataSourceConfiguration.java:63) ~[spring-boot-jdbc-4.1.1.jar:4.1.1]
	at org.springframework.boot.jdbc.autoconfigure.DataSourceConfiguration$Hikari.dataSource(DataSourceConfiguration.java:128) ~[spring-boot-jdbc-4.1.1.jar:4.1.1]
	at java.base/jdk.internal.reflect.DirectMethodHandleAccessor.invoke(DirectMethodHandleAccessor.java:103) ~[na:na]
	at java.base/java.lang.reflect.Method.invoke(Method.java:580) ~[na:na]
	at org.springframework.beans.factory.support.SimpleInstantiationStrategy.lambda$instantiate$0(SimpleInstantiationStrategy.java:155) ~[spring-beans-7.0.9.jar:7.0.9]
	... 133 common frames omitted

2026-10-10T16:34:01.985+05:30  WARN 9699 --- [taskflow] [main] o.s.test.context.TestContextManager      : Caught exception while allowing TestExecutionListener [org.springframework.test.context.web.ServletTestExecutionListener] to prepare test instance [com.example.taskflow.TaskflowApplicationTests@7f60c79a]

java.lang.IllegalStateException: Failed to load ApplicationContext for [WebMergedContextConfiguration@28d3a37a testClass = com.example.taskflow.TaskflowApplicationTests, locations = [], classes = [com.example.taskflow.TaskflowApplication], contextInitializerClasses = [], activeProfiles = [], propertySourceDescriptors = [], propertySourceProperties = ["org.springframework.boot.test.context.SpringBootTestContextBootstrapper=true"], contextCustomizers = [org.springframework.boot.webmvc.test.autoconfigure.WebDriverContextCustomizer@54709809, org.springframework.boot.web.server.context.SpringBootTestRandomPortContextCustomizer@60cf80e7, org.springframework.boot.test.context.PropertyMappingContextCustomizer@0, org.springframework.boot.test.context.filter.ExcludeFilterContextCustomizer@54afd745, org.springframework.boot.test.json.DuplicateJsonObjectContextCustomizerFactory$DuplicateJsonObjectContextCustomizer@327120c8, org.springframework.boot.test.autoconfigure.OnFailureConditionReportContextCustomizerFactory$OnFailureConditionReportContextCustomizer@35038141, org.springframework.test.context.support.DynamicPropertiesContextCustomizer@0, org.springframework.boot.testcontainers.service.connection.ServiceConnectionContextCustomizer@0, org.springframework.boot.test.context.SpringBootTestAnnotation@364868a7], resourceBasePath = "src/main/webapp", contextLoader = org.springframework.boot.test.context.SpringBootContextLoader, parent = null]
	at org.springframework.test.context.cache.DefaultCacheAwareContextLoaderDelegate.lambda$loadContext$0(DefaultCacheAwareContextLoaderDelegate.java:195) ~[spring-test-7.0.9.jar:7.0.9]
	at org.springframework.test.context.cache.DefaultContextCache.put(DefaultContextCache.java:214) ~[spring-test-7.0.9.jar:7.0.9]
	at org.springframework.test.context.cache.DefaultCacheAwareContextLoaderDelegate.loadContext(DefaultCacheAwareContextLoaderDelegate.java:160) ~[spring-test-7.0.9.jar:7.0.9]
	at org.springframework.test.context.support.DefaultTestContext.getApplicationContext(DefaultTestContext.java:128) ~[spring-test-7.0.9.jar:7.0.9]
	at org.springframework.test.context.web.ServletTestExecutionListener.setUpRequestContextIfNecessary(ServletTestExecutionListener.java:200) ~[spring-test-7.0.9.jar:7.0.9]
	at org.springframework.test.context.web.ServletTestExecutionListener.prepareTestInstance(ServletTestExecutionListener.java:139) ~[spring-test-7.0.9.jar:7.0.9]
	at org.springframework.test.context.TestContextManager.prepareTestInstance(TestContextManager.java:260) ~[spring-test-7.0.9.jar:7.0.9]
	at org.springframework.test.context.junit.jupiter.SpringExtension.postProcessTestInstance(SpringExtension.java:242) ~[spring-test-7.0.9.jar:7.0.9]
	at org.junit.jupiter.engine.descriptor.ClassBasedTestDescriptor.lambda$invokeTestInstancePostProcessors$1(ClassBasedTestDescriptor.java:423) ~[junit-jupiter-engine-6.0.3.jar:6.0.3]
	at org.junit.jupiter.engine.descriptor.ClassBasedTestDescriptor.executeAndMaskThrowable(ClassBasedTestDescriptor.java:428) ~[junit-jupiter-engine-6.0.3.jar:6.0.3]
	at org.junit.jupiter.engine.descriptor.ClassBasedTestDescriptor.lambda$invokeTestInstancePostProcessors$0(ClassBasedTestDescriptor.java:422) ~[junit-jupiter-engine-6.0.3.jar:6.0.3]
	at java.base/java.util.stream.ForEachOps$ForEachOp$OfRef.accept(ForEachOps.java:184) ~[na:na]
	at java.base/java.util.stream.ReferencePipeline$3$1.accept(ReferencePipeline.java:212) ~[na:na]
	at java.base/java.util.stream.ReferencePipeline$2$1.accept(ReferencePipeline.java:194) ~[na:na]
	at java.base/java.util.stream.ReferencePipeline$3$1.accept(ReferencePipeline.java:212) ~[na:na]
	at java.base/java.util.ArrayList$ArrayListSpliterator.forEachRemaining(ArrayList.java:1709) ~[na:na]
	at java.base/java.util.stream.AbstractPipeline.copyInto(AbstractPipeline.java:556) ~[na:na]
	at java.base/java.util.stream.AbstractPipeline.wrapAndCopyInto(AbstractPipeline.java:546) ~[na:na]
	at java.base/java.util.stream.ForEachOps$ForEachOp.evaluateSequential(ForEachOps.java:151) ~[na:na]
	at java.base/java.util.stream.ForEachOps$ForEachOp$OfRef.evaluateSequential(ForEachOps.java:174) ~[na:na]
	at java.base/java.util.stream.AbstractPipeline.evaluate(AbstractPipeline.java:265) ~[na:na]
	at java.base/java.util.stream.ReferencePipeline.forEach(ReferencePipeline.java:611) ~[na:na]
	at org.junit.jupiter.engine.descriptor.ClassBasedTestDescriptor.invokeTestInstancePostProcessors(ClassBasedTestDescriptor.java:422) ~[junit-jupiter-engine-6.0.3.jar:6.0.3]
	at org.junit.jupiter.engine.descriptor.ClassBasedTestDescriptor.lambda$instantiateAndPostProcessTestInstance$0(ClassBasedTestDescriptor.java:334) ~[junit-jupiter-engine-6.0.3.jar:6.0.3]
	at org.junit.platform.engine.support.hierarchical.ThrowableCollector.execute(ThrowableCollector.java:74) ~[junit-platform-engine-6.0.3.jar:6.0.3]
	at org.junit.jupiter.engine.descriptor.ClassBasedTestDescriptor.instantiateAndPostProcessTestInstance(ClassBasedTestDescriptor.java:333) ~[junit-jupiter-engine-6.0.3.jar:6.0.3]
	at org.junit.jupiter.engine.descriptor.ClassBasedTestDescriptor.lambda$testInstancesProvider$1(ClassBasedTestDescriptor.java:322) ~[junit-jupiter-engine-6.0.3.jar:6.0.3]
	at java.base/java.util.Optional.orElseGet(Optional.java:364) ~[na:na]
	at org.junit.jupiter.engine.descriptor.ClassBasedTestDescriptor.lambda$testInstancesProvider$0(ClassBasedTestDescriptor.java:321) ~[junit-jupiter-engine-6.0.3.jar:6.0.3]
	at org.junit.jupiter.engine.execution.TestInstancesProvider.getTestInstances(TestInstancesProvider.java:27) ~[junit-jupiter-engine-6.0.3.jar:6.0.3]
	at org.junit.jupiter.engine.descriptor.TestMethodTestDescriptor.lambda$prepare$0(TestMethodTestDescriptor.java:127) ~[junit-jupiter-engine-6.0.3.jar:6.0.3]
	at org.junit.platform.engine.support.hierarchical.ThrowableCollector.execute(ThrowableCollector.java:74) ~[junit-platform-engine-6.0.3.jar:6.0.3]
	at org.junit.jupiter.engine.descriptor.TestMethodTestDescriptor.prepare(TestMethodTestDescriptor.java:126) ~[junit-jupiter-engine-6.0.3.jar:6.0.3]
	at org.junit.jupiter.engine.descriptor.TestMethodTestDescriptor.prepare(TestMethodTestDescriptor.java:70) ~[junit-jupiter-engine-6.0.3.jar:6.0.3]
	at org.junit.platform.engine.support.hierarchical.NodeTestTask.lambda$prepare$0(NodeTestTask.java:144) ~[junit-platform-engine-6.0.3.jar:6.0.3]
	at org.junit.platform.engine.support.hierarchical.ThrowableCollector.execute(ThrowableCollector.java:74) ~[junit-platform-engine-6.0.3.jar:6.0.3]
	at org.junit.platform.engine.support.hierarchical.NodeTestTask.prepare(NodeTestTask.java:144) ~[junit-platform-engine-6.0.3.jar:6.0.3]
	at org.junit.platform.engine.support.hierarchical.NodeTestTask.execute(NodeTestTask.java:110) ~[junit-platform-engine-6.0.3.jar:6.0.3]
	at java.base/java.util.ArrayList.forEach(ArrayList.java:1597) ~[na:na]
	at org.junit.platform.engine.support.hierarchical.SameThreadHierarchicalTestExecutorService.invokeAll(SameThreadHierarchicalTestExecutorService.java:42) ~[junit-platform-engine-6.0.3.jar:6.0.3]
	at org.junit.platform.engine.support.hierarchical.NodeTestTask.lambda$executeRecursively$2(NodeTestTask.java:180) ~[junit-platform-engine-6.0.3.jar:6.0.3]
	at org.junit.platform.engine.support.hierarchical.ThrowableCollector.execute(ThrowableCollector.java:74) ~[junit-platform-engine-6.0.3.jar:6.0.3]
	at org.junit.platform.engine.support.hierarchical.NodeTestTask.lambda$executeRecursively$1(NodeTestTask.java:166) ~[junit-platform-engine-6.0.3.jar:6.0.3]
	at org.junit.platform.engine.support.hierarchical.Node.around(Node.java:138) ~[junit-platform-engine-6.0.3.jar:6.0.3]
	at org.junit.platform.engine.support.hierarchical.NodeTestTask.lambda$executeRecursively$0(NodeTestTask.java:164) ~[junit-platform-engine-6.0.3.jar:6.0.3]
	at org.junit.platform.engine.support.hierarchical.ThrowableCollector.execute(ThrowableCollector.java:74) ~[junit-platform-engine-6.0.3.jar:6.0.3]
	at org.junit.platform.engine.support.hierarchical.NodeTestTask.executeRecursively(NodeTestTask.java:163) ~[junit-platform-engine-6.0.3.jar:6.0.3]
	at org.junit.platform.engine.support.hierarchical.NodeTestTask.execute(NodeTestTask.java:116) ~[junit-platform-engine-6.0.3.jar:6.0.3]
	at java.base/java.util.ArrayList.forEach(ArrayList.java:1597) ~[na:na]
	at org.junit.platform.engine.support.hierarchical.SameThreadHierarchicalTestExecutorService.invokeAll(SameThreadHierarchicalTestExecutorService.java:42) ~[junit-platform-engine-6.0.3.jar:6.0.3]
	at org.junit.platform.engine.support.hierarchical.NodeTestTask.lambda$executeRecursively$2(NodeTestTask.java:180) ~[junit-platform-engine-6.0.3.jar:6.0.3]
	at org.junit.platform.engine.support.hierarchical.ThrowableCollector.execute(ThrowableCollector.java:74) ~[junit-platform-engine-6.0.3.jar:6.0.3]
	at org.junit.platform.engine.support.hierarchical.NodeTestTask.lambda$executeRecursively$1(NodeTestTask.java:166) ~[junit-platform-engine-6.0.3.jar:6.0.3]
	at org.junit.platform.engine.support.hierarchical.Node.around(Node.java:138) ~[junit-platform-engine-6.0.3.jar:6.0.3]
	at org.junit.platform.engine.support.hierarchical.NodeTestTask.lambda$executeRecursively$0(NodeTestTask.java:164) ~[junit-platform-engine-6.0.3.jar:6.0.3]
	at org.junit.platform.engine.support.hierarchical.ThrowableCollector.execute(ThrowableCollector.java:74) ~[junit-platform-engine-6.0.3.jar:6.0.3]
	at org.junit.platform.engine.support.hierarchical.NodeTestTask.executeRecursively(NodeTestTask.java:163) ~[junit-platform-engine-6.0.3.jar:6.0.3]
	at org.junit.platform.engine.support.hierarchical.NodeTestTask.execute(NodeTestTask.java:116) ~[junit-platform-engine-6.0.3.jar:6.0.3]
	at org.junit.platform.engine.support.hierarchical.SameThreadHierarchicalTestExecutorService.submit(SameThreadHierarchicalTestExecutorService.java:36) ~[junit-platform-engine-6.0.3.jar:6.0.3]
	at org.junit.platform.engine.support.hierarchical.HierarchicalTestExecutor.execute(HierarchicalTestExecutor.java:52) ~[junit-platform-engine-6.0.3.jar:6.0.3]
	at org.junit.platform.engine.support.hierarchical.HierarchicalTestEngine.execute(HierarchicalTestEngine.java:58) ~[junit-platform-engine-6.0.3.jar:6.0.3]
	at org.junit.platform.launcher.core.EngineExecutionOrchestrator.executeEngine(EngineExecutionOrchestrator.java:246) ~[junit-platform-launcher-6.0.3.jar:6.0.3]
	at org.junit.platform.launcher.core.EngineExecutionOrchestrator.failOrExecuteEngine(EngineExecutionOrchestrator.java:218) ~[junit-platform-launcher-6.0.3.jar:6.0.3]
	at org.junit.platform.launcher.core.EngineExecutionOrchestrator.execute(EngineExecutionOrchestrator.java:179) ~[junit-platform-launcher-6.0.3.jar:6.0.3]
	at org.junit.platform.launcher.core.EngineExecutionOrchestrator.execute(EngineExecutionOrchestrator.java:108) ~[junit-platform-launcher-6.0.3.jar:6.0.3]
	at org.junit.platform.launcher.core.EngineExecutionOrchestrator.lambda$execute$0(EngineExecutionOrchestrator.java:66) ~[junit-platform-launcher-6.0.3.jar:6.0.3]
	at org.junit.platform.launcher.core.EngineExecutionOrchestrator.withInterceptedStreams(EngineExecutionOrchestrator.java:157) ~[junit-platform-launcher-6.0.3.jar:6.0.3]
	at org.junit.platform.launcher.core.EngineExecutionOrchestrator.execute(EngineExecutionOrchestrator.java:65) ~[junit-platform-launcher-6.0.3.jar:6.0.3]
	at org.junit.platform.launcher.core.DefaultLauncher.execute(DefaultLauncher.java:125) ~[junit-platform-launcher-6.0.3.jar:6.0.3]
	at org.junit.platform.launcher.core.DefaultLauncher.execute(DefaultLauncher.java:114) ~[junit-platform-launcher-6.0.3.jar:6.0.3]
	at org.junit.platform.launcher.core.DelegatingLauncher.execute(DelegatingLauncher.java:58) ~[junit-platform-launcher-6.0.3.jar:6.0.3]
	at org.junit.platform.launcher.core.InterceptingLauncher.lambda$execute$2(InterceptingLauncher.java:57) ~[junit-platform-launcher-6.0.3.jar:6.0.3]
	at org.junit.platform.launcher.core.ClasspathAlignmentCheckingLauncherInterceptor.intercept(ClasspathAlignmentCheckingLauncherInterceptor.java:25) ~[junit-platform-launcher-6.0.3.jar:6.0.3]
	at org.junit.platform.launcher.core.InterceptingLauncher.execute(InterceptingLauncher.java:56) ~[junit-platform-launcher-6.0.3.jar:6.0.3]
	at org.junit.platform.launcher.core.DelegatingLauncher.execute(DelegatingLauncher.java:58) ~[junit-platform-launcher-6.0.3.jar:6.0.3]
	at java.base/jdk.internal.reflect.DirectMethodHandleAccessor.invoke(DirectMethodHandleAccessor.java:103) ~[na:na]
	at java.base/java.lang.reflect.Method.invoke(Method.java:580) ~[na:na]
	at org.apache.maven.surefire.api.util.ReflectionUtils.invokeMethodWithArray(ReflectionUtils.java:125) ~[surefire-api-3.5.6.jar:3.5.6]
	at org.apache.maven.surefire.junitplatform.LauncherAdapter.executeWithCancellationToken(LauncherAdapter.java:68) ~[surefire-junit-platform-3.5.6.jar:3.5.6]
	at org.apache.maven.surefire.junitplatform.LauncherAdapter.execute(LauncherAdapter.java:54) ~[surefire-junit-platform-3.5.6.jar:3.5.6]
	at org.apache.maven.surefire.junitplatform.JUnitPlatformProvider.execute(JUnitPlatformProvider.java:203) ~[surefire-junit-platform-3.5.6.jar:3.5.6]
	at org.apache.maven.surefire.junitplatform.JUnitPlatformProvider.invokeAllTests(JUnitPlatformProvider.java:168) ~[surefire-junit-platform-3.5.6.jar:3.5.6]
	at org.apache.maven.surefire.junitplatform.JUnitPlatformProvider.invoke(JUnitPlatformProvider.java:136) ~[surefire-junit-platform-3.5.6.jar:3.5.6]
	at org.apache.maven.surefire.booter.ForkedBooter.runSuitesInProcess(ForkedBooter.java:385) ~[surefire-booter-3.5.6.jar:3.5.6]
	at org.apache.maven.surefire.booter.ForkedBooter.execute(ForkedBooter.java:162) ~[surefire-booter-3.5.6.jar:3.5.6]
	at org.apache.maven.surefire.booter.ForkedBooter.run(ForkedBooter.java:507) ~[surefire-booter-3.5.6.jar:3.5.6]
	at org.apache.maven.surefire.booter.ForkedBooter.main(ForkedBooter.java:495) ~[surefire-booter-3.5.6.jar:3.5.6]
Caused by: org.springframework.beans.factory.BeanCreationException: Error creating bean with name 'entityManagerFactory' defined in class path resource [org/springframework/boot/hibernate/autoconfigure/HibernateJpaConfiguration.class]: Failed to initialize dependency 'flyway' of LoadTimeWeaverAware bean 'entityManagerFactory': Error creating bean with name 'flyway' defined in class path resource [org/springframework/boot/flyway/autoconfigure/FlywayAutoConfiguration$FlywayConfiguration.class]: Failed to instantiate [org.flywaydb.core.Flyway]: Factory method 'flyway' threw exception with message: Error creating bean with name 'dataSource' defined in class path resource [org/springframework/boot/jdbc/autoconfigure/DataSourceConfiguration$Hikari.class]: Failed to instantiate [com.zaxxer.hikari.HikariDataSource]: Factory method 'dataSource' threw exception with message: 'url' must start with "jdbc"
	at org.springframework.beans.factory.support.AbstractBeanFactory.doGetBean(AbstractBeanFactory.java:322) ~[spring-beans-7.0.9.jar:7.0.9]
	at org.springframework.beans.factory.support.AbstractBeanFactory.getBean(AbstractBeanFactory.java:201) ~[spring-beans-7.0.9.jar:7.0.9]
	at org.springframework.context.support.AbstractApplicationContext.finishBeanFactoryInitialization(AbstractApplicationContext.java:977) ~[spring-context-7.0.9.jar:7.0.9]
	at org.springframework.context.support.AbstractApplicationContext.refresh(AbstractApplicationContext.java:621) ~[spring-context-7.0.9.jar:7.0.9]
	at org.springframework.boot.SpringApplication.refresh(SpringApplication.java:756) ~[spring-boot-4.1.1.jar:4.1.1]
	at org.springframework.boot.SpringApplication.refreshContext(SpringApplication.java:445) ~[spring-boot-4.1.1.jar:4.1.1]
	at org.springframework.boot.SpringApplication.run(SpringApplication.java:321) ~[spring-boot-4.1.1.jar:4.1.1]
	at org.springframework.boot.test.context.SpringBootContextLoader.lambda$loadContext$2(SpringBootContextLoader.java:155) ~[spring-boot-test-4.1.1.jar:4.1.1]
	at org.springframework.util.function.ThrowingSupplier.get(ThrowingSupplier.java:58) ~[spring-core-7.0.9.jar:7.0.9]
	at org.springframework.util.function.ThrowingSupplier.get(ThrowingSupplier.java:46) ~[spring-core-7.0.9.jar:7.0.9]
	at org.springframework.boot.SpringApplication.withHook(SpringApplication.java:1465) ~[spring-boot-4.1.1.jar:4.1.1]
	at org.springframework.boot.test.context.SpringBootContextLoader$ContextLoaderHook.run(SpringBootContextLoader.java:600) ~[spring-boot-test-4.1.1.jar:4.1.1]
	at org.springframework.boot.test.context.SpringBootContextLoader.loadContext(SpringBootContextLoader.java:155) ~[spring-boot-test-4.1.1.jar:4.1.1]
	at org.springframework.boot.test.context.SpringBootContextLoader.loadContext(SpringBootContextLoader.java:114) ~[spring-boot-test-4.1.1.jar:4.1.1]
	at org.springframework.test.context.cache.DefaultCacheAwareContextLoaderDelegate.loadContextInternal(DefaultCacheAwareContextLoaderDelegate.java:247) ~[spring-test-7.0.9.jar:7.0.9]
	at org.springframework.test.context.cache.DefaultCacheAwareContextLoaderDelegate.lambda$loadContext$0(DefaultCacheAwareContextLoaderDelegate.java:167) ~[spring-test-7.0.9.jar:7.0.9]
	... 86 common frames omitted
Caused by: org.springframework.beans.factory.BeanCreationException: Error creating bean with name 'flyway' defined in class path resource [org/springframework/boot/flyway/autoconfigure/FlywayAutoConfiguration$FlywayConfiguration.class]: Failed to instantiate [org.flywaydb.core.Flyway]: Factory method 'flyway' threw exception with message: Error creating bean with name 'dataSource' defined in class path resource [org/springframework/boot/jdbc/autoconfigure/DataSourceConfiguration$Hikari.class]: Failed to instantiate [com.zaxxer.hikari.HikariDataSource]: Factory method 'dataSource' threw exception with message: 'url' must start with "jdbc"
	at org.springframework.beans.factory.support.ConstructorResolver.instantiate(ConstructorResolver.java:657) ~[spring-beans-7.0.9.jar:7.0.9]
	at org.springframework.beans.factory.support.ConstructorResolver.instantiateUsingFactoryMethod(ConstructorResolver.java:645) ~[spring-beans-7.0.9.jar:7.0.9]
	at org.springframework.beans.factory.support.AbstractAutowireCapableBeanFactory.instantiateUsingFactoryMethod(AbstractAutowireCapableBeanFactory.java:1360) ~[spring-beans-7.0.9.jar:7.0.9]
	at org.springframework.beans.factory.support.AbstractAutowireCapableBeanFactory.createBeanInstance(AbstractAutowireCapableBeanFactory.java:1192) ~[spring-beans-7.0.9.jar:7.0.9]
	at org.springframework.beans.factory.support.AbstractAutowireCapableBeanFactory.doCreateBean(AbstractAutowireCapableBeanFactory.java:565) ~[spring-beans-7.0.9.jar:7.0.9]
	at org.springframework.beans.factory.support.AbstractAutowireCapableBeanFactory.createBean(AbstractAutowireCapableBeanFactory.java:525) ~[spring-beans-7.0.9.jar:7.0.9]
	at org.springframework.beans.factory.support.AbstractBeanFactory.lambda$doGetBean$0(AbstractBeanFactory.java:333) ~[spring-beans-7.0.9.jar:7.0.9]
	at org.springframework.beans.factory.support.DefaultSingletonBeanRegistry.getSingleton(DefaultSingletonBeanRegistry.java:371) ~[spring-beans-7.0.9.jar:7.0.9]
	at org.springframework.beans.factory.support.AbstractBeanFactory.doGetBean(AbstractBeanFactory.java:331) ~[spring-beans-7.0.9.jar:7.0.9]
	at org.springframework.beans.factory.support.AbstractBeanFactory.getBean(AbstractBeanFactory.java:196) ~[spring-beans-7.0.9.jar:7.0.9]
	at org.springframework.beans.factory.support.AbstractBeanFactory.doGetBean(AbstractBeanFactory.java:309) ~[spring-beans-7.0.9.jar:7.0.9]
	... 101 common frames omitted
Caused by: org.springframework.beans.BeanInstantiationException: Failed to instantiate [org.flywaydb.core.Flyway]: Factory method 'flyway' threw exception with message: Error creating bean with name 'dataSource' defined in class path resource [org/springframework/boot/jdbc/autoconfigure/DataSourceConfiguration$Hikari.class]: Failed to instantiate [com.zaxxer.hikari.HikariDataSource]: Factory method 'dataSource' threw exception with message: 'url' must start with "jdbc"
	at org.springframework.beans.factory.support.SimpleInstantiationStrategy.lambda$instantiate$0(SimpleInstantiationStrategy.java:183) ~[spring-beans-7.0.9.jar:7.0.9]
	at org.springframework.beans.factory.support.SimpleInstantiationStrategy.instantiateWithFactoryMethod(SimpleInstantiationStrategy.java:72) ~[spring-beans-7.0.9.jar:7.0.9]
	at org.springframework.beans.factory.support.SimpleInstantiationStrategy.instantiate(SimpleInstantiationStrategy.java:152) ~[spring-beans-7.0.9.jar:7.0.9]
	at org.springframework.beans.factory.support.ConstructorResolver.instantiate(ConstructorResolver.java:653) ~[spring-beans-7.0.9.jar:7.0.9]
	... 111 common frames omitted
Caused by: org.springframework.beans.factory.BeanCreationException: Error creating bean with name 'dataSource' defined in class path resource [org/springframework/boot/jdbc/autoconfigure/DataSourceConfiguration$Hikari.class]: Failed to instantiate [com.zaxxer.hikari.HikariDataSource]: Factory method 'dataSource' threw exception with message: 'url' must start with "jdbc"
	at org.springframework.beans.factory.support.ConstructorResolver.instantiate(ConstructorResolver.java:657) ~[spring-beans-7.0.9.jar:7.0.9]
	at org.springframework.beans.factory.support.ConstructorResolver.instantiateUsingFactoryMethod(ConstructorResolver.java:645) ~[spring-beans-7.0.9.jar:7.0.9]
	at org.springframework.beans.factory.support.AbstractAutowireCapableBeanFactory.instantiateUsingFactoryMethod(AbstractAutowireCapableBeanFactory.java:1360) ~[spring-beans-7.0.9.jar:7.0.9]
	at org.springframework.beans.factory.support.AbstractAutowireCapableBeanFactory.createBeanInstance(AbstractAutowireCapableBeanFactory.java:1192) ~[spring-beans-7.0.9.jar:7.0.9]
	at org.springframework.beans.factory.support.AbstractAutowireCapableBeanFactory.doCreateBean(AbstractAutowireCapableBeanFactory.java:565) ~[spring-beans-7.0.9.jar:7.0.9]
	at org.springframework.beans.factory.support.AbstractAutowireCapableBeanFactory.createBean(AbstractAutowireCapableBeanFactory.java:525) ~[spring-beans-7.0.9.jar:7.0.9]
	at org.springframework.beans.factory.support.AbstractBeanFactory.lambda$doGetBean$0(AbstractBeanFactory.java:333) ~[spring-beans-7.0.9.jar:7.0.9]
	at org.springframework.beans.factory.support.DefaultSingletonBeanRegistry.getSingleton(DefaultSingletonBeanRegistry.java:371) ~[spring-beans-7.0.9.jar:7.0.9]
	at org.springframework.beans.factory.support.AbstractBeanFactory.doGetBean(AbstractBeanFactory.java:331) ~[spring-beans-7.0.9.jar:7.0.9]
	at org.springframework.beans.factory.support.AbstractBeanFactory.getBean(AbstractBeanFactory.java:201) ~[spring-beans-7.0.9.jar:7.0.9]
	at org.springframework.beans.factory.support.DefaultListableBeanFactory.resolveBean(DefaultListableBeanFactory.java:1232) ~[spring-beans-7.0.9.jar:7.0.9]
	at org.springframework.beans.factory.support.DefaultListableBeanFactory.doResolveDependency(DefaultListableBeanFactory.java:1711) ~[spring-beans-7.0.9.jar:7.0.9]
	at org.springframework.beans.factory.support.DefaultListableBeanFactory$DependencyObjectProvider.getIfUnique(DefaultListableBeanFactory.java:2618) ~[spring-beans-7.0.9.jar:7.0.9]
	at org.springframework.boot.flyway.autoconfigure.FlywayAutoConfiguration$FlywayConfiguration.flyway(FlywayAutoConfiguration.java:154) ~[spring-boot-flyway-4.1.1.jar:4.1.1]
	at java.base/jdk.internal.reflect.DirectMethodHandleAccessor.invoke(DirectMethodHandleAccessor.java:103) ~[na:na]
	at java.base/java.lang.reflect.Method.invoke(Method.java:580) ~[na:na]
	at org.springframework.beans.factory.support.SimpleInstantiationStrategy.lambda$instantiate$0(SimpleInstantiationStrategy.java:155) ~[spring-beans-7.0.9.jar:7.0.9]
	... 114 common frames omitted
Caused by: org.springframework.beans.BeanInstantiationException: Failed to instantiate [com.zaxxer.hikari.HikariDataSource]: Factory method 'dataSource' threw exception with message: 'url' must start with "jdbc"
	at org.springframework.beans.factory.support.SimpleInstantiationStrategy.lambda$instantiate$0(SimpleInstantiationStrategy.java:183) ~[spring-beans-7.0.9.jar:7.0.9]
	at org.springframework.beans.factory.support.SimpleInstantiationStrategy.instantiateWithFactoryMethod(SimpleInstantiationStrategy.java:72) ~[spring-beans-7.0.9.jar:7.0.9]
	at org.springframework.beans.factory.support.SimpleInstantiationStrategy.instantiate(SimpleInstantiationStrategy.java:152) ~[spring-beans-7.0.9.jar:7.0.9]
	at org.springframework.beans.factory.support.ConstructorResolver.instantiate(ConstructorResolver.java:653) ~[spring-beans-7.0.9.jar:7.0.9]
	... 130 common frames omitted
Caused by: java.lang.IllegalArgumentException: 'url' must start with "jdbc"
	at org.springframework.util.Assert.isTrue(Assert.java:117) ~[spring-core-7.0.9.jar:7.0.9]
	at org.springframework.boot.jdbc.DatabaseDriver.fromJdbcUrl(DatabaseDriver.java:316) ~[spring-boot-jdbc-4.1.1.jar:4.1.1]
	at org.springframework.boot.jdbc.autoconfigure.DataSourceProperties.findDriverClassName(DataSourceProperties.java:193) ~[spring-boot-jdbc-4.1.1.jar:4.1.1]
	at org.springframework.boot.jdbc.autoconfigure.DataSourceProperties.determineDriverClassName(DataSourceProperties.java:177) ~[spring-boot-jdbc-4.1.1.jar:4.1.1]
	at org.springframework.boot.jdbc.autoconfigure.PropertiesJdbcConnectionDetails.getDriverClassName(PropertiesJdbcConnectionDetails.java:51) ~[spring-boot-jdbc-4.1.1.jar:4.1.1]
	at org.springframework.boot.jdbc.autoconfigure.DataSourceConfiguration.createDataSource(DataSourceConfiguration.java:63) ~[spring-boot-jdbc-4.1.1.jar:4.1.1]
	at org.springframework.boot.jdbc.autoconfigure.DataSourceConfiguration$Hikari.dataSource(DataSourceConfiguration.java:128) ~[spring-boot-jdbc-4.1.1.jar:4.1.1]
	at java.base/jdk.internal.reflect.DirectMethodHandleAccessor.invoke(DirectMethodHandleAccessor.java:103) ~[na:na]
	at java.base/java.lang.reflect.Method.invoke(Method.java:580) ~[na:na]
	at org.springframework.beans.factory.support.SimpleInstantiationStrategy.lambda$instantiate$0(SimpleInstantiationStrategy.java:155) ~[spring-beans-7.0.9.jar:7.0.9]
	... 133 common frames omitted

2026-10-10T16:34:01.998+05:30  INFO 9699 --- [taskflow] [main] t.c.s.AnnotationConfigContextLoaderUtils : Could not detect default configuration classes for test class [com.example.taskflow.controller.TaskControllerTest]: TaskControllerTest does not declare any static, non-private, non-final, nested classes annotated with @Configuration.
2026-10-10T16:34:02.010+05:30  INFO 9699 --- [taskflow] [main] .b.t.c.SpringBootTestContextBootstrapper : Found @SpringBootConfiguration com.example.taskflow.TaskflowApplication for test class com.example.taskflow.controller.TaskControllerTest
2026-10-10T16:34:02.011+05:30  INFO 9699 --- [taskflow] [main] t.c.s.AnnotationConfigContextLoaderUtils : Could not detect default configuration classes for test class [com.example.taskflow.controller.TaskControllerTest]: TaskControllerTest does not declare any static, non-private, non-final, nested classes annotated with @Configuration.
2026-10-10T16:34:02.015+05:30  INFO 9699 --- [taskflow] [main] .b.t.c.SpringBootTestContextBootstrapper : Found @SpringBootConfiguration com.example.taskflow.TaskflowApplication for test class com.example.taskflow.controller.TaskControllerTest
2026-10-10T16:34:02.017+05:30  INFO 9699 --- [taskflow] [main] o.s.b.d.r.RestartApplicationListener     : Restart disabled due to context in which it is running
2026-10-10T16:34:02.027+05:30  INFO 9699 --- [taskflow] [main] c.e.t.controller.TaskControllerTest      : Starting TaskControllerTest using Java 22.0.2 with PID 9699 (started by janidubomal in /Users/janidubomal/Downloads/taskflow)
2026-10-10T16:34:02.027+05:30 DEBUG 9699 --- [taskflow] [main] c.e.t.controller.TaskControllerTest      : Running with Spring Boot v4.1.1, Spring v7.0.9
2026-10-10T16:34:02.027+05:30  INFO 9699 --- [taskflow] [main] c.e.t.controller.TaskControllerTest      : No active profile set, falling back to 1 default profile: "default"
2026-10-10T16:34:02.332+05:30  INFO 9699 --- [taskflow] [main] o.s.b.t.m.w.SpringBootMockServletContext : Initializing Spring TestDispatcherServlet ''
2026-10-10T16:34:02.332+05:30  INFO 9699 --- [taskflow] [main] o.s.t.web.servlet.TestDispatcherServlet  : Initializing Servlet ''
2026-10-10T16:34:02.333+05:30  INFO 9699 --- [taskflow] [main] o.s.t.web.servlet.TestDispatcherServlet  : Completed initialization in 1 ms
2026-10-10T16:34:02.352+05:30  INFO 9699 --- [taskflow] [main] c.e.t.controller.TaskControllerTest      : Started TaskControllerTest in 0.334 seconds (process running for 8.509)
2026-10-10T16:34:02.408+05:30  WARN 9699 --- [taskflow] [main] .w.s.m.s.DefaultHandlerExceptionResolver : Resolved [org.springframework.web.bind.MethodArgumentNotValidException: Validation failed for argument [0] in public org.springframework.http.ResponseEntity<com.example.taskflow.model.Task> com.example.taskflow.controller.TaskController.createTask(com.example.taskflow.dto.request.CreateTaskRequest): [Field error in object 'createTaskRequest' on field 'title': rejected value []; codes [NotBlank.createTaskRequest.title,NotBlank.title,NotBlank.java.lang.String,NotBlank]; arguments [org.springframework.context.support.DefaultMessageSourceResolvable: codes [createTaskRequest.title,title]; arguments []; default message [title]]; default message [Title is required]] ]
2026-10-10T16:34:02.416+05:30  WARN 9699 --- [taskflow] [main] .w.s.m.s.DefaultHandlerExceptionResolver : Resolved [org.springframework.web.bind.MethodArgumentNotValidException: Validation failed for argument [0] in public org.springframework.http.ResponseEntity<com.example.taskflow.model.Task> com.example.taskflow.controller.TaskController.createTask(com.example.taskflow.dto.request.CreateTaskRequest): [Field error in object 'createTaskRequest' on field 'priority': rejected value [10]; codes [Max.createTaskRequest.priority,Max.priority,Max.java.lang.Integer,Max]; arguments [org.springframework.context.support.DefaultMessageSourceResolvable: codes [createTaskRequest.priority,priority]; arguments []; default message [priority],5]; default message [must be less than or equal to 5]] ]
2026-10-10T16:34:02.552+05:30 DEBUG 9699 --- [taskflow] [main] c.example.taskflow.services.TaskService  : Finding task with id: 1
2026-10-10T16:34:02.558+05:30  INFO 9699 --- [taskflow] [main] c.example.taskflow.services.TaskService  : Creating task with title: Learn Mockito
2026-10-10T16:34:02.559+05:30  INFO 9699 --- [taskflow] [main] c.example.taskflow.services.TaskService  : Task created successfully with id: 1
2026-10-10T16:34:02.560+05:30 DEBUG 9699 --- [taskflow] [main] c.example.taskflow.services.TaskService  : Finding task with id: 1
2026-10-10T16:34:02.563+05:30 DEBUG 9699 --- [taskflow] [main] c.example.taskflow.services.TaskService  : Finding task with id: 999
2026-10-10T16:34:02.563+05:30  WARN 9699 --- [taskflow] [main] c.example.taskflow.services.TaskService  : Task not found with id: 999
2026-10-10T16:34:02.576+05:30  INFO 9699 --- [taskflow] [SpringApplicationShutdownHook] j.LocalContainerEntityManagerFactoryBean : Closing JPA EntityManagerFactory for persistence unit 'default'
2026-10-10T16:34:02.581+05:30  INFO 9699 --- [taskflow] [SpringApplicationShutdownHook] j.LocalContainerEntityManagerFactoryBean : Closing JPA EntityManagerFactory for persistence unit 'default'
2026-10-10T16:34:02.581+05:30  INFO 9699 --- [taskflow] [SpringApplicationShutdownHook] com.zaxxer.hikari.HikariDataSource       : HikariPool-1 - Shutdown initiated...
2026-10-10T16:34:02.584+05:30  INFO 9699 --- [taskflow] [SpringApplicationShutdownHook] com.zaxxer.hikari.HikariDataSource       : HikariPool-1 - Shutdown completed.
2026-10-10T16:34:02.589+05:30  INFO 9699 --- [taskflow] [SpringApplicationShutdownHook] j.LocalContainerEntityManagerFactoryBean : Closing JPA EntityManagerFactory for persistence unit 'default'
2026-10-10T16:34:02.590+05:30  INFO 9699 --- [taskflow] [SpringApplicationShutdownHook] com.zaxxer.hikari.HikariDataSource       : HikariPool-2 - Shutdown initiated...
2026-10-10T16:34:02.988+05:30  INFO 9699 --- [taskflow] [SpringApplicationShutdownHook] com.zaxxer.hikari.HikariDataSource       : HikariPool-2 - Shutdown completed.
2026-10-10T16:34:39.597+05:30  INFO 9931 --- [taskflow] [main] c.e.t.repository.TaskRepositoryTest      : Starting TaskRepositoryTest using Java 22.0.2 with PID 9931 (started by janidubomal in /Users/janidubomal/Downloads/taskflow)
2026-10-10T16:34:39.598+05:30 DEBUG 9931 --- [taskflow] [main] c.e.t.repository.TaskRepositoryTest      : Running with Spring Boot v4.1.1, Spring v7.0.9
2026-10-10T16:34:39.598+05:30  INFO 9931 --- [taskflow] [main] c.e.t.repository.TaskRepositoryTest      : No active profile set, falling back to 1 default profile: "default"
2026-10-10T16:34:39.752+05:30  INFO 9931 --- [taskflow] [main] .s.d.r.c.RepositoryConfigurationDelegate : Bootstrapping Spring Data JPA repositories in DEFAULT mode.
2026-10-10T16:34:39.777+05:30  INFO 9931 --- [taskflow] [main] .s.d.r.c.RepositoryConfigurationDelegate : Finished Spring Data repository scanning in 21 ms. Found 1 JPA repository interface.
2026-10-10T16:34:39.801+05:30  INFO 9931 --- [taskflow] [main] beddedDataSourceBeanFactoryPostProcessor : Replacing 'dataSource' DataSource bean with embedded version
2026-10-10T16:34:39.835+05:30  INFO 9931 --- [taskflow] [main] o.s.j.d.e.EmbeddedDatabaseFactory        : Starting embedded database: url='jdbc:h2:mem:b092ef11-2a48-4fb7-8512-b77b5fb918c7;DB_CLOSE_DELAY=-1;DB_CLOSE_ON_EXIT=false', username='sa'
2026-10-10T16:34:39.959+05:30  INFO 9931 --- [taskflow] [main] org.hibernate.orm.jpa                    : HHH008540: Processing PersistenceUnitInfo [name: default]
2026-10-10T16:34:39.989+05:30  INFO 9931 --- [taskflow] [main] org.hibernate.orm.core                   : HHH000001: Hibernate ORM core version 7.4.5.Final
2026-10-10T16:34:40.163+05:30  INFO 9931 --- [taskflow] [main] o.s.o.j.p.SpringPersistenceUnitInfo      : No LoadTimeWeaver setup: ignoring JPA class transformer
2026-10-10T16:34:40.200+05:30  INFO 9931 --- [taskflow] [main] org.hibernate.orm.connections.pooling    : HHH10001005: Database info:
	Database JDBC URL [jdbc:h2:mem:b092ef11-2a48-4fb7-8512-b77b5fb918c7]
	Database driver: H2 JDBC Driver
	Database dialect: H2Dialect
	Database version: 2.4.240
	Default catalog/schema: B092EF11-2A48-4FB7-8512-B77B5FB918C7/PUBLIC
	Autocommit mode: undefined/unknown
	Isolation level: READ_COMMITTED [default READ_COMMITTED]
	JDBC fetch size: 100
	Pool: DataSourceConnectionProvider
	Minimum pool size: undefined/unknown
	Maximum pool size: undefined/unknown
2026-10-10T16:34:40.528+05:30  INFO 9931 --- [taskflow] [main] org.hibernate.orm.core                   : HHH000489: No JTA platform available (set 'hibernate.transaction.jta.platform' to enable JTA platform integration)
2026-10-10T16:34:40.541+05:30  INFO 9931 --- [taskflow] [main] j.LocalContainerEntityManagerFactoryBean : Initialized JPA EntityManagerFactory for persistence unit 'default'
2026-10-10T16:34:40.584+05:30  INFO 9931 --- [taskflow] [main] o.s.d.j.r.query.QueryEnhancerFactories   : Hibernate is in classpath; If applicable, HQL parser will be used.
2026-10-10T16:34:40.657+05:30  INFO 9931 --- [taskflow] [main] c.e.t.repository.TaskRepositoryTest      : Started TaskRepositoryTest in 1.247 seconds (process running for 1.74)
2026-10-10T16:34:41.183+05:30  INFO 9931 --- [taskflow] [main] org.testcontainers.images.PullPolicy     : Image pull policy will be performed by: DefaultPullPolicy()
2026-10-10T16:34:41.184+05:30  INFO 9931 --- [taskflow] [main] o.t.utility.ImageNameSubstitutor         : Image name substitution will be performed by: DefaultImageNameSubstitutor (composite of 'ConfigurationFileImageNameSubstitutor' and 'PrefixingImageNameSubstitutor')
2026-10-10T16:34:41.188+05:30  INFO 9931 --- [taskflow] [main] org.testcontainers.DockerClientFactory   : Testcontainers version: 2.0.5
2026-10-10T16:34:41.295+05:30  INFO 9931 --- [taskflow] [main] o.t.d.DockerClientProviderStrategy       : Loaded org.testcontainers.dockerclient.UnixSocketClientProviderStrategy from ~/.testcontainers.properties, will try it first
2026-10-10T16:34:41.497+05:30  INFO 9931 --- [taskflow] [main] o.t.d.DockerClientProviderStrategy       : Found Docker environment with local Unix socket (unix:///var/run/docker.sock)
2026-10-10T16:34:41.497+05:30  INFO 9931 --- [taskflow] [main] org.testcontainers.DockerClientFactory   : Docker host IP address is localhost
2026-10-10T16:34:41.507+05:30  INFO 9931 --- [taskflow] [main] org.testcontainers.DockerClientFactory   : Connected to docker: 
  Server Version: 27.4.0
  API Version: 1.47
  Operating System: Docker Desktop
  Total Memory: 3919 MB
  Labels: 
    com.docker.desktop.address=unix:///Users/janidubomal/Library/Containers/com.docker.docker/Data/docker-cli.sock
2026-10-10T16:34:41.522+05:30  INFO 9931 --- [taskflow] [main] tc.testcontainers/ryuk:0.14.0            : Creating container for image: testcontainers/ryuk:0.14.0
2026-10-10T16:34:41.731+05:30  INFO 9931 --- [taskflow] [main] tc.testcontainers/ryuk:0.14.0            : Container testcontainers/ryuk:0.14.0 is starting: 86f3dc7886dc1b43c801fe1e04469afd6f6982ec728b7202fc63a5836a66922b
2026-10-10T16:34:42.085+05:30  INFO 9931 --- [taskflow] [main] tc.testcontainers/ryuk:0.14.0            : Container testcontainers/ryuk:0.14.0 started in PT0.562469S
2026-10-10T16:34:42.091+05:30  INFO 9931 --- [taskflow] [main] o.t.utility.RyukResourceReaper           : Ryuk started - will monitor and terminate Testcontainers containers on JVM exit
2026-10-10T16:34:42.091+05:30  INFO 9931 --- [taskflow] [main] org.testcontainers.DockerClientFactory   : Checking the system...
2026-10-10T16:34:42.091+05:30  INFO 9931 --- [taskflow] [main] org.testcontainers.DockerClientFactory   : ✔︎ Docker server version should be at least 1.6.0
2026-10-10T16:34:42.091+05:30  INFO 9931 --- [taskflow] [main] tc.postgres:16-alpine                    : Creating container for image: postgres:16-alpine
2026-10-10T16:34:42.116+05:30  INFO 9931 --- [taskflow] [main] tc.postgres:16-alpine                    : Container postgres:16-alpine is starting: 8aca624aadf9f9ef6472e9e8d6a2ca9459364e29798f40a543396f7c2363a120
2026-10-10T16:34:42.990+05:30  INFO 9931 --- [taskflow] [main] tc.postgres:16-alpine                    : Container postgres:16-alpine started in PT0.897713S
2026-10-10T16:34:42.996+05:30  INFO 9931 --- [taskflow] [main] tc.postgres:16-alpine                    : Container is started (JDBC URL: jdbc:postgresql://localhost:51899/test?loggerLevel=OFF)
2026-10-10T16:34:43.005+05:30  INFO 9931 --- [taskflow] [main] t.c.s.AnnotationConfigContextLoaderUtils : Could not detect default configuration classes for test class [com.example.taskflow.integration.TaskRepositoryPostgresIntegrationTest]: TaskRepositoryPostgresIntegrationTest does not declare any static, non-private, non-final, nested classes annotated with @Configuration.
2026-10-10T16:34:43.027+05:30  INFO 9931 --- [taskflow] [main] .b.t.c.SpringBootTestContextBootstrapper : Found @SpringBootConfiguration com.example.taskflow.TaskflowApplication for test class com.example.taskflow.integration.TaskRepositoryPostgresIntegrationTest
2026-10-10T16:34:43.029+05:30  INFO 9931 --- [taskflow] [main] t.c.s.AnnotationConfigContextLoaderUtils : Could not detect default configuration classes for test class [com.example.taskflow.integration.TaskRepositoryPostgresIntegrationTest]: TaskRepositoryPostgresIntegrationTest does not declare any static, non-private, non-final, nested classes annotated with @Configuration.
2026-10-10T16:34:43.032+05:30  INFO 9931 --- [taskflow] [main] .b.t.c.SpringBootTestContextBootstrapper : Found @SpringBootConfiguration com.example.taskflow.TaskflowApplication for test class com.example.taskflow.integration.TaskRepositoryPostgresIntegrationTest
2026-10-10T16:34:43.040+05:30  INFO 9931 --- [taskflow] [main] o.s.b.d.r.RestartApplicationListener     : Restart disabled due to context in which it is running
2026-10-10T16:34:43.061+05:30  INFO 9931 --- [taskflow] [main] .i.TaskRepositoryPostgresIntegrationTest : Starting TaskRepositoryPostgresIntegrationTest using Java 22.0.2 with PID 9931 (started by janidubomal in /Users/janidubomal/Downloads/taskflow)
2026-10-10T16:34:43.061+05:30 DEBUG 9931 --- [taskflow] [main] .i.TaskRepositoryPostgresIntegrationTest : Running with Spring Boot v4.1.1, Spring v7.0.9
2026-10-10T16:34:43.062+05:30  INFO 9931 --- [taskflow] [main] .i.TaskRepositoryPostgresIntegrationTest : No active profile set, falling back to 1 default profile: "default"
2026-10-10T16:34:43.247+05:30  INFO 9931 --- [taskflow] [main] .s.d.r.c.RepositoryConfigurationDelegate : Bootstrapping Spring Data JPA repositories in DEFAULT mode.
2026-10-10T16:34:43.251+05:30  INFO 9931 --- [taskflow] [main] .s.d.r.c.RepositoryConfigurationDelegate : Finished Spring Data repository scanning in 3 ms. Found 1 JPA repository interface.
2026-10-10T16:34:43.545+05:30  INFO 9931 --- [taskflow] [main] org.flywaydb.core.FlywayExecutor         : Database: jdbc:postgresql://localhost:51899/test?loggerLevel=OFF (PostgreSQL 16.15)
2026-10-10T16:34:43.574+05:30  INFO 9931 --- [taskflow] [main] o.f.c.i.s.JdbcTableSchemaHistory         : Schema history table "public"."flyway_schema_history" does not exist yet
2026-10-10T16:34:43.575+05:30  INFO 9931 --- [taskflow] [main] o.f.core.internal.command.DbValidate     : Successfully validated 2 migrations (execution time 00:00.007s)
2026-10-10T16:34:43.586+05:30  INFO 9931 --- [taskflow] [main] o.f.c.i.s.JdbcTableSchemaHistory         : Creating Schema History table "public"."flyway_schema_history" ...
2026-10-10T16:34:43.637+05:30  INFO 9931 --- [taskflow] [main] o.f.core.internal.command.DbMigrate      : Current version of schema "public": << Empty Schema >>
2026-10-10T16:34:43.641+05:30  INFO 9931 --- [taskflow] [main] o.f.core.internal.command.DbMigrate      : Migrating schema "public" to version "1 - create tasks table"
2026-10-10T16:34:43.657+05:30  INFO 9931 --- [taskflow] [main] o.f.core.internal.command.DbMigrate      : Migrating schema "public" to version "2 - add priority to tasks"
2026-10-10T16:34:43.666+05:30  INFO 9931 --- [taskflow] [main] o.f.core.internal.command.DbMigrate      : Successfully applied 2 migrations to schema "public", now at version v2 (execution time 00:00.009s)
2026-10-10T16:34:43.677+05:30  INFO 9931 --- [taskflow] [main] org.hibernate.orm.jpa                    : HHH008540: Processing PersistenceUnitInfo [name: default]
2026-10-10T16:34:43.687+05:30  INFO 9931 --- [taskflow] [main] o.s.o.j.p.SpringPersistenceUnitInfo      : No LoadTimeWeaver setup: ignoring JPA class transformer
2026-10-10T16:34:43.688+05:30  INFO 9931 --- [taskflow] [main] com.zaxxer.hikari.HikariDataSource       : HikariPool-1 - Starting...
2026-10-10T16:34:43.704+05:30  INFO 9931 --- [taskflow] [main] com.zaxxer.hikari.pool.HikariPool        : HikariPool-1 - Added connection org.postgresql.jdbc.PgConnection@7a282bad
2026-10-10T16:34:43.705+05:30  INFO 9931 --- [taskflow] [main] com.zaxxer.hikari.HikariDataSource       : HikariPool-1 - Start completed.
2026-10-10T16:34:43.718+05:30  INFO 9931 --- [taskflow] [main] org.hibernate.orm.connections.pooling    : HHH10001005: Database info:
	Database JDBC URL [jdbc:postgresql://localhost:51899/test?loggerLevel=OFF]
	Database driver: PostgreSQL JDBC Driver
	Database dialect: PostgreSQLDialect
	Database version: 16.15
	Default catalog/schema: test/public
	Autocommit mode: undefined/unknown
	Isolation level: READ_COMMITTED [default READ_COMMITTED]
	JDBC fetch size: none
	Pool: DataSourceConnectionProvider
	Minimum pool size: undefined/unknown
	Maximum pool size: undefined/unknown
2026-10-10T16:34:43.745+05:30  INFO 9931 --- [taskflow] [main] org.hibernate.orm.core                   : HHH000489: No JTA platform available (set 'hibernate.transaction.jta.platform' to enable JTA platform integration)
2026-10-10T16:34:43.769+05:30  INFO 9931 --- [taskflow] [main] j.LocalContainerEntityManagerFactoryBean : Initialized JPA EntityManagerFactory for persistence unit 'default'
2026-10-10T16:34:43.819+05:30  WARN 9931 --- [taskflow] [main] JpaBaseConfiguration$JpaWebConfiguration : spring.jpa.open-in-view is enabled by default. Therefore, database queries may be performed during view rendering. Explicitly configure spring.jpa.open-in-view to disable this warning
2026-10-10T16:34:44.000+05:30  INFO 9931 --- [taskflow] [main] o.s.b.a.e.web.EndpointLinksResolver      : Exposing 4 endpoints beneath base path '/actuator'
2026-10-10T16:34:44.023+05:30  INFO 9931 --- [taskflow] [main] .i.TaskRepositoryPostgresIntegrationTest : Started TaskRepositoryPostgresIntegrationTest in 0.983 seconds (process running for 5.106)
2026-10-10T16:34:44.269+05:30  INFO 9931 --- [taskflow] [main] tc.postgres:16-alpine                    : Creating container for image: postgres:16-alpine
2026-10-10T16:34:44.318+05:30  INFO 9931 --- [taskflow] [main] tc.postgres:16-alpine                    : Container postgres:16-alpine is starting: 4c7ba06adc231e6d0f9958a3eb3902c28728aca132b02b4f3c25c33f77cec2ec
2026-10-10T16:34:45.230+05:30  INFO 9931 --- [taskflow] [main] tc.postgres:16-alpine                    : Container postgres:16-alpine started in PT0.960518S
2026-10-10T16:34:45.233+05:30  INFO 9931 --- [taskflow] [main] tc.postgres:16-alpine                    : Container is started (JDBC URL: jdbc:postgresql://localhost:51918/test?loggerLevel=OFF)
2026-10-10T16:34:45.244+05:30  INFO 9931 --- [taskflow] [main] t.c.s.AnnotationConfigContextLoaderUtils : Could not detect default configuration classes for test class [com.example.taskflow.integration.TaskApiIntegrationTest]: TaskApiIntegrationTest does not declare any static, non-private, non-final, nested classes annotated with @Configuration.
2026-10-10T16:34:45.253+05:30  INFO 9931 --- [taskflow] [main] .b.t.c.SpringBootTestContextBootstrapper : Found @SpringBootConfiguration com.example.taskflow.TaskflowApplication for test class com.example.taskflow.integration.TaskApiIntegrationTest
2026-10-10T16:34:45.255+05:30  INFO 9931 --- [taskflow] [main] t.c.s.AnnotationConfigContextLoaderUtils : Could not detect default configuration classes for test class [com.example.taskflow.integration.TaskApiIntegrationTest]: TaskApiIntegrationTest does not declare any static, non-private, non-final, nested classes annotated with @Configuration.
2026-10-10T16:34:45.257+05:30  INFO 9931 --- [taskflow] [main] .b.t.c.SpringBootTestContextBootstrapper : Found @SpringBootConfiguration com.example.taskflow.TaskflowApplication for test class com.example.taskflow.integration.TaskApiIntegrationTest
2026-10-10T16:34:45.271+05:30  INFO 9931 --- [taskflow] [main] o.s.b.d.r.RestartApplicationListener     : Restart disabled due to context in which it is running
2026-10-10T16:34:45.287+05:30  INFO 9931 --- [taskflow] [main] c.e.t.i.TaskApiIntegrationTest           : Starting TaskApiIntegrationTest using Java 22.0.2 with PID 9931 (started by janidubomal in /Users/janidubomal/Downloads/taskflow)
2026-10-10T16:34:45.287+05:30 DEBUG 9931 --- [taskflow] [main] c.e.t.i.TaskApiIntegrationTest           : Running with Spring Boot v4.1.1, Spring v7.0.9
2026-10-10T16:34:45.287+05:30  INFO 9931 --- [taskflow] [main] c.e.t.i.TaskApiIntegrationTest           : No active profile set, falling back to 1 default profile: "default"
2026-10-10T16:34:45.389+05:30  INFO 9931 --- [taskflow] [main] .s.d.r.c.RepositoryConfigurationDelegate : Bootstrapping Spring Data JPA repositories in DEFAULT mode.
2026-10-10T16:34:45.393+05:30  INFO 9931 --- [taskflow] [main] .s.d.r.c.RepositoryConfigurationDelegate : Finished Spring Data repository scanning in 2 ms. Found 1 JPA repository interface.
2026-10-10T16:34:45.478+05:30  INFO 9931 --- [taskflow] [main] org.flywaydb.core.FlywayExecutor         : Database: jdbc:postgresql://localhost:51918/test?loggerLevel=OFF (PostgreSQL 16.15)
2026-10-10T16:34:45.486+05:30  INFO 9931 --- [taskflow] [main] o.f.c.i.s.JdbcTableSchemaHistory         : Schema history table "public"."flyway_schema_history" does not exist yet
2026-10-10T16:34:45.487+05:30  INFO 9931 --- [taskflow] [main] o.f.core.internal.command.DbValidate     : Successfully validated 2 migrations (execution time 00:00.002s)
2026-10-10T16:34:45.492+05:30  INFO 9931 --- [taskflow] [main] o.f.c.i.s.JdbcTableSchemaHistory         : Creating Schema History table "public"."flyway_schema_history" ...
2026-10-10T16:34:45.506+05:30  INFO 9931 --- [taskflow] [main] o.f.core.internal.command.DbMigrate      : Current version of schema "public": << Empty Schema >>
2026-10-10T16:34:45.507+05:30  INFO 9931 --- [taskflow] [main] o.f.core.internal.command.DbMigrate      : Migrating schema "public" to version "1 - create tasks table"
2026-10-10T16:34:45.516+05:30  INFO 9931 --- [taskflow] [main] o.f.core.internal.command.DbMigrate      : Migrating schema "public" to version "2 - add priority to tasks"
2026-10-10T16:34:45.521+05:30  INFO 9931 --- [taskflow] [main] o.f.core.internal.command.DbMigrate      : Successfully applied 2 migrations to schema "public", now at version v2 (execution time 00:00.004s)
2026-10-10T16:34:45.529+05:30  INFO 9931 --- [taskflow] [main] org.hibernate.orm.jpa                    : HHH008540: Processing PersistenceUnitInfo [name: default]
2026-10-10T16:34:45.537+05:30  INFO 9931 --- [taskflow] [main] o.s.o.j.p.SpringPersistenceUnitInfo      : No LoadTimeWeaver setup: ignoring JPA class transformer
2026-10-10T16:34:45.538+05:30  INFO 9931 --- [taskflow] [main] com.zaxxer.hikari.HikariDataSource       : HikariPool-2 - Starting...
2026-10-10T16:34:45.546+05:30  INFO 9931 --- [taskflow] [main] com.zaxxer.hikari.pool.HikariPool        : HikariPool-2 - Added connection org.postgresql.jdbc.PgConnection@64deb236
2026-10-10T16:34:45.547+05:30  INFO 9931 --- [taskflow] [main] com.zaxxer.hikari.HikariDataSource       : HikariPool-2 - Start completed.
2026-10-10T16:34:45.552+05:30  INFO 9931 --- [taskflow] [main] org.hibernate.orm.connections.pooling    : HHH10001005: Database info:
	Database JDBC URL [jdbc:postgresql://localhost:51918/test?loggerLevel=OFF]
	Database driver: PostgreSQL JDBC Driver
	Database dialect: PostgreSQLDialect
	Database version: 16.15
	Default catalog/schema: test/public
	Autocommit mode: undefined/unknown
	Isolation level: READ_COMMITTED [default READ_COMMITTED]
	JDBC fetch size: none
	Pool: DataSourceConnectionProvider
	Minimum pool size: undefined/unknown
	Maximum pool size: undefined/unknown
2026-10-10T16:34:45.564+05:30  INFO 9931 --- [taskflow] [main] org.hibernate.orm.core                   : HHH000489: No JTA platform available (set 'hibernate.transaction.jta.platform' to enable JTA platform integration)
2026-10-10T16:34:45.572+05:30  INFO 9931 --- [taskflow] [main] j.LocalContainerEntityManagerFactoryBean : Initialized JPA EntityManagerFactory for persistence unit 'default'
2026-10-10T16:34:45.590+05:30  WARN 9931 --- [taskflow] [main] JpaBaseConfiguration$JpaWebConfiguration : spring.jpa.open-in-view is enabled by default. Therefore, database queries may be performed during view rendering. Explicitly configure spring.jpa.open-in-view to disable this warning
2026-10-10T16:34:45.644+05:30  INFO 9931 --- [taskflow] [main] o.s.b.t.m.w.SpringBootMockServletContext : Initializing Spring TestDispatcherServlet ''
2026-10-10T16:34:45.645+05:30  INFO 9931 --- [taskflow] [main] o.s.t.web.servlet.TestDispatcherServlet  : Initializing Servlet ''
2026-10-10T16:34:45.645+05:30  INFO 9931 --- [taskflow] [main] o.s.b.a.e.web.EndpointLinksResolver      : Exposing 4 endpoints beneath base path '/actuator'
2026-10-10T16:34:45.648+05:30  INFO 9931 --- [taskflow] [main] o.s.t.web.servlet.TestDispatcherServlet  : Completed initialization in 3 ms
2026-10-10T16:34:45.655+05:30  INFO 9931 --- [taskflow] [main] c.e.t.i.TaskApiIntegrationTest           : Started TaskApiIntegrationTest in 0.384 seconds (process running for 6.738)
2026-10-10T16:34:45.703+05:30  INFO 9931 --- [taskflow] [main] c.example.taskflow.services.TaskService  : Creating task with title: Learn Spring Boot
2026-10-10T16:34:45.706+05:30  INFO 9931 --- [taskflow] [main] c.example.taskflow.services.TaskService  : Task created successfully with id: 1
2026-10-10T16:34:45.717+05:30  INFO 9931 --- [taskflow] [main] c.example.taskflow.services.TaskService  : Creating task with title: Learn Docker
2026-10-10T16:34:45.720+05:30  INFO 9931 --- [taskflow] [main] c.example.taskflow.services.TaskService  : Task created successfully with id: 2
2026-10-10T16:34:45.748+05:30 DEBUG 9931 --- [taskflow] [main] c.example.taskflow.services.TaskService  : Finding task with id: 999
2026-10-10T16:34:45.750+05:30  WARN 9931 --- [taskflow] [main] c.example.taskflow.services.TaskService  : Task not found with id: 999
2026-10-10T16:34:45.759+05:30  INFO 9931 --- [taskflow] [main] c.example.taskflow.services.TaskService  : Creating task with title: Learn Testcontainers
2026-10-10T16:34:45.761+05:30  INFO 9931 --- [taskflow] [main] c.example.taskflow.services.TaskService  : Task created successfully with id: 3
2026-10-10T16:34:45.780+05:30  WARN 9931 --- [taskflow] [main] .w.s.m.s.DefaultHandlerExceptionResolver : Resolved [org.springframework.web.bind.MethodArgumentNotValidException: Validation failed for argument [0] in public org.springframework.http.ResponseEntity<com.example.taskflow.model.Task> com.example.taskflow.controller.TaskController.createTask(com.example.taskflow.dto.request.CreateTaskRequest) with 2 errors: [Field error in object 'createTaskRequest' on field 'title': rejected value []; codes [NotBlank.createTaskRequest.title,NotBlank.title,NotBlank.java.lang.String,NotBlank]; arguments [org.springframework.context.support.DefaultMessageSourceResolvable: codes [createTaskRequest.title,title]; arguments []; default message [title]]; default message [Title is required]] [Field error in object 'createTaskRequest' on field 'priority': rejected value [10]; codes [Max.createTaskRequest.priority,Max.priority,Max.java.lang.Integer,Max]; arguments [org.springframework.context.support.DefaultMessageSourceResolvable: codes [createTaskRequest.priority,priority]; arguments []; default message [priority],5]; default message [must be less than or equal to 5]] ]
2026-10-10T16:34:45.787+05:30  INFO 9931 --- [taskflow] [main] c.example.taskflow.services.TaskService  : Creating task with title: Learn Integration Testing
2026-10-10T16:34:45.788+05:30  INFO 9931 --- [taskflow] [main] c.example.taskflow.services.TaskService  : Task created successfully with id: 4
2026-10-10T16:34:45.797+05:30  INFO 9931 --- [taskflow] [main] c.example.taskflow.services.TaskService  : Creating task with title: Delete this task
2026-10-10T16:34:45.798+05:30  INFO 9931 --- [taskflow] [main] c.example.taskflow.services.TaskService  : Task created successfully with id: 5
2026-10-10T16:34:45.813+05:30  INFO 9931 --- [taskflow] [main] c.example.taskflow.services.TaskService  : Creating task with title: Finish Spring Testing
2026-10-10T16:34:45.815+05:30  INFO 9931 --- [taskflow] [main] c.example.taskflow.services.TaskService  : Task created successfully with id: 6
2026-10-10T16:34:45.818+05:30 DEBUG 9931 --- [taskflow] [main] c.example.taskflow.services.TaskService  : Finding task with id: 6
2026-10-10T16:34:46.017+05:30  INFO 9931 --- [taskflow] [main] t.c.s.AnnotationConfigContextLoaderUtils : Could not detect default configuration classes for test class [com.example.taskflow.TaskflowApplicationTests]: TaskflowApplicationTests does not declare any static, non-private, non-final, nested classes annotated with @Configuration.
2026-10-10T16:34:46.023+05:30  INFO 9931 --- [taskflow] [main] .b.t.c.SpringBootTestContextBootstrapper : Found @SpringBootConfiguration com.example.taskflow.TaskflowApplication for test class com.example.taskflow.TaskflowApplicationTests
2026-10-10T16:34:46.024+05:30  INFO 9931 --- [taskflow] [main] t.c.s.AnnotationConfigContextLoaderUtils : Could not detect default configuration classes for test class [com.example.taskflow.TaskflowApplicationTests]: TaskflowApplicationTests does not declare any static, non-private, non-final, nested classes annotated with @Configuration.
2026-10-10T16:34:46.026+05:30  INFO 9931 --- [taskflow] [main] .b.t.c.SpringBootTestContextBootstrapper : Found @SpringBootConfiguration com.example.taskflow.TaskflowApplication for test class com.example.taskflow.TaskflowApplicationTests
2026-10-10T16:34:46.028+05:30  INFO 9931 --- [taskflow] [main] o.s.b.d.r.RestartApplicationListener     : Restart disabled due to context in which it is running
2026-10-10T16:34:46.044+05:30  INFO 9931 --- [taskflow] [main] c.e.taskflow.TaskflowApplicationTests    : Starting TaskflowApplicationTests using Java 22.0.2 with PID 9931 (started by janidubomal in /Users/janidubomal/Downloads/taskflow)
2026-10-10T16:34:46.044+05:30 DEBUG 9931 --- [taskflow] [main] c.e.taskflow.TaskflowApplicationTests    : Running with Spring Boot v4.1.1, Spring v7.0.9
2026-10-10T16:34:46.044+05:30  INFO 9931 --- [taskflow] [main] c.e.taskflow.TaskflowApplicationTests    : No active profile set, falling back to 1 default profile: "default"
2026-10-10T16:34:46.040+05:30 DEBUG 9931 --- [taskflow] [HikariPool-2:connection-adder] com.zaxxer.hikari.pool.HikariPool        : HikariPool-2 - Cannot acquire connection from data source

org.postgresql.util.PSQLException: Connection to localhost:51918 refused. Check that the hostname and port are correct and that the postmaster is accepting TCP/IP connections.
	at org.postgresql.core.v3.ConnectionFactoryImpl.openConnectionImpl(ConnectionFactoryImpl.java:427) ~[postgresql-42.7.13.jar:42.7.13]
	at org.postgresql.core.ConnectionFactory.openConnection(ConnectionFactory.java:52) ~[postgresql-42.7.13.jar:42.7.13]
	at org.postgresql.jdbc.PgConnection.<init>(PgConnection.java:295) ~[postgresql-42.7.13.jar:42.7.13]
	at org.postgresql.Driver.makeConnection(Driver.java:437) ~[postgresql-42.7.13.jar:42.7.13]
	at org.postgresql.Driver.connect(Driver.java:305) ~[postgresql-42.7.13.jar:42.7.13]
	at com.zaxxer.hikari.util.DriverDataSource.getConnection(DriverDataSource.java:144) ~[HikariCP-7.0.2.jar:na]
	at com.zaxxer.hikari.pool.PoolBase.newConnection(PoolBase.java:373) ~[HikariCP-7.0.2.jar:na]
	at com.zaxxer.hikari.pool.PoolBase.newPoolEntry(PoolBase.java:210) ~[HikariCP-7.0.2.jar:na]
	at com.zaxxer.hikari.pool.HikariPool.createPoolEntry(HikariPool.java:488) ~[HikariCP-7.0.2.jar:na]
	at com.zaxxer.hikari.pool.HikariPool$PoolEntryCreator.call(HikariPool.java:752) ~[HikariCP-7.0.2.jar:na]
	at com.zaxxer.hikari.pool.HikariPool$PoolEntryCreator.call(HikariPool.java:731) ~[HikariCP-7.0.2.jar:na]
	at java.base/java.util.concurrent.FutureTask.run(FutureTask.java:317) ~[na:na]
	at java.base/java.util.concurrent.ThreadPoolExecutor.runWorker(ThreadPoolExecutor.java:1144) ~[na:na]
	at java.base/java.util.concurrent.ThreadPoolExecutor$Worker.run(ThreadPoolExecutor.java:642) ~[na:na]
	at java.base/java.lang.Thread.run(Thread.java:1570) ~[na:na]
Caused by: java.net.ConnectException: Connection refused
	at java.base/sun.nio.ch.Net.pollConnect(Native Method) ~[na:na]
	at java.base/sun.nio.ch.Net.pollConnectNow(Net.java:682) ~[na:na]
	at java.base/sun.nio.ch.NioSocketImpl.timedFinishConnect(NioSocketImpl.java:549) ~[na:na]
	at java.base/sun.nio.ch.NioSocketImpl.connect(NioSocketImpl.java:592) ~[na:na]
	at java.base/java.net.SocksSocketImpl.connect(SocksSocketImpl.java:327) ~[na:na]
	at java.base/java.net.Socket.connect(Socket.java:752) ~[na:na]
	at org.postgresql.core.PGStream.createSocket(PGStream.java:270) ~[postgresql-42.7.13.jar:42.7.13]
	at org.postgresql.core.PGStream.<init>(PGStream.java:131) ~[postgresql-42.7.13.jar:42.7.13]
	at org.postgresql.core.v3.ConnectionFactoryImpl.tryConnect(ConnectionFactoryImpl.java:221) ~[postgresql-42.7.13.jar:42.7.13]
	at org.postgresql.core.v3.ConnectionFactoryImpl.openConnectionImpl(ConnectionFactoryImpl.java:367) ~[postgresql-42.7.13.jar:42.7.13]
	... 14 common frames omitted

2026-10-10T16:34:46.167+05:30  INFO 9931 --- [taskflow] [main] .s.d.r.c.RepositoryConfigurationDelegate : Bootstrapping Spring Data JPA repositories in DEFAULT mode.
2026-10-10T16:34:46.174+05:30  INFO 9931 --- [taskflow] [main] .s.d.r.c.RepositoryConfigurationDelegate : Finished Spring Data repository scanning in 4 ms. Found 1 JPA repository interface.
2026-10-10T16:34:46.266+05:30  INFO 9931 --- [taskflow] [main] com.zaxxer.hikari.HikariDataSource       : HikariPool-3 - Starting...
2026-10-10T16:34:46.304+05:30  INFO 9931 --- [taskflow] [main] com.zaxxer.hikari.pool.HikariPool        : HikariPool-3 - Added connection org.postgresql.jdbc.PgConnection@74d59e1e
2026-10-10T16:34:46.305+05:30  INFO 9931 --- [taskflow] [main] com.zaxxer.hikari.HikariDataSource       : HikariPool-3 - Start completed.
2026-10-10T16:34:46.312+05:30  INFO 9931 --- [taskflow] [main] org.flywaydb.core.FlywayExecutor         : Database: jdbc:postgresql://localhost:5432/taskflow (PostgreSQL 17.2)
2026-10-10T16:34:46.346+05:30  INFO 9931 --- [taskflow] [main] o.f.core.internal.command.DbValidate     : Successfully validated 2 migrations (execution time 00:00.010s)
2026-10-10T16:34:46.360+05:30  INFO 9931 --- [taskflow] [main] o.f.core.internal.command.DbMigrate      : Current version of schema "public": 2
2026-10-10T16:34:46.361+05:30  INFO 9931 --- [taskflow] [main] o.f.core.internal.command.DbMigrate      : Schema "public" is up to date. No migration necessary.
2026-10-10T16:34:46.373+05:30  INFO 9931 --- [taskflow] [main] org.hibernate.orm.jpa                    : HHH008540: Processing PersistenceUnitInfo [name: default]
2026-10-10T16:34:46.388+05:30  INFO 9931 --- [taskflow] [main] o.s.o.j.p.SpringPersistenceUnitInfo      : No LoadTimeWeaver setup: ignoring JPA class transformer
2026-10-10T16:34:46.395+05:30  INFO 9931 --- [taskflow] [main] org.hibernate.orm.connections.pooling    : HHH10001005: Database info:
	Database JDBC URL [jdbc:postgresql://localhost:5432/taskflow]
	Database driver: PostgreSQL JDBC Driver
	Database dialect: PostgreSQLDialect
	Database version: 17.2
	Default catalog/schema: taskflow/public
	Autocommit mode: undefined/unknown
	Isolation level: READ_COMMITTED [default READ_COMMITTED]
	JDBC fetch size: none
	Pool: DataSourceConnectionProvider
	Minimum pool size: undefined/unknown
	Maximum pool size: undefined/unknown
2026-10-10T16:34:46.411+05:30  INFO 9931 --- [taskflow] [main] org.hibernate.orm.core                   : HHH000489: No JTA platform available (set 'hibernate.transaction.jta.platform' to enable JTA platform integration)
2026-10-10T16:34:46.424+05:30  INFO 9931 --- [taskflow] [main] j.LocalContainerEntityManagerFactoryBean : Initialized JPA EntityManagerFactory for persistence unit 'default'
2026-10-10T16:34:46.446+05:30  WARN 9931 --- [taskflow] [main] JpaBaseConfiguration$JpaWebConfiguration : spring.jpa.open-in-view is enabled by default. Therefore, database queries may be performed during view rendering. Explicitly configure spring.jpa.open-in-view to disable this warning
2026-10-10T16:34:46.497+05:30  INFO 9931 --- [taskflow] [main] o.s.b.a.e.web.EndpointLinksResolver      : Exposing 4 endpoints beneath base path '/actuator'
2026-10-10T16:34:46.503+05:30  INFO 9931 --- [taskflow] [main] c.e.taskflow.TaskflowApplicationTests    : Started TaskflowApplicationTests in 0.474 seconds (process running for 7.585)
2026-10-10T16:34:46.509+05:30  INFO 9931 --- [taskflow] [main] t.c.s.AnnotationConfigContextLoaderUtils : Could not detect default configuration classes for test class [com.example.taskflow.controller.TaskControllerTest]: TaskControllerTest does not declare any static, non-private, non-final, nested classes annotated with @Configuration.
2026-10-10T16:34:46.518+05:30  INFO 9931 --- [taskflow] [main] .b.t.c.SpringBootTestContextBootstrapper : Found @SpringBootConfiguration com.example.taskflow.TaskflowApplication for test class com.example.taskflow.controller.TaskControllerTest
2026-10-10T16:34:46.519+05:30  INFO 9931 --- [taskflow] [main] t.c.s.AnnotationConfigContextLoaderUtils : Could not detect default configuration classes for test class [com.example.taskflow.controller.TaskControllerTest]: TaskControllerTest does not declare any static, non-private, non-final, nested classes annotated with @Configuration.
2026-10-10T16:34:46.521+05:30  INFO 9931 --- [taskflow] [main] .b.t.c.SpringBootTestContextBootstrapper : Found @SpringBootConfiguration com.example.taskflow.TaskflowApplication for test class com.example.taskflow.controller.TaskControllerTest
2026-10-10T16:34:46.525+05:30  INFO 9931 --- [taskflow] [main] o.s.b.d.r.RestartApplicationListener     : Restart disabled due to context in which it is running
2026-10-10T16:34:46.536+05:30  INFO 9931 --- [taskflow] [main] c.e.t.controller.TaskControllerTest      : Starting TaskControllerTest using Java 22.0.2 with PID 9931 (started by janidubomal in /Users/janidubomal/Downloads/taskflow)
2026-10-10T16:34:46.536+05:30 DEBUG 9931 --- [taskflow] [main] c.e.t.controller.TaskControllerTest      : Running with Spring Boot v4.1.1, Spring v7.0.9
2026-10-10T16:34:46.536+05:30  INFO 9931 --- [taskflow] [main] c.e.t.controller.TaskControllerTest      : No active profile set, falling back to 1 default profile: "default"
2026-10-10T16:34:46.768+05:30  INFO 9931 --- [taskflow] [main] o.s.b.t.m.w.SpringBootMockServletContext : Initializing Spring TestDispatcherServlet ''
2026-10-10T16:34:46.769+05:30  INFO 9931 --- [taskflow] [main] o.s.t.web.servlet.TestDispatcherServlet  : Initializing Servlet ''
2026-10-10T16:34:46.770+05:30  INFO 9931 --- [taskflow] [main] o.s.t.web.servlet.TestDispatcherServlet  : Completed initialization in 1 ms
2026-10-10T16:34:46.778+05:30  INFO 9931 --- [taskflow] [main] c.e.t.controller.TaskControllerTest      : Started TaskControllerTest in 0.253 seconds (process running for 7.861)
2026-10-10T16:34:46.826+05:30  WARN 9931 --- [taskflow] [main] .w.s.m.s.DefaultHandlerExceptionResolver : Resolved [org.springframework.web.bind.MethodArgumentNotValidException: Validation failed for argument [0] in public org.springframework.http.ResponseEntity<com.example.taskflow.model.Task> com.example.taskflow.controller.TaskController.createTask(com.example.taskflow.dto.request.CreateTaskRequest): [Field error in object 'createTaskRequest' on field 'title': rejected value []; codes [NotBlank.createTaskRequest.title,NotBlank.title,NotBlank.java.lang.String,NotBlank]; arguments [org.springframework.context.support.DefaultMessageSourceResolvable: codes [createTaskRequest.title,title]; arguments []; default message [title]]; default message [Title is required]] ]
2026-10-10T16:34:46.834+05:30  WARN 9931 --- [taskflow] [main] .w.s.m.s.DefaultHandlerExceptionResolver : Resolved [org.springframework.web.bind.MethodArgumentNotValidException: Validation failed for argument [0] in public org.springframework.http.ResponseEntity<com.example.taskflow.model.Task> com.example.taskflow.controller.TaskController.createTask(com.example.taskflow.dto.request.CreateTaskRequest): [Field error in object 'createTaskRequest' on field 'priority': rejected value [10]; codes [Max.createTaskRequest.priority,Max.priority,Max.java.lang.Integer,Max]; arguments [org.springframework.context.support.DefaultMessageSourceResolvable: codes [createTaskRequest.priority,priority]; arguments []; default message [priority],5]; default message [must be less than or equal to 5]] ]
2026-10-10T16:34:46.974+05:30 DEBUG 9931 --- [taskflow] [main] c.example.taskflow.services.TaskService  : Finding task with id: 1
2026-10-10T16:34:46.983+05:30  INFO 9931 --- [taskflow] [main] c.example.taskflow.services.TaskService  : Creating task with title: Learn Mockito
2026-10-10T16:34:46.984+05:30  INFO 9931 --- [taskflow] [main] c.example.taskflow.services.TaskService  : Task created successfully with id: 1
2026-10-10T16:34:46.987+05:30 DEBUG 9931 --- [taskflow] [main] c.example.taskflow.services.TaskService  : Finding task with id: 1
2026-10-10T16:34:46.992+05:30 DEBUG 9931 --- [taskflow] [main] c.example.taskflow.services.TaskService  : Finding task with id: 999
2026-10-10T16:34:46.993+05:30  WARN 9931 --- [taskflow] [main] c.example.taskflow.services.TaskService  : Task not found with id: 999
2026-10-10T16:34:47.014+05:30  INFO 9931 --- [taskflow] [SpringApplicationShutdownHook] j.LocalContainerEntityManagerFactoryBean : Closing JPA EntityManagerFactory for persistence unit 'default'
2026-10-10T16:34:47.022+05:30  INFO 9931 --- [taskflow] [SpringApplicationShutdownHook] j.LocalContainerEntityManagerFactoryBean : Closing JPA EntityManagerFactory for persistence unit 'default'
2026-10-10T16:34:47.023+05:30  INFO 9931 --- [taskflow] [SpringApplicationShutdownHook] com.zaxxer.hikari.HikariDataSource       : HikariPool-1 - Shutdown initiated...
2026-10-10T16:34:49.306+05:30  INFO 9931 --- [taskflow] [SpringApplicationShutdownHook] com.zaxxer.hikari.HikariDataSource       : HikariPool-1 - Shutdown completed.
2026-10-10T16:34:49.319+05:30  INFO 9931 --- [taskflow] [SpringApplicationShutdownHook] j.LocalContainerEntityManagerFactoryBean : Closing JPA EntityManagerFactory for persistence unit 'default'
2026-10-10T16:34:49.321+05:30  INFO 9931 --- [taskflow] [SpringApplicationShutdownHook] com.zaxxer.hikari.HikariDataSource       : HikariPool-2 - Shutdown initiated...
2026-10-10T16:34:51.036+05:30  INFO 9931 --- [taskflow] [SpringApplicationShutdownHook] com.zaxxer.hikari.HikariDataSource       : HikariPool-2 - Shutdown completed.
2026-10-10T16:34:51.042+05:30  INFO 9931 --- [taskflow] [SpringApplicationShutdownHook] j.LocalContainerEntityManagerFactoryBean : Closing JPA EntityManagerFactory for persistence unit 'default'
2026-10-10T16:34:51.044+05:30  INFO 9931 --- [taskflow] [SpringApplicationShutdownHook] com.zaxxer.hikari.HikariDataSource       : HikariPool-3 - Shutdown initiated...
2026-10-10T16:34:51.049+05:30  INFO 9931 --- [taskflow] [SpringApplicationShutdownHook] com.zaxxer.hikari.HikariDataSource       : HikariPool-3 - Shutdown completed.
2026-10-10T16:56:13.933+05:30  INFO 11232 --- [taskflow] [main] c.e.t.repository.TaskRepositoryTest      : Starting TaskRepositoryTest using Java 22.0.2 with PID 11232 (started by janidubomal in /Users/janidubomal/Downloads/taskflow)
2026-10-10T16:56:13.935+05:30 DEBUG 11232 --- [taskflow] [main] c.e.t.repository.TaskRepositoryTest      : Running with Spring Boot v4.1.1, Spring v7.0.9
2026-10-10T16:56:13.935+05:30  INFO 11232 --- [taskflow] [main] c.e.t.repository.TaskRepositoryTest      : No active profile set, falling back to 1 default profile: "default"
2026-10-10T16:56:14.092+05:30  INFO 11232 --- [taskflow] [main] .s.d.r.c.RepositoryConfigurationDelegate : Bootstrapping Spring Data JPA repositories in DEFAULT mode.
2026-10-10T16:56:14.115+05:30  INFO 11232 --- [taskflow] [main] .s.d.r.c.RepositoryConfigurationDelegate : Finished Spring Data repository scanning in 18 ms. Found 1 JPA repository interface.
2026-10-10T16:56:14.142+05:30  INFO 11232 --- [taskflow] [main] beddedDataSourceBeanFactoryPostProcessor : Replacing 'dataSource' DataSource bean with embedded version
2026-10-10T16:56:14.181+05:30  INFO 11232 --- [taskflow] [main] o.s.j.d.e.EmbeddedDatabaseFactory        : Starting embedded database: url='jdbc:h2:mem:dc36fe1c-8508-4396-87e9-51a92289f330;DB_CLOSE_DELAY=-1;DB_CLOSE_ON_EXIT=false', username='sa'
2026-10-10T16:56:14.313+05:30  INFO 11232 --- [taskflow] [main] org.hibernate.orm.jpa                    : HHH008540: Processing PersistenceUnitInfo [name: default]
2026-10-10T16:56:14.344+05:30  INFO 11232 --- [taskflow] [main] org.hibernate.orm.core                   : HHH000001: Hibernate ORM core version 7.4.5.Final
2026-10-10T16:56:14.530+05:30  INFO 11232 --- [taskflow] [main] o.s.o.j.p.SpringPersistenceUnitInfo      : No LoadTimeWeaver setup: ignoring JPA class transformer
2026-10-10T16:56:14.569+05:30  INFO 11232 --- [taskflow] [main] org.hibernate.orm.connections.pooling    : HHH10001005: Database info:
	Database JDBC URL [jdbc:h2:mem:dc36fe1c-8508-4396-87e9-51a92289f330]
	Database driver: H2 JDBC Driver
	Database dialect: H2Dialect
	Database version: 2.4.240
	Default catalog/schema: DC36FE1C-8508-4396-87E9-51A92289F330/PUBLIC
	Autocommit mode: undefined/unknown
	Isolation level: READ_COMMITTED [default READ_COMMITTED]
	JDBC fetch size: 100
	Pool: DataSourceConnectionProvider
	Minimum pool size: undefined/unknown
	Maximum pool size: undefined/unknown
2026-10-10T16:56:14.941+05:30  INFO 11232 --- [taskflow] [main] org.hibernate.orm.core                   : HHH000489: No JTA platform available (set 'hibernate.transaction.jta.platform' to enable JTA platform integration)
2026-10-10T16:56:14.955+05:30  INFO 11232 --- [taskflow] [main] j.LocalContainerEntityManagerFactoryBean : Initialized JPA EntityManagerFactory for persistence unit 'default'
2026-10-10T16:56:15.004+05:30  INFO 11232 --- [taskflow] [main] o.s.d.j.r.query.QueryEnhancerFactories   : Hibernate is in classpath; If applicable, HQL parser will be used.
2026-10-10T16:56:15.084+05:30  INFO 11232 --- [taskflow] [main] c.e.t.repository.TaskRepositoryTest      : Started TaskRepositoryTest in 1.349 seconds (process running for 1.895)
2026-10-10T16:56:15.753+05:30  INFO 11232 --- [taskflow] [main] org.testcontainers.images.PullPolicy     : Image pull policy will be performed by: DefaultPullPolicy()
2026-10-10T16:56:15.755+05:30  INFO 11232 --- [taskflow] [main] o.t.utility.ImageNameSubstitutor         : Image name substitution will be performed by: DefaultImageNameSubstitutor (composite of 'ConfigurationFileImageNameSubstitutor' and 'PrefixingImageNameSubstitutor')
2026-10-10T16:56:15.760+05:30  INFO 11232 --- [taskflow] [main] org.testcontainers.DockerClientFactory   : Testcontainers version: 2.0.5
2026-10-10T16:56:15.873+05:30  INFO 11232 --- [taskflow] [main] o.t.d.DockerClientProviderStrategy       : Loaded org.testcontainers.dockerclient.UnixSocketClientProviderStrategy from ~/.testcontainers.properties, will try it first
2026-10-10T16:56:16.108+05:30  INFO 11232 --- [taskflow] [main] o.t.d.DockerClientProviderStrategy       : Found Docker environment with local Unix socket (unix:///var/run/docker.sock)
2026-10-10T16:56:16.108+05:30  INFO 11232 --- [taskflow] [main] org.testcontainers.DockerClientFactory   : Docker host IP address is localhost
2026-10-10T16:56:16.130+05:30  INFO 11232 --- [taskflow] [main] org.testcontainers.DockerClientFactory   : Connected to docker: 
  Server Version: 27.4.0
  API Version: 1.47
  Operating System: Docker Desktop
  Total Memory: 3919 MB
  Labels: 
    com.docker.desktop.address=unix:///Users/janidubomal/Library/Containers/com.docker.docker/Data/docker-cli.sock
2026-10-10T16:56:16.153+05:30  INFO 11232 --- [taskflow] [main] tc.testcontainers/ryuk:0.14.0            : Creating container for image: testcontainers/ryuk:0.14.0
2026-10-10T16:56:16.370+05:30  INFO 11232 --- [taskflow] [main] tc.testcontainers/ryuk:0.14.0            : Container testcontainers/ryuk:0.14.0 is starting: 34c71b6828f1f76687601fa2412647375d245857edb2ca203a525a9719e655f2
2026-10-10T16:56:16.720+05:30  INFO 11232 --- [taskflow] [main] tc.testcontainers/ryuk:0.14.0            : Container testcontainers/ryuk:0.14.0 started in PT0.567288S
2026-10-10T16:56:16.743+05:30  INFO 11232 --- [taskflow] [main] o.t.utility.RyukResourceReaper           : Ryuk started - will monitor and terminate Testcontainers containers on JVM exit
2026-10-10T16:56:16.743+05:30  INFO 11232 --- [taskflow] [main] org.testcontainers.DockerClientFactory   : Checking the system...
2026-10-10T16:56:16.744+05:30  INFO 11232 --- [taskflow] [main] org.testcontainers.DockerClientFactory   : ✔︎ Docker server version should be at least 1.6.0
2026-10-10T16:56:16.746+05:30  INFO 11232 --- [taskflow] [main] tc.postgres:16-alpine                    : Creating container for image: postgres:16-alpine
2026-10-10T16:56:16.778+05:30  INFO 11232 --- [taskflow] [main] tc.postgres:16-alpine                    : Container postgres:16-alpine is starting: ae87a3d16148567727b72a42e162d93a2d00365c53eb59f2157071bcd944ef6f
2026-10-10T16:56:17.794+05:30  INFO 11232 --- [taskflow] [main] tc.postgres:16-alpine                    : Container postgres:16-alpine started in PT1.047285S
2026-10-10T16:56:17.801+05:30  INFO 11232 --- [taskflow] [main] tc.postgres:16-alpine                    : Container is started (JDBC URL: jdbc:postgresql://localhost:52141/test?loggerLevel=OFF)
2026-10-10T16:56:17.816+05:30  INFO 11232 --- [taskflow] [main] t.c.s.AnnotationConfigContextLoaderUtils : Could not detect default configuration classes for test class [com.example.taskflow.integration.TaskRepositoryPostgresIntegrationTest]: TaskRepositoryPostgresIntegrationTest does not declare any static, non-private, non-final, nested classes annotated with @Configuration.
2026-10-10T16:56:17.840+05:30  INFO 11232 --- [taskflow] [main] .b.t.c.SpringBootTestContextBootstrapper : Found @SpringBootConfiguration com.example.taskflow.TaskflowApplication for test class com.example.taskflow.integration.TaskRepositoryPostgresIntegrationTest
2026-10-10T16:56:17.843+05:30  INFO 11232 --- [taskflow] [main] t.c.s.AnnotationConfigContextLoaderUtils : Could not detect default configuration classes for test class [com.example.taskflow.integration.TaskRepositoryPostgresIntegrationTest]: TaskRepositoryPostgresIntegrationTest does not declare any static, non-private, non-final, nested classes annotated with @Configuration.
2026-10-10T16:56:17.847+05:30  INFO 11232 --- [taskflow] [main] .b.t.c.SpringBootTestContextBootstrapper : Found @SpringBootConfiguration com.example.taskflow.TaskflowApplication for test class com.example.taskflow.integration.TaskRepositoryPostgresIntegrationTest
2026-10-10T16:56:17.867+05:30  INFO 11232 --- [taskflow] [main] o.s.b.d.r.RestartApplicationListener     : Restart disabled due to context in which it is running
2026-10-10T16:56:17.900+05:30  INFO 11232 --- [taskflow] [main] .i.TaskRepositoryPostgresIntegrationTest : Starting TaskRepositoryPostgresIntegrationTest using Java 22.0.2 with PID 11232 (started by janidubomal in /Users/janidubomal/Downloads/taskflow)
2026-10-10T16:56:17.900+05:30 DEBUG 11232 --- [taskflow] [main] .i.TaskRepositoryPostgresIntegrationTest : Running with Spring Boot v4.1.1, Spring v7.0.9
2026-10-10T16:56:17.900+05:30  INFO 11232 --- [taskflow] [main] .i.TaskRepositoryPostgresIntegrationTest : No active profile set, falling back to 1 default profile: "default"
2026-10-10T16:56:18.108+05:30  INFO 11232 --- [taskflow] [main] .s.d.r.c.RepositoryConfigurationDelegate : Bootstrapping Spring Data JPA repositories in DEFAULT mode.
2026-10-10T16:56:18.117+05:30  INFO 11232 --- [taskflow] [main] .s.d.r.c.RepositoryConfigurationDelegate : Finished Spring Data repository scanning in 3 ms. Found 1 JPA repository interface.
2026-10-10T16:56:18.439+05:30  INFO 11232 --- [taskflow] [main] org.flywaydb.core.FlywayExecutor         : Database: jdbc:postgresql://localhost:52141/test?loggerLevel=OFF (PostgreSQL 16.15)
2026-10-10T16:56:18.471+05:30  INFO 11232 --- [taskflow] [main] o.f.c.i.s.JdbcTableSchemaHistory         : Schema history table "public"."flyway_schema_history" does not exist yet
2026-10-10T16:56:18.473+05:30  INFO 11232 --- [taskflow] [main] o.f.core.internal.command.DbValidate     : Successfully validated 2 migrations (execution time 00:00.008s)
2026-10-10T16:56:18.485+05:30  INFO 11232 --- [taskflow] [main] o.f.c.i.s.JdbcTableSchemaHistory         : Creating Schema History table "public"."flyway_schema_history" ...
2026-10-10T16:56:18.530+05:30  INFO 11232 --- [taskflow] [main] o.f.core.internal.command.DbMigrate      : Current version of schema "public": << Empty Schema >>
2026-10-10T16:56:18.533+05:30  INFO 11232 --- [taskflow] [main] o.f.core.internal.command.DbMigrate      : Migrating schema "public" to version "1 - create tasks table"
2026-10-10T16:56:18.546+05:30  INFO 11232 --- [taskflow] [main] o.f.core.internal.command.DbMigrate      : Migrating schema "public" to version "2 - add priority to tasks"
2026-10-10T16:56:18.553+05:30  INFO 11232 --- [taskflow] [main] o.f.core.internal.command.DbMigrate      : Successfully applied 2 migrations to schema "public", now at version v2 (execution time 00:00.006s)
2026-10-10T16:56:18.567+05:30  INFO 11232 --- [taskflow] [main] org.hibernate.orm.jpa                    : HHH008540: Processing PersistenceUnitInfo [name: default]
2026-10-10T16:56:18.577+05:30  INFO 11232 --- [taskflow] [main] o.s.o.j.p.SpringPersistenceUnitInfo      : No LoadTimeWeaver setup: ignoring JPA class transformer
2026-10-10T16:56:18.578+05:30  INFO 11232 --- [taskflow] [main] com.zaxxer.hikari.HikariDataSource       : HikariPool-1 - Starting...
2026-10-10T16:56:18.599+05:30  INFO 11232 --- [taskflow] [main] com.zaxxer.hikari.pool.HikariPool        : HikariPool-1 - Added connection org.postgresql.jdbc.PgConnection@37ca8b4c
2026-10-10T16:56:18.600+05:30  INFO 11232 --- [taskflow] [main] com.zaxxer.hikari.HikariDataSource       : HikariPool-1 - Start completed.
2026-10-10T16:56:18.614+05:30  INFO 11232 --- [taskflow] [main] org.hibernate.orm.connections.pooling    : HHH10001005: Database info:
	Database JDBC URL [jdbc:postgresql://localhost:52141/test?loggerLevel=OFF]
	Database driver: PostgreSQL JDBC Driver
	Database dialect: PostgreSQLDialect
	Database version: 16.15
	Default catalog/schema: test/public
	Autocommit mode: undefined/unknown
	Isolation level: READ_COMMITTED [default READ_COMMITTED]
	JDBC fetch size: none
	Pool: DataSourceConnectionProvider
	Minimum pool size: undefined/unknown
	Maximum pool size: undefined/unknown
2026-10-10T16:56:18.641+05:30  INFO 11232 --- [taskflow] [main] org.hibernate.orm.core                   : HHH000489: No JTA platform available (set 'hibernate.transaction.jta.platform' to enable JTA platform integration)
2026-10-10T16:56:18.663+05:30  INFO 11232 --- [taskflow] [main] j.LocalContainerEntityManagerFactoryBean : Initialized JPA EntityManagerFactory for persistence unit 'default'
2026-10-10T16:56:18.728+05:30  WARN 11232 --- [taskflow] [main] JpaBaseConfiguration$JpaWebConfiguration : spring.jpa.open-in-view is enabled by default. Therefore, database queries may be performed during view rendering. Explicitly configure spring.jpa.open-in-view to disable this warning
2026-10-10T16:56:18.933+05:30  INFO 11232 --- [taskflow] [main] o.s.b.a.e.web.EndpointLinksResolver      : Exposing 4 endpoints beneath base path '/actuator'
2026-10-10T16:56:18.959+05:30  INFO 11232 --- [taskflow] [main] .i.TaskRepositoryPostgresIntegrationTest : Started TaskRepositoryPostgresIntegrationTest in 1.093 seconds (process running for 5.77)
2026-10-10T16:56:19.322+05:30  INFO 11232 --- [taskflow] [main] tc.postgres:16-alpine                    : Creating container for image: postgres:16-alpine
2026-10-10T16:56:19.367+05:30  INFO 11232 --- [taskflow] [main] tc.postgres:16-alpine                    : Container postgres:16-alpine is starting: 656ac85b65a8962f9f174c2474f49518197c78ba8b4ed2e298d2a4fa0d281776
2026-10-10T16:56:20.333+05:30  INFO 11232 --- [taskflow] [main] tc.postgres:16-alpine                    : Container postgres:16-alpine started in PT1.0107S
2026-10-10T16:56:20.334+05:30  INFO 11232 --- [taskflow] [main] tc.postgres:16-alpine                    : Container is started (JDBC URL: jdbc:postgresql://localhost:52155/test?loggerLevel=OFF)
2026-10-10T16:56:20.342+05:30  INFO 11232 --- [taskflow] [main] t.c.s.AnnotationConfigContextLoaderUtils : Could not detect default configuration classes for test class [com.example.taskflow.integration.TaskApiIntegrationTest]: TaskApiIntegrationTest does not declare any static, non-private, non-final, nested classes annotated with @Configuration.
2026-10-10T16:56:20.370+05:30  INFO 11232 --- [taskflow] [main] .b.t.c.SpringBootTestContextBootstrapper : Found @SpringBootConfiguration com.example.taskflow.TaskflowApplication for test class com.example.taskflow.integration.TaskApiIntegrationTest
2026-10-10T16:56:20.374+05:30  INFO 11232 --- [taskflow] [main] t.c.s.AnnotationConfigContextLoaderUtils : Could not detect default configuration classes for test class [com.example.taskflow.integration.TaskApiIntegrationTest]: TaskApiIntegrationTest does not declare any static, non-private, non-final, nested classes annotated with @Configuration.
2026-10-10T16:56:20.382+05:30  INFO 11232 --- [taskflow] [main] .b.t.c.SpringBootTestContextBootstrapper : Found @SpringBootConfiguration com.example.taskflow.TaskflowApplication for test class com.example.taskflow.integration.TaskApiIntegrationTest
2026-10-10T16:56:20.402+05:30  INFO 11232 --- [taskflow] [main] o.s.b.d.r.RestartApplicationListener     : Restart disabled due to context in which it is running
2026-10-10T16:56:20.416+05:30  INFO 11232 --- [taskflow] [main] c.e.t.i.TaskApiIntegrationTest           : Starting TaskApiIntegrationTest using Java 22.0.2 with PID 11232 (started by janidubomal in /Users/janidubomal/Downloads/taskflow)
2026-10-10T16:56:20.416+05:30 DEBUG 11232 --- [taskflow] [main] c.e.t.i.TaskApiIntegrationTest           : Running with Spring Boot v4.1.1, Spring v7.0.9
2026-10-10T16:56:20.417+05:30  INFO 11232 --- [taskflow] [main] c.e.t.i.TaskApiIntegrationTest           : No active profile set, falling back to 1 default profile: "default"
2026-10-10T16:56:20.512+05:30  INFO 11232 --- [taskflow] [main] .s.d.r.c.RepositoryConfigurationDelegate : Bootstrapping Spring Data JPA repositories in DEFAULT mode.
2026-10-10T16:56:20.516+05:30  INFO 11232 --- [taskflow] [main] .s.d.r.c.RepositoryConfigurationDelegate : Finished Spring Data repository scanning in 2 ms. Found 1 JPA repository interface.
2026-10-10T16:56:20.603+05:30  INFO 11232 --- [taskflow] [main] org.flywaydb.core.FlywayExecutor         : Database: jdbc:postgresql://localhost:52155/test?loggerLevel=OFF (PostgreSQL 16.15)
2026-10-10T16:56:20.619+05:30  INFO 11232 --- [taskflow] [main] o.f.c.i.s.JdbcTableSchemaHistory         : Schema history table "public"."flyway_schema_history" does not exist yet
2026-10-10T16:56:20.620+05:30  INFO 11232 --- [taskflow] [main] o.f.core.internal.command.DbValidate     : Successfully validated 2 migrations (execution time 00:00.002s)
2026-10-10T16:56:20.626+05:30  INFO 11232 --- [taskflow] [main] o.f.c.i.s.JdbcTableSchemaHistory         : Creating Schema History table "public"."flyway_schema_history" ...
2026-10-10T16:56:20.642+05:30  INFO 11232 --- [taskflow] [main] o.f.core.internal.command.DbMigrate      : Current version of schema "public": << Empty Schema >>
2026-10-10T16:56:20.644+05:30  INFO 11232 --- [taskflow] [main] o.f.core.internal.command.DbMigrate      : Migrating schema "public" to version "1 - create tasks table"
2026-10-10T16:56:20.653+05:30  INFO 11232 --- [taskflow] [main] o.f.core.internal.command.DbMigrate      : Migrating schema "public" to version "2 - add priority to tasks"
2026-10-10T16:56:20.659+05:30  INFO 11232 --- [taskflow] [main] o.f.core.internal.command.DbMigrate      : Successfully applied 2 migrations to schema "public", now at version v2 (execution time 00:00.005s)
2026-10-10T16:56:20.666+05:30  INFO 11232 --- [taskflow] [main] org.hibernate.orm.jpa                    : HHH008540: Processing PersistenceUnitInfo [name: default]
2026-10-10T16:56:20.678+05:30  INFO 11232 --- [taskflow] [main] o.s.o.j.p.SpringPersistenceUnitInfo      : No LoadTimeWeaver setup: ignoring JPA class transformer
2026-10-10T16:56:20.679+05:30  INFO 11232 --- [taskflow] [main] com.zaxxer.hikari.HikariDataSource       : HikariPool-2 - Starting...
2026-10-10T16:56:20.688+05:30  INFO 11232 --- [taskflow] [main] com.zaxxer.hikari.pool.HikariPool        : HikariPool-2 - Added connection org.postgresql.jdbc.PgConnection@506e35b9
2026-10-10T16:56:20.688+05:30  INFO 11232 --- [taskflow] [main] com.zaxxer.hikari.HikariDataSource       : HikariPool-2 - Start completed.
2026-10-10T16:56:20.693+05:30  INFO 11232 --- [taskflow] [main] org.hibernate.orm.connections.pooling    : HHH10001005: Database info:
	Database JDBC URL [jdbc:postgresql://localhost:52155/test?loggerLevel=OFF]
	Database driver: PostgreSQL JDBC Driver
	Database dialect: PostgreSQLDialect
	Database version: 16.15
	Default catalog/schema: test/public
	Autocommit mode: undefined/unknown
	Isolation level: READ_COMMITTED [default READ_COMMITTED]
	JDBC fetch size: none
	Pool: DataSourceConnectionProvider
	Minimum pool size: undefined/unknown
	Maximum pool size: undefined/unknown
2026-10-10T16:56:20.715+05:30  INFO 11232 --- [taskflow] [main] org.hibernate.orm.core                   : HHH000489: No JTA platform available (set 'hibernate.transaction.jta.platform' to enable JTA platform integration)
2026-10-10T16:56:20.726+05:30  INFO 11232 --- [taskflow] [main] j.LocalContainerEntityManagerFactoryBean : Initialized JPA EntityManagerFactory for persistence unit 'default'
2026-10-10T16:56:20.755+05:30  WARN 11232 --- [taskflow] [main] JpaBaseConfiguration$JpaWebConfiguration : spring.jpa.open-in-view is enabled by default. Therefore, database queries may be performed during view rendering. Explicitly configure spring.jpa.open-in-view to disable this warning
2026-10-10T16:56:20.810+05:30  INFO 11232 --- [taskflow] [main] o.s.b.t.m.w.SpringBootMockServletContext : Initializing Spring TestDispatcherServlet ''
2026-10-10T16:56:20.810+05:30  INFO 11232 --- [taskflow] [main] o.s.t.web.servlet.TestDispatcherServlet  : Initializing Servlet ''
2026-10-10T16:56:20.811+05:30  INFO 11232 --- [taskflow] [main] o.s.b.a.e.web.EndpointLinksResolver      : Exposing 4 endpoints beneath base path '/actuator'
2026-10-10T16:56:20.818+05:30  INFO 11232 --- [taskflow] [main] o.s.t.web.servlet.TestDispatcherServlet  : Completed initialization in 8 ms
2026-10-10T16:56:20.825+05:30  INFO 11232 --- [taskflow] [main] c.e.t.i.TaskApiIntegrationTest           : Started TaskApiIntegrationTest in 0.424 seconds (process running for 7.637)
2026-10-10T16:56:20.877+05:30  INFO 11232 --- [taskflow] [main] c.example.taskflow.services.TaskService  : Creating task with title: Learn Spring Boot
2026-10-10T16:56:20.880+05:30  INFO 11232 --- [taskflow] [main] c.example.taskflow.services.TaskService  : Task created successfully with id: 1
2026-10-10T16:56:20.892+05:30  INFO 11232 --- [taskflow] [main] c.example.taskflow.services.TaskService  : Creating task with title: Learn Docker
2026-10-10T16:56:20.894+05:30  INFO 11232 --- [taskflow] [main] c.example.taskflow.services.TaskService  : Task created successfully with id: 2
2026-10-10T16:56:20.925+05:30 DEBUG 11232 --- [taskflow] [main] c.example.taskflow.services.TaskService  : Finding task with id: 999
2026-10-10T16:56:20.927+05:30  WARN 11232 --- [taskflow] [main] c.example.taskflow.services.TaskService  : Task not found with id: 999
2026-10-10T16:56:20.936+05:30  INFO 11232 --- [taskflow] [main] c.example.taskflow.services.TaskService  : Creating task with title: Learn Testcontainers
2026-10-10T16:56:20.938+05:30  INFO 11232 --- [taskflow] [main] c.example.taskflow.services.TaskService  : Task created successfully with id: 3
2026-10-10T16:56:20.952+05:30  WARN 11232 --- [taskflow] [main] .w.s.m.s.DefaultHandlerExceptionResolver : Resolved [org.springframework.web.bind.MethodArgumentNotValidException: Validation failed for argument [0] in public org.springframework.http.ResponseEntity<com.example.taskflow.model.Task> com.example.taskflow.controller.TaskController.createTask(com.example.taskflow.dto.request.CreateTaskRequest) with 2 errors: [Field error in object 'createTaskRequest' on field 'title': rejected value []; codes [NotBlank.createTaskRequest.title,NotBlank.title,NotBlank.java.lang.String,NotBlank]; arguments [org.springframework.context.support.DefaultMessageSourceResolvable: codes [createTaskRequest.title,title]; arguments []; default message [title]]; default message [Title is required]] [Field error in object 'createTaskRequest' on field 'priority': rejected value [10]; codes [Max.createTaskRequest.priority,Max.priority,Max.java.lang.Integer,Max]; arguments [org.springframework.context.support.DefaultMessageSourceResolvable: codes [createTaskRequest.priority,priority]; arguments []; default message [priority],5]; default message [must be less than or equal to 5]] ]
2026-10-10T16:56:20.962+05:30  INFO 11232 --- [taskflow] [main] c.example.taskflow.services.TaskService  : Creating task with title: Learn Integration Testing
2026-10-10T16:56:20.964+05:30  INFO 11232 --- [taskflow] [main] c.example.taskflow.services.TaskService  : Task created successfully with id: 4
2026-10-10T16:56:20.972+05:30  INFO 11232 --- [taskflow] [main] c.example.taskflow.services.TaskService  : Creating task with title: Delete this task
2026-10-10T16:56:20.973+05:30  INFO 11232 --- [taskflow] [main] c.example.taskflow.services.TaskService  : Task created successfully with id: 5
2026-10-10T16:56:20.986+05:30  INFO 11232 --- [taskflow] [main] c.example.taskflow.services.TaskService  : Creating task with title: Finish Spring Testing
2026-10-10T16:56:20.987+05:30  INFO 11232 --- [taskflow] [main] c.example.taskflow.services.TaskService  : Task created successfully with id: 6
2026-10-10T16:56:20.990+05:30 DEBUG 11232 --- [taskflow] [main] c.example.taskflow.services.TaskService  : Finding task with id: 6
2026-10-10T16:56:21.157+05:30  INFO 11232 --- [taskflow] [main] t.c.s.AnnotationConfigContextLoaderUtils : Could not detect default configuration classes for test class [com.example.taskflow.TaskflowApplicationTests]: TaskflowApplicationTests does not declare any static, non-private, non-final, nested classes annotated with @Configuration.
2026-10-10T16:56:21.163+05:30  INFO 11232 --- [taskflow] [main] .b.t.c.SpringBootTestContextBootstrapper : Found @SpringBootConfiguration com.example.taskflow.TaskflowApplication for test class com.example.taskflow.TaskflowApplicationTests
2026-10-10T16:56:21.164+05:30  INFO 11232 --- [taskflow] [main] t.c.s.AnnotationConfigContextLoaderUtils : Could not detect default configuration classes for test class [com.example.taskflow.TaskflowApplicationTests]: TaskflowApplicationTests does not declare any static, non-private, non-final, nested classes annotated with @Configuration.
2026-10-10T16:56:21.166+05:30  INFO 11232 --- [taskflow] [main] .b.t.c.SpringBootTestContextBootstrapper : Found @SpringBootConfiguration com.example.taskflow.TaskflowApplication for test class com.example.taskflow.TaskflowApplicationTests
2026-10-10T16:56:21.183+05:30  INFO 11232 --- [taskflow] [main] o.s.b.d.r.RestartApplicationListener     : Restart disabled due to context in which it is running
2026-10-10T16:56:21.194+05:30  INFO 11232 --- [taskflow] [main] c.e.taskflow.TaskflowApplicationTests    : Starting TaskflowApplicationTests using Java 22.0.2 with PID 11232 (started by janidubomal in /Users/janidubomal/Downloads/taskflow)
2026-10-10T16:56:21.194+05:30 DEBUG 11232 --- [taskflow] [main] c.e.taskflow.TaskflowApplicationTests    : Running with Spring Boot v4.1.1, Spring v7.0.9
2026-10-10T16:56:21.195+05:30  INFO 11232 --- [taskflow] [main] c.e.taskflow.TaskflowApplicationTests    : No active profile set, falling back to 1 default profile: "default"
2026-10-10T16:56:21.320+05:30  INFO 11232 --- [taskflow] [main] .s.d.r.c.RepositoryConfigurationDelegate : Bootstrapping Spring Data JPA repositories in DEFAULT mode.
2026-10-10T16:56:21.323+05:30  INFO 11232 --- [taskflow] [main] .s.d.r.c.RepositoryConfigurationDelegate : Finished Spring Data repository scanning in 2 ms. Found 1 JPA repository interface.
2026-10-10T16:56:21.360+05:30  INFO 11232 --- [taskflow] [main] com.zaxxer.hikari.HikariDataSource       : HikariPool-3 - Starting...
2026-10-10T16:56:22.406+05:30  WARN 11232 --- [taskflow] [main] o.s.w.c.s.GenericWebApplicationContext   : Exception encountered during context initialization - cancelling refresh attempt: org.springframework.beans.factory.BeanCreationException: Error creating bean with name 'entityManagerFactory' defined in class path resource [org/springframework/boot/hibernate/autoconfigure/HibernateJpaConfiguration.class]: Failed to initialize dependency 'flywayInitializer' of LoadTimeWeaverAware bean 'entityManagerFactory': Error creating bean with name 'flywayInitializer' defined in class path resource [org/springframework/boot/flyway/autoconfigure/FlywayAutoConfiguration$FlywayConfiguration.class]: Unable to obtain connection from database: FATAL: password authentication failed for user "janidubomal"
-------------------------------------------------------------------------------------------------------
SQL State  : 28P01
Error Code : 0
Message    : FATAL: password authentication failed for user "janidubomal"

2026-10-10T16:56:22.434+05:30  INFO 11232 --- [taskflow] [main] .s.b.a.l.ConditionEvaluationReportLogger : 

Error starting ApplicationContext. To display the condition evaluation report re-run your application with 'debug' enabled.
2026-10-10T16:56:22.455+05:30 ERROR 11232 --- [taskflow] [main] o.s.boot.SpringApplication               : Application run failed

org.springframework.beans.factory.BeanCreationException: Error creating bean with name 'entityManagerFactory' defined in class path resource [org/springframework/boot/hibernate/autoconfigure/HibernateJpaConfiguration.class]: Failed to initialize dependency 'flywayInitializer' of LoadTimeWeaverAware bean 'entityManagerFactory': Error creating bean with name 'flywayInitializer' defined in class path resource [org/springframework/boot/flyway/autoconfigure/FlywayAutoConfiguration$FlywayConfiguration.class]: Unable to obtain connection from database: FATAL: password authentication failed for user "janidubomal"
-------------------------------------------------------------------------------------------------------
SQL State  : 28P01
Error Code : 0
Message    : FATAL: password authentication failed for user "janidubomal"

	at org.springframework.beans.factory.support.AbstractBeanFactory.doGetBean(AbstractBeanFactory.java:322) ~[spring-beans-7.0.9.jar:7.0.9]
	at org.springframework.beans.factory.support.AbstractBeanFactory.getBean(AbstractBeanFactory.java:201) ~[spring-beans-7.0.9.jar:7.0.9]
	at org.springframework.context.support.AbstractApplicationContext.finishBeanFactoryInitialization(AbstractApplicationContext.java:977) ~[spring-context-7.0.9.jar:7.0.9]
	at org.springframework.context.support.AbstractApplicationContext.refresh(AbstractApplicationContext.java:621) ~[spring-context-7.0.9.jar:7.0.9]
	at org.springframework.boot.SpringApplication.refresh(SpringApplication.java:756) ~[spring-boot-4.1.1.jar:4.1.1]
	at org.springframework.boot.SpringApplication.refreshContext(SpringApplication.java:445) ~[spring-boot-4.1.1.jar:4.1.1]
	at org.springframework.boot.SpringApplication.run(SpringApplication.java:321) ~[spring-boot-4.1.1.jar:4.1.1]
	at org.springframework.boot.test.context.SpringBootContextLoader.lambda$loadContext$2(SpringBootContextLoader.java:155) ~[spring-boot-test-4.1.1.jar:4.1.1]
	at org.springframework.util.function.ThrowingSupplier.get(ThrowingSupplier.java:58) ~[spring-core-7.0.9.jar:7.0.9]
	at org.springframework.util.function.ThrowingSupplier.get(ThrowingSupplier.java:46) ~[spring-core-7.0.9.jar:7.0.9]
	at org.springframework.boot.SpringApplication.withHook(SpringApplication.java:1465) ~[spring-boot-4.1.1.jar:4.1.1]
	at org.springframework.boot.test.context.SpringBootContextLoader$ContextLoaderHook.run(SpringBootContextLoader.java:600) ~[spring-boot-test-4.1.1.jar:4.1.1]
	at org.springframework.boot.test.context.SpringBootContextLoader.loadContext(SpringBootContextLoader.java:155) ~[spring-boot-test-4.1.1.jar:4.1.1]
	at org.springframework.boot.test.context.SpringBootContextLoader.loadContext(SpringBootContextLoader.java:114) ~[spring-boot-test-4.1.1.jar:4.1.1]
	at org.springframework.test.context.cache.DefaultCacheAwareContextLoaderDelegate.loadContextInternal(DefaultCacheAwareContextLoaderDelegate.java:247) ~[spring-test-7.0.9.jar:7.0.9]
	at org.springframework.test.context.cache.DefaultCacheAwareContextLoaderDelegate.lambda$loadContext$0(DefaultCacheAwareContextLoaderDelegate.java:167) ~[spring-test-7.0.9.jar:7.0.9]
	at org.springframework.test.context.cache.DefaultContextCache.put(DefaultContextCache.java:214) ~[spring-test-7.0.9.jar:7.0.9]
	at org.springframework.test.context.cache.DefaultCacheAwareContextLoaderDelegate.loadContext(DefaultCacheAwareContextLoaderDelegate.java:160) ~[spring-test-7.0.9.jar:7.0.9]
	at org.springframework.test.context.support.DefaultTestContext.getApplicationContext(DefaultTestContext.java:128) ~[spring-test-7.0.9.jar:7.0.9]
	at org.springframework.test.context.web.ServletTestExecutionListener.setUpRequestContextIfNecessary(ServletTestExecutionListener.java:200) ~[spring-test-7.0.9.jar:7.0.9]
	at org.springframework.test.context.web.ServletTestExecutionListener.prepareTestInstance(ServletTestExecutionListener.java:139) ~[spring-test-7.0.9.jar:7.0.9]
	at org.springframework.test.context.TestContextManager.prepareTestInstance(TestContextManager.java:260) ~[spring-test-7.0.9.jar:7.0.9]
	at org.springframework.test.context.junit.jupiter.SpringExtension.postProcessTestInstance(SpringExtension.java:242) ~[spring-test-7.0.9.jar:7.0.9]
	at org.junit.jupiter.engine.descriptor.ClassBasedTestDescriptor.lambda$invokeTestInstancePostProcessors$1(ClassBasedTestDescriptor.java:423) ~[junit-jupiter-engine-6.0.3.jar:6.0.3]
	at org.junit.jupiter.engine.descriptor.ClassBasedTestDescriptor.executeAndMaskThrowable(ClassBasedTestDescriptor.java:428) ~[junit-jupiter-engine-6.0.3.jar:6.0.3]
	at org.junit.jupiter.engine.descriptor.ClassBasedTestDescriptor.lambda$invokeTestInstancePostProcessors$0(ClassBasedTestDescriptor.java:422) ~[junit-jupiter-engine-6.0.3.jar:6.0.3]
	at java.base/java.util.stream.ForEachOps$ForEachOp$OfRef.accept(ForEachOps.java:184) ~[na:na]
	at java.base/java.util.stream.ReferencePipeline$3$1.accept(ReferencePipeline.java:212) ~[na:na]
	at java.base/java.util.stream.ReferencePipeline$2$1.accept(ReferencePipeline.java:194) ~[na:na]
	at java.base/java.util.stream.ReferencePipeline$3$1.accept(ReferencePipeline.java:212) ~[na:na]
	at java.base/java.util.ArrayList$ArrayListSpliterator.forEachRemaining(ArrayList.java:1709) ~[na:na]
	at java.base/java.util.stream.AbstractPipeline.copyInto(AbstractPipeline.java:556) ~[na:na]
	at java.base/java.util.stream.AbstractPipeline.wrapAndCopyInto(AbstractPipeline.java:546) ~[na:na]
	at java.base/java.util.stream.ForEachOps$ForEachOp.evaluateSequential(ForEachOps.java:151) ~[na:na]
	at java.base/java.util.stream.ForEachOps$ForEachOp$OfRef.evaluateSequential(ForEachOps.java:174) ~[na:na]
	at java.base/java.util.stream.AbstractPipeline.evaluate(AbstractPipeline.java:265) ~[na:na]
	at java.base/java.util.stream.ReferencePipeline.forEach(ReferencePipeline.java:611) ~[na:na]
	at org.junit.jupiter.engine.descriptor.ClassBasedTestDescriptor.invokeTestInstancePostProcessors(ClassBasedTestDescriptor.java:422) ~[junit-jupiter-engine-6.0.3.jar:6.0.3]
	at org.junit.jupiter.engine.descriptor.ClassBasedTestDescriptor.lambda$instantiateAndPostProcessTestInstance$0(ClassBasedTestDescriptor.java:334) ~[junit-jupiter-engine-6.0.3.jar:6.0.3]
	at org.junit.platform.engine.support.hierarchical.ThrowableCollector.execute(ThrowableCollector.java:74) ~[junit-platform-engine-6.0.3.jar:6.0.3]
	at org.junit.jupiter.engine.descriptor.ClassBasedTestDescriptor.instantiateAndPostProcessTestInstance(ClassBasedTestDescriptor.java:333) ~[junit-jupiter-engine-6.0.3.jar:6.0.3]
	at org.junit.jupiter.engine.descriptor.ClassBasedTestDescriptor.lambda$testInstancesProvider$1(ClassBasedTestDescriptor.java:322) ~[junit-jupiter-engine-6.0.3.jar:6.0.3]
	at java.base/java.util.Optional.orElseGet(Optional.java:364) ~[na:na]
	at org.junit.jupiter.engine.descriptor.ClassBasedTestDescriptor.lambda$testInstancesProvider$0(ClassBasedTestDescriptor.java:321) ~[junit-jupiter-engine-6.0.3.jar:6.0.3]
	at org.junit.jupiter.engine.execution.TestInstancesProvider.getTestInstances(TestInstancesProvider.java:27) ~[junit-jupiter-engine-6.0.3.jar:6.0.3]
	at org.junit.jupiter.engine.descriptor.TestMethodTestDescriptor.lambda$prepare$0(TestMethodTestDescriptor.java:127) ~[junit-jupiter-engine-6.0.3.jar:6.0.3]
	at org.junit.platform.engine.support.hierarchical.ThrowableCollector.execute(ThrowableCollector.java:74) ~[junit-platform-engine-6.0.3.jar:6.0.3]
	at org.junit.jupiter.engine.descriptor.TestMethodTestDescriptor.prepare(TestMethodTestDescriptor.java:126) ~[junit-jupiter-engine-6.0.3.jar:6.0.3]
	at org.junit.jupiter.engine.descriptor.TestMethodTestDescriptor.prepare(TestMethodTestDescriptor.java:70) ~[junit-jupiter-engine-6.0.3.jar:6.0.3]
	at org.junit.platform.engine.support.hierarchical.NodeTestTask.lambda$prepare$0(NodeTestTask.java:144) ~[junit-platform-engine-6.0.3.jar:6.0.3]
	at org.junit.platform.engine.support.hierarchical.ThrowableCollector.execute(ThrowableCollector.java:74) ~[junit-platform-engine-6.0.3.jar:6.0.3]
	at org.junit.platform.engine.support.hierarchical.NodeTestTask.prepare(NodeTestTask.java:144) ~[junit-platform-engine-6.0.3.jar:6.0.3]
	at org.junit.platform.engine.support.hierarchical.NodeTestTask.execute(NodeTestTask.java:110) ~[junit-platform-engine-6.0.3.jar:6.0.3]
	at java.base/java.util.ArrayList.forEach(ArrayList.java:1597) ~[na:na]
	at org.junit.platform.engine.support.hierarchical.SameThreadHierarchicalTestExecutorService.invokeAll(SameThreadHierarchicalTestExecutorService.java:42) ~[junit-platform-engine-6.0.3.jar:6.0.3]
	at org.junit.platform.engine.support.hierarchical.NodeTestTask.lambda$executeRecursively$2(NodeTestTask.java:180) ~[junit-platform-engine-6.0.3.jar:6.0.3]
	at org.junit.platform.engine.support.hierarchical.ThrowableCollector.execute(ThrowableCollector.java:74) ~[junit-platform-engine-6.0.3.jar:6.0.3]
	at org.junit.platform.engine.support.hierarchical.NodeTestTask.lambda$executeRecursively$1(NodeTestTask.java:166) ~[junit-platform-engine-6.0.3.jar:6.0.3]
	at org.junit.platform.engine.support.hierarchical.Node.around(Node.java:138) ~[junit-platform-engine-6.0.3.jar:6.0.3]
	at org.junit.platform.engine.support.hierarchical.NodeTestTask.lambda$executeRecursively$0(NodeTestTask.java:164) ~[junit-platform-engine-6.0.3.jar:6.0.3]
	at org.junit.platform.engine.support.hierarchical.ThrowableCollector.execute(ThrowableCollector.java:74) ~[junit-platform-engine-6.0.3.jar:6.0.3]
	at org.junit.platform.engine.support.hierarchical.NodeTestTask.executeRecursively(NodeTestTask.java:163) ~[junit-platform-engine-6.0.3.jar:6.0.3]
	at org.junit.platform.engine.support.hierarchical.NodeTestTask.execute(NodeTestTask.java:116) ~[junit-platform-engine-6.0.3.jar:6.0.3]
	at java.base/java.util.ArrayList.forEach(ArrayList.java:1597) ~[na:na]
	at org.junit.platform.engine.support.hierarchical.SameThreadHierarchicalTestExecutorService.invokeAll(SameThreadHierarchicalTestExecutorService.java:42) ~[junit-platform-engine-6.0.3.jar:6.0.3]
	at org.junit.platform.engine.support.hierarchical.NodeTestTask.lambda$executeRecursively$2(NodeTestTask.java:180) ~[junit-platform-engine-6.0.3.jar:6.0.3]
	at org.junit.platform.engine.support.hierarchical.ThrowableCollector.execute(ThrowableCollector.java:74) ~[junit-platform-engine-6.0.3.jar:6.0.3]
	at org.junit.platform.engine.support.hierarchical.NodeTestTask.lambda$executeRecursively$1(NodeTestTask.java:166) ~[junit-platform-engine-6.0.3.jar:6.0.3]
	at org.junit.platform.engine.support.hierarchical.Node.around(Node.java:138) ~[junit-platform-engine-6.0.3.jar:6.0.3]
	at org.junit.platform.engine.support.hierarchical.NodeTestTask.lambda$executeRecursively$0(NodeTestTask.java:164) ~[junit-platform-engine-6.0.3.jar:6.0.3]
	at org.junit.platform.engine.support.hierarchical.ThrowableCollector.execute(ThrowableCollector.java:74) ~[junit-platform-engine-6.0.3.jar:6.0.3]
	at org.junit.platform.engine.support.hierarchical.NodeTestTask.executeRecursively(NodeTestTask.java:163) ~[junit-platform-engine-6.0.3.jar:6.0.3]
	at org.junit.platform.engine.support.hierarchical.NodeTestTask.execute(NodeTestTask.java:116) ~[junit-platform-engine-6.0.3.jar:6.0.3]
	at org.junit.platform.engine.support.hierarchical.SameThreadHierarchicalTestExecutorService.submit(SameThreadHierarchicalTestExecutorService.java:36) ~[junit-platform-engine-6.0.3.jar:6.0.3]
	at org.junit.platform.engine.support.hierarchical.HierarchicalTestExecutor.execute(HierarchicalTestExecutor.java:52) ~[junit-platform-engine-6.0.3.jar:6.0.3]
	at org.junit.platform.engine.support.hierarchical.HierarchicalTestEngine.execute(HierarchicalTestEngine.java:58) ~[junit-platform-engine-6.0.3.jar:6.0.3]
	at org.junit.platform.launcher.core.EngineExecutionOrchestrator.executeEngine(EngineExecutionOrchestrator.java:246) ~[junit-platform-launcher-6.0.3.jar:6.0.3]
	at org.junit.platform.launcher.core.EngineExecutionOrchestrator.failOrExecuteEngine(EngineExecutionOrchestrator.java:218) ~[junit-platform-launcher-6.0.3.jar:6.0.3]
	at org.junit.platform.launcher.core.EngineExecutionOrchestrator.execute(EngineExecutionOrchestrator.java:179) ~[junit-platform-launcher-6.0.3.jar:6.0.3]
	at org.junit.platform.launcher.core.EngineExecutionOrchestrator.execute(EngineExecutionOrchestrator.java:108) ~[junit-platform-launcher-6.0.3.jar:6.0.3]
	at org.junit.platform.launcher.core.EngineExecutionOrchestrator.lambda$execute$0(EngineExecutionOrchestrator.java:66) ~[junit-platform-launcher-6.0.3.jar:6.0.3]
	at org.junit.platform.launcher.core.EngineExecutionOrchestrator.withInterceptedStreams(EngineExecutionOrchestrator.java:157) ~[junit-platform-launcher-6.0.3.jar:6.0.3]
	at org.junit.platform.launcher.core.EngineExecutionOrchestrator.execute(EngineExecutionOrchestrator.java:65) ~[junit-platform-launcher-6.0.3.jar:6.0.3]
	at org.junit.platform.launcher.core.DefaultLauncher.execute(DefaultLauncher.java:125) ~[junit-platform-launcher-6.0.3.jar:6.0.3]
	at org.junit.platform.launcher.core.DefaultLauncher.execute(DefaultLauncher.java:114) ~[junit-platform-launcher-6.0.3.jar:6.0.3]
	at org.junit.platform.launcher.core.DelegatingLauncher.execute(DelegatingLauncher.java:58) ~[junit-platform-launcher-6.0.3.jar:6.0.3]
	at org.junit.platform.launcher.core.InterceptingLauncher.lambda$execute$2(InterceptingLauncher.java:57) ~[junit-platform-launcher-6.0.3.jar:6.0.3]
	at org.junit.platform.launcher.core.ClasspathAlignmentCheckingLauncherInterceptor.intercept(ClasspathAlignmentCheckingLauncherInterceptor.java:25) ~[junit-platform-launcher-6.0.3.jar:6.0.3]
	at org.junit.platform.launcher.core.InterceptingLauncher.execute(InterceptingLauncher.java:56) ~[junit-platform-launcher-6.0.3.jar:6.0.3]
	at org.junit.platform.launcher.core.DelegatingLauncher.execute(DelegatingLauncher.java:58) ~[junit-platform-launcher-6.0.3.jar:6.0.3]
	at java.base/jdk.internal.reflect.DirectMethodHandleAccessor.invoke(DirectMethodHandleAccessor.java:103) ~[na:na]
	at java.base/java.lang.reflect.Method.invoke(Method.java:580) ~[na:na]
	at org.apache.maven.surefire.api.util.ReflectionUtils.invokeMethodWithArray(ReflectionUtils.java:125) ~[surefire-api-3.5.6.jar:3.5.6]
	at org.apache.maven.surefire.junitplatform.LauncherAdapter.executeWithCancellationToken(LauncherAdapter.java:68) ~[surefire-junit-platform-3.5.6.jar:3.5.6]
	at org.apache.maven.surefire.junitplatform.LauncherAdapter.execute(LauncherAdapter.java:54) ~[surefire-junit-platform-3.5.6.jar:3.5.6]
	at org.apache.maven.surefire.junitplatform.JUnitPlatformProvider.execute(JUnitPlatformProvider.java:203) ~[surefire-junit-platform-3.5.6.jar:3.5.6]
	at org.apache.maven.surefire.junitplatform.JUnitPlatformProvider.invokeAllTests(JUnitPlatformProvider.java:168) ~[surefire-junit-platform-3.5.6.jar:3.5.6]
	at org.apache.maven.surefire.junitplatform.JUnitPlatformProvider.invoke(JUnitPlatformProvider.java:136) ~[surefire-junit-platform-3.5.6.jar:3.5.6]
	at org.apache.maven.surefire.booter.ForkedBooter.runSuitesInProcess(ForkedBooter.java:385) ~[surefire-booter-3.5.6.jar:3.5.6]
	at org.apache.maven.surefire.booter.ForkedBooter.execute(ForkedBooter.java:162) ~[surefire-booter-3.5.6.jar:3.5.6]
	at org.apache.maven.surefire.booter.ForkedBooter.run(ForkedBooter.java:507) ~[surefire-booter-3.5.6.jar:3.5.6]
	at org.apache.maven.surefire.booter.ForkedBooter.main(ForkedBooter.java:495) ~[surefire-booter-3.5.6.jar:3.5.6]
Caused by: org.springframework.beans.factory.BeanCreationException: Error creating bean with name 'flywayInitializer' defined in class path resource [org/springframework/boot/flyway/autoconfigure/FlywayAutoConfiguration$FlywayConfiguration.class]: Unable to obtain connection from database: FATAL: password authentication failed for user "janidubomal"
-------------------------------------------------------------------------------------------------------
SQL State  : 28P01
Error Code : 0
Message    : FATAL: password authentication failed for user "janidubomal"

	at org.springframework.beans.factory.support.AbstractAutowireCapableBeanFactory.initializeBean(AbstractAutowireCapableBeanFactory.java:1815) ~[spring-beans-7.0.9.jar:7.0.9]
	at org.springframework.beans.factory.support.AbstractAutowireCapableBeanFactory.doCreateBean(AbstractAutowireCapableBeanFactory.java:603) ~[spring-beans-7.0.9.jar:7.0.9]
	at org.springframework.beans.factory.support.AbstractAutowireCapableBeanFactory.createBean(AbstractAutowireCapableBeanFactory.java:525) ~[spring-beans-7.0.9.jar:7.0.9]
	at org.springframework.beans.factory.support.AbstractBeanFactory.lambda$doGetBean$0(AbstractBeanFactory.java:333) ~[spring-beans-7.0.9.jar:7.0.9]
	at org.springframework.beans.factory.support.DefaultSingletonBeanRegistry.getSingleton(DefaultSingletonBeanRegistry.java:371) ~[spring-beans-7.0.9.jar:7.0.9]
	at org.springframework.beans.factory.support.AbstractBeanFactory.doGetBean(AbstractBeanFactory.java:331) ~[spring-beans-7.0.9.jar:7.0.9]
	at org.springframework.beans.factory.support.AbstractBeanFactory.getBean(AbstractBeanFactory.java:196) ~[spring-beans-7.0.9.jar:7.0.9]
	at org.springframework.beans.factory.support.AbstractBeanFactory.doGetBean(AbstractBeanFactory.java:309) ~[spring-beans-7.0.9.jar:7.0.9]
	... 101 common frames omitted
Caused by: org.flywaydb.core.internal.exception.sqlExceptions.FlywaySqlUnableToConnectToDbException: Unable to obtain connection from database: FATAL: password authentication failed for user "janidubomal"
-------------------------------------------------------------------------------------------------------
SQL State  : 28P01
Error Code : 0
Message    : FATAL: password authentication failed for user "janidubomal"

	at org.flywaydb.core.internal.jdbc.JdbcUtils.openConnection(JdbcUtils.java:78) ~[flyway-core-12.4.0.jar:na]
	at org.flywaydb.core.internal.jdbc.JdbcConnectionFactory.<init>(JdbcConnectionFactory.java:76) ~[flyway-core-12.4.0.jar:na]
	at org.flywaydb.core.FlywayExecutor.init(FlywayExecutor.java:275) ~[flyway-core-12.4.0.jar:na]
	at org.flywaydb.core.FlywayExecutor.execute(FlywayExecutor.java:120) ~[flyway-core-12.4.0.jar:na]
	at org.flywaydb.core.Flyway.migrate(Flyway.java:181) ~[flyway-core-12.4.0.jar:na]
	at org.springframework.boot.flyway.autoconfigure.FlywayMigrationInitializer.afterPropertiesSet(FlywayMigrationInitializer.java:67) ~[spring-boot-flyway-4.1.1.jar:4.1.1]
	at org.springframework.beans.factory.support.AbstractAutowireCapableBeanFactory.invokeInitMethods(AbstractAutowireCapableBeanFactory.java:1862) ~[spring-beans-7.0.9.jar:7.0.9]
	at org.springframework.beans.factory.support.AbstractAutowireCapableBeanFactory.initializeBean(AbstractAutowireCapableBeanFactory.java:1811) ~[spring-beans-7.0.9.jar:7.0.9]
	... 108 common frames omitted
Caused by: org.postgresql.util.PSQLException: FATAL: password authentication failed for user "janidubomal"
	at org.postgresql.core.v3.ConnectionFactoryImpl.doAuthentication(ConnectionFactoryImpl.java:837) ~[postgresql-42.7.13.jar:42.7.13]
	at org.postgresql.core.v3.ConnectionFactoryImpl.tryConnect(ConnectionFactoryImpl.java:309) ~[postgresql-42.7.13.jar:42.7.13]
	at org.postgresql.core.v3.ConnectionFactoryImpl.openConnectionImpl(ConnectionFactoryImpl.java:367) ~[postgresql-42.7.13.jar:42.7.13]
	at org.postgresql.core.ConnectionFactory.openConnection(ConnectionFactory.java:52) ~[postgresql-42.7.13.jar:42.7.13]
	at org.postgresql.jdbc.PgConnection.<init>(PgConnection.java:295) ~[postgresql-42.7.13.jar:42.7.13]
	at org.postgresql.Driver.makeConnection(Driver.java:437) ~[postgresql-42.7.13.jar:42.7.13]
	at org.postgresql.Driver.connect(Driver.java:305) ~[postgresql-42.7.13.jar:42.7.13]
	at com.zaxxer.hikari.util.DriverDataSource.getConnection(DriverDataSource.java:144) ~[HikariCP-7.0.2.jar:na]
	at com.zaxxer.hikari.pool.PoolBase.newConnection(PoolBase.java:373) ~[HikariCP-7.0.2.jar:na]
	at com.zaxxer.hikari.pool.PoolBase.newPoolEntry(PoolBase.java:210) ~[HikariCP-7.0.2.jar:na]
	at com.zaxxer.hikari.pool.HikariPool.createPoolEntry(HikariPool.java:488) ~[HikariCP-7.0.2.jar:na]
	at com.zaxxer.hikari.pool.HikariPool.checkFailFast(HikariPool.java:576) ~[HikariCP-7.0.2.jar:na]
	at com.zaxxer.hikari.pool.HikariPool.<init>(HikariPool.java:97) ~[HikariCP-7.0.2.jar:na]
	at com.zaxxer.hikari.HikariDataSource.getConnection(HikariDataSource.java:111) ~[HikariCP-7.0.2.jar:na]
	at org.flywaydb.core.internal.jdbc.JdbcUtils.openConnection(JdbcUtils.java:73) ~[flyway-core-12.4.0.jar:na]
	... 115 common frames omitted

2026-10-10T16:56:22.464+05:30  WARN 11232 --- [taskflow] [main] o.s.test.context.TestContextManager      : Caught exception while allowing TestExecutionListener [org.springframework.test.context.web.ServletTestExecutionListener] to prepare test instance [com.example.taskflow.TaskflowApplicationTests@402a6c1]

java.lang.IllegalStateException: Failed to load ApplicationContext for [WebMergedContextConfiguration@74bc2a19 testClass = com.example.taskflow.TaskflowApplicationTests, locations = [], classes = [com.example.taskflow.TaskflowApplication], contextInitializerClasses = [], activeProfiles = [], propertySourceDescriptors = [], propertySourceProperties = ["org.springframework.boot.test.context.SpringBootTestContextBootstrapper=true"], contextCustomizers = [org.springframework.boot.webmvc.test.autoconfigure.WebDriverContextCustomizer@54709809, org.springframework.boot.web.server.context.SpringBootTestRandomPortContextCustomizer@60cf80e7, org.springframework.boot.test.context.PropertyMappingContextCustomizer@0, org.springframework.boot.test.context.filter.ExcludeFilterContextCustomizer@54afd745, org.springframework.boot.test.json.DuplicateJsonObjectContextCustomizerFactory$DuplicateJsonObjectContextCustomizer@327120c8, org.springframework.boot.test.autoconfigure.OnFailureConditionReportContextCustomizerFactory$OnFailureConditionReportContextCustomizer@35038141, org.springframework.test.context.support.DynamicPropertiesContextCustomizer@0, org.springframework.boot.testcontainers.service.connection.ServiceConnectionContextCustomizer@0, org.springframework.boot.test.context.SpringBootTestAnnotation@364868a7], resourceBasePath = "src/main/webapp", contextLoader = org.springframework.boot.test.context.SpringBootContextLoader, parent = null]
	at org.springframework.test.context.cache.DefaultCacheAwareContextLoaderDelegate.lambda$loadContext$0(DefaultCacheAwareContextLoaderDelegate.java:195) ~[spring-test-7.0.9.jar:7.0.9]
	at org.springframework.test.context.cache.DefaultContextCache.put(DefaultContextCache.java:214) ~[spring-test-7.0.9.jar:7.0.9]
	at org.springframework.test.context.cache.DefaultCacheAwareContextLoaderDelegate.loadContext(DefaultCacheAwareContextLoaderDelegate.java:160) ~[spring-test-7.0.9.jar:7.0.9]
	at org.springframework.test.context.support.DefaultTestContext.getApplicationContext(DefaultTestContext.java:128) ~[spring-test-7.0.9.jar:7.0.9]
	at org.springframework.test.context.web.ServletTestExecutionListener.setUpRequestContextIfNecessary(ServletTestExecutionListener.java:200) ~[spring-test-7.0.9.jar:7.0.9]
	at org.springframework.test.context.web.ServletTestExecutionListener.prepareTestInstance(ServletTestExecutionListener.java:139) ~[spring-test-7.0.9.jar:7.0.9]
	at org.springframework.test.context.TestContextManager.prepareTestInstance(TestContextManager.java:260) ~[spring-test-7.0.9.jar:7.0.9]
	at org.springframework.test.context.junit.jupiter.SpringExtension.postProcessTestInstance(SpringExtension.java:242) ~[spring-test-7.0.9.jar:7.0.9]
	at org.junit.jupiter.engine.descriptor.ClassBasedTestDescriptor.lambda$invokeTestInstancePostProcessors$1(ClassBasedTestDescriptor.java:423) ~[junit-jupiter-engine-6.0.3.jar:6.0.3]
	at org.junit.jupiter.engine.descriptor.ClassBasedTestDescriptor.executeAndMaskThrowable(ClassBasedTestDescriptor.java:428) ~[junit-jupiter-engine-6.0.3.jar:6.0.3]
	at org.junit.jupiter.engine.descriptor.ClassBasedTestDescriptor.lambda$invokeTestInstancePostProcessors$0(ClassBasedTestDescriptor.java:422) ~[junit-jupiter-engine-6.0.3.jar:6.0.3]
	at java.base/java.util.stream.ForEachOps$ForEachOp$OfRef.accept(ForEachOps.java:184) ~[na:na]
	at java.base/java.util.stream.ReferencePipeline$3$1.accept(ReferencePipeline.java:212) ~[na:na]
	at java.base/java.util.stream.ReferencePipeline$2$1.accept(ReferencePipeline.java:194) ~[na:na]
	at java.base/java.util.stream.ReferencePipeline$3$1.accept(ReferencePipeline.java:212) ~[na:na]
	at java.base/java.util.ArrayList$ArrayListSpliterator.forEachRemaining(ArrayList.java:1709) ~[na:na]
	at java.base/java.util.stream.AbstractPipeline.copyInto(AbstractPipeline.java:556) ~[na:na]
	at java.base/java.util.stream.AbstractPipeline.wrapAndCopyInto(AbstractPipeline.java:546) ~[na:na]
	at java.base/java.util.stream.ForEachOps$ForEachOp.evaluateSequential(ForEachOps.java:151) ~[na:na]
	at java.base/java.util.stream.ForEachOps$ForEachOp$OfRef.evaluateSequential(ForEachOps.java:174) ~[na:na]
	at java.base/java.util.stream.AbstractPipeline.evaluate(AbstractPipeline.java:265) ~[na:na]
	at java.base/java.util.stream.ReferencePipeline.forEach(ReferencePipeline.java:611) ~[na:na]
	at org.junit.jupiter.engine.descriptor.ClassBasedTestDescriptor.invokeTestInstancePostProcessors(ClassBasedTestDescriptor.java:422) ~[junit-jupiter-engine-6.0.3.jar:6.0.3]
	at org.junit.jupiter.engine.descriptor.ClassBasedTestDescriptor.lambda$instantiateAndPostProcessTestInstance$0(ClassBasedTestDescriptor.java:334) ~[junit-jupiter-engine-6.0.3.jar:6.0.3]
	at org.junit.platform.engine.support.hierarchical.ThrowableCollector.execute(ThrowableCollector.java:74) ~[junit-platform-engine-6.0.3.jar:6.0.3]
	at org.junit.jupiter.engine.descriptor.ClassBasedTestDescriptor.instantiateAndPostProcessTestInstance(ClassBasedTestDescriptor.java:333) ~[junit-jupiter-engine-6.0.3.jar:6.0.3]
	at org.junit.jupiter.engine.descriptor.ClassBasedTestDescriptor.lambda$testInstancesProvider$1(ClassBasedTestDescriptor.java:322) ~[junit-jupiter-engine-6.0.3.jar:6.0.3]
	at java.base/java.util.Optional.orElseGet(Optional.java:364) ~[na:na]
	at org.junit.jupiter.engine.descriptor.ClassBasedTestDescriptor.lambda$testInstancesProvider$0(ClassBasedTestDescriptor.java:321) ~[junit-jupiter-engine-6.0.3.jar:6.0.3]
	at org.junit.jupiter.engine.execution.TestInstancesProvider.getTestInstances(TestInstancesProvider.java:27) ~[junit-jupiter-engine-6.0.3.jar:6.0.3]
	at org.junit.jupiter.engine.descriptor.TestMethodTestDescriptor.lambda$prepare$0(TestMethodTestDescriptor.java:127) ~[junit-jupiter-engine-6.0.3.jar:6.0.3]
	at org.junit.platform.engine.support.hierarchical.ThrowableCollector.execute(ThrowableCollector.java:74) ~[junit-platform-engine-6.0.3.jar:6.0.3]
	at org.junit.jupiter.engine.descriptor.TestMethodTestDescriptor.prepare(TestMethodTestDescriptor.java:126) ~[junit-jupiter-engine-6.0.3.jar:6.0.3]
	at org.junit.jupiter.engine.descriptor.TestMethodTestDescriptor.prepare(TestMethodTestDescriptor.java:70) ~[junit-jupiter-engine-6.0.3.jar:6.0.3]
	at org.junit.platform.engine.support.hierarchical.NodeTestTask.lambda$prepare$0(NodeTestTask.java:144) ~[junit-platform-engine-6.0.3.jar:6.0.3]
	at org.junit.platform.engine.support.hierarchical.ThrowableCollector.execute(ThrowableCollector.java:74) ~[junit-platform-engine-6.0.3.jar:6.0.3]
	at org.junit.platform.engine.support.hierarchical.NodeTestTask.prepare(NodeTestTask.java:144) ~[junit-platform-engine-6.0.3.jar:6.0.3]
	at org.junit.platform.engine.support.hierarchical.NodeTestTask.execute(NodeTestTask.java:110) ~[junit-platform-engine-6.0.3.jar:6.0.3]
	at java.base/java.util.ArrayList.forEach(ArrayList.java:1597) ~[na:na]
	at org.junit.platform.engine.support.hierarchical.SameThreadHierarchicalTestExecutorService.invokeAll(SameThreadHierarchicalTestExecutorService.java:42) ~[junit-platform-engine-6.0.3.jar:6.0.3]
	at org.junit.platform.engine.support.hierarchical.NodeTestTask.lambda$executeRecursively$2(NodeTestTask.java:180) ~[junit-platform-engine-6.0.3.jar:6.0.3]
	at org.junit.platform.engine.support.hierarchical.ThrowableCollector.execute(ThrowableCollector.java:74) ~[junit-platform-engine-6.0.3.jar:6.0.3]
	at org.junit.platform.engine.support.hierarchical.NodeTestTask.lambda$executeRecursively$1(NodeTestTask.java:166) ~[junit-platform-engine-6.0.3.jar:6.0.3]
	at org.junit.platform.engine.support.hierarchical.Node.around(Node.java:138) ~[junit-platform-engine-6.0.3.jar:6.0.3]
	at org.junit.platform.engine.support.hierarchical.NodeTestTask.lambda$executeRecursively$0(NodeTestTask.java:164) ~[junit-platform-engine-6.0.3.jar:6.0.3]
	at org.junit.platform.engine.support.hierarchical.ThrowableCollector.execute(ThrowableCollector.java:74) ~[junit-platform-engine-6.0.3.jar:6.0.3]
	at org.junit.platform.engine.support.hierarchical.NodeTestTask.executeRecursively(NodeTestTask.java:163) ~[junit-platform-engine-6.0.3.jar:6.0.3]
	at org.junit.platform.engine.support.hierarchical.NodeTestTask.execute(NodeTestTask.java:116) ~[junit-platform-engine-6.0.3.jar:6.0.3]
	at java.base/java.util.ArrayList.forEach(ArrayList.java:1597) ~[na:na]
	at org.junit.platform.engine.support.hierarchical.SameThreadHierarchicalTestExecutorService.invokeAll(SameThreadHierarchicalTestExecutorService.java:42) ~[junit-platform-engine-6.0.3.jar:6.0.3]
	at org.junit.platform.engine.support.hierarchical.NodeTestTask.lambda$executeRecursively$2(NodeTestTask.java:180) ~[junit-platform-engine-6.0.3.jar:6.0.3]
	at org.junit.platform.engine.support.hierarchical.ThrowableCollector.execute(ThrowableCollector.java:74) ~[junit-platform-engine-6.0.3.jar:6.0.3]
	at org.junit.platform.engine.support.hierarchical.NodeTestTask.lambda$executeRecursively$1(NodeTestTask.java:166) ~[junit-platform-engine-6.0.3.jar:6.0.3]
	at org.junit.platform.engine.support.hierarchical.Node.around(Node.java:138) ~[junit-platform-engine-6.0.3.jar:6.0.3]
	at org.junit.platform.engine.support.hierarchical.NodeTestTask.lambda$executeRecursively$0(NodeTestTask.java:164) ~[junit-platform-engine-6.0.3.jar:6.0.3]
	at org.junit.platform.engine.support.hierarchical.ThrowableCollector.execute(ThrowableCollector.java:74) ~[junit-platform-engine-6.0.3.jar:6.0.3]
	at org.junit.platform.engine.support.hierarchical.NodeTestTask.executeRecursively(NodeTestTask.java:163) ~[junit-platform-engine-6.0.3.jar:6.0.3]
	at org.junit.platform.engine.support.hierarchical.NodeTestTask.execute(NodeTestTask.java:116) ~[junit-platform-engine-6.0.3.jar:6.0.3]
	at org.junit.platform.engine.support.hierarchical.SameThreadHierarchicalTestExecutorService.submit(SameThreadHierarchicalTestExecutorService.java:36) ~[junit-platform-engine-6.0.3.jar:6.0.3]
	at org.junit.platform.engine.support.hierarchical.HierarchicalTestExecutor.execute(HierarchicalTestExecutor.java:52) ~[junit-platform-engine-6.0.3.jar:6.0.3]
	at org.junit.platform.engine.support.hierarchical.HierarchicalTestEngine.execute(HierarchicalTestEngine.java:58) ~[junit-platform-engine-6.0.3.jar:6.0.3]
	at org.junit.platform.launcher.core.EngineExecutionOrchestrator.executeEngine(EngineExecutionOrchestrator.java:246) ~[junit-platform-launcher-6.0.3.jar:6.0.3]
	at org.junit.platform.launcher.core.EngineExecutionOrchestrator.failOrExecuteEngine(EngineExecutionOrchestrator.java:218) ~[junit-platform-launcher-6.0.3.jar:6.0.3]
	at org.junit.platform.launcher.core.EngineExecutionOrchestrator.execute(EngineExecutionOrchestrator.java:179) ~[junit-platform-launcher-6.0.3.jar:6.0.3]
	at org.junit.platform.launcher.core.EngineExecutionOrchestrator.execute(EngineExecutionOrchestrator.java:108) ~[junit-platform-launcher-6.0.3.jar:6.0.3]
	at org.junit.platform.launcher.core.EngineExecutionOrchestrator.lambda$execute$0(EngineExecutionOrchestrator.java:66) ~[junit-platform-launcher-6.0.3.jar:6.0.3]
	at org.junit.platform.launcher.core.EngineExecutionOrchestrator.withInterceptedStreams(EngineExecutionOrchestrator.java:157) ~[junit-platform-launcher-6.0.3.jar:6.0.3]
	at org.junit.platform.launcher.core.EngineExecutionOrchestrator.execute(EngineExecutionOrchestrator.java:65) ~[junit-platform-launcher-6.0.3.jar:6.0.3]
	at org.junit.platform.launcher.core.DefaultLauncher.execute(DefaultLauncher.java:125) ~[junit-platform-launcher-6.0.3.jar:6.0.3]
	at org.junit.platform.launcher.core.DefaultLauncher.execute(DefaultLauncher.java:114) ~[junit-platform-launcher-6.0.3.jar:6.0.3]
	at org.junit.platform.launcher.core.DelegatingLauncher.execute(DelegatingLauncher.java:58) ~[junit-platform-launcher-6.0.3.jar:6.0.3]
	at org.junit.platform.launcher.core.InterceptingLauncher.lambda$execute$2(InterceptingLauncher.java:57) ~[junit-platform-launcher-6.0.3.jar:6.0.3]
	at org.junit.platform.launcher.core.ClasspathAlignmentCheckingLauncherInterceptor.intercept(ClasspathAlignmentCheckingLauncherInterceptor.java:25) ~[junit-platform-launcher-6.0.3.jar:6.0.3]
	at org.junit.platform.launcher.core.InterceptingLauncher.execute(InterceptingLauncher.java:56) ~[junit-platform-launcher-6.0.3.jar:6.0.3]
	at org.junit.platform.launcher.core.DelegatingLauncher.execute(DelegatingLauncher.java:58) ~[junit-platform-launcher-6.0.3.jar:6.0.3]
	at java.base/jdk.internal.reflect.DirectMethodHandleAccessor.invoke(DirectMethodHandleAccessor.java:103) ~[na:na]
	at java.base/java.lang.reflect.Method.invoke(Method.java:580) ~[na:na]
	at org.apache.maven.surefire.api.util.ReflectionUtils.invokeMethodWithArray(ReflectionUtils.java:125) ~[surefire-api-3.5.6.jar:3.5.6]
	at org.apache.maven.surefire.junitplatform.LauncherAdapter.executeWithCancellationToken(LauncherAdapter.java:68) ~[surefire-junit-platform-3.5.6.jar:3.5.6]
	at org.apache.maven.surefire.junitplatform.LauncherAdapter.execute(LauncherAdapter.java:54) ~[surefire-junit-platform-3.5.6.jar:3.5.6]
	at org.apache.maven.surefire.junitplatform.JUnitPlatformProvider.execute(JUnitPlatformProvider.java:203) ~[surefire-junit-platform-3.5.6.jar:3.5.6]
	at org.apache.maven.surefire.junitplatform.JUnitPlatformProvider.invokeAllTests(JUnitPlatformProvider.java:168) ~[surefire-junit-platform-3.5.6.jar:3.5.6]
	at org.apache.maven.surefire.junitplatform.JUnitPlatformProvider.invoke(JUnitPlatformProvider.java:136) ~[surefire-junit-platform-3.5.6.jar:3.5.6]
	at org.apache.maven.surefire.booter.ForkedBooter.runSuitesInProcess(ForkedBooter.java:385) ~[surefire-booter-3.5.6.jar:3.5.6]
	at org.apache.maven.surefire.booter.ForkedBooter.execute(ForkedBooter.java:162) ~[surefire-booter-3.5.6.jar:3.5.6]
	at org.apache.maven.surefire.booter.ForkedBooter.run(ForkedBooter.java:507) ~[surefire-booter-3.5.6.jar:3.5.6]
	at org.apache.maven.surefire.booter.ForkedBooter.main(ForkedBooter.java:495) ~[surefire-booter-3.5.6.jar:3.5.6]
Caused by: org.springframework.beans.factory.BeanCreationException: Error creating bean with name 'entityManagerFactory' defined in class path resource [org/springframework/boot/hibernate/autoconfigure/HibernateJpaConfiguration.class]: Failed to initialize dependency 'flywayInitializer' of LoadTimeWeaverAware bean 'entityManagerFactory': Error creating bean with name 'flywayInitializer' defined in class path resource [org/springframework/boot/flyway/autoconfigure/FlywayAutoConfiguration$FlywayConfiguration.class]: Unable to obtain connection from database: FATAL: password authentication failed for user "janidubomal"
-------------------------------------------------------------------------------------------------------
SQL State  : 28P01
Error Code : 0
Message    : FATAL: password authentication failed for user "janidubomal"

	at org.springframework.beans.factory.support.AbstractBeanFactory.doGetBean(AbstractBeanFactory.java:322) ~[spring-beans-7.0.9.jar:7.0.9]
	at org.springframework.beans.factory.support.AbstractBeanFactory.getBean(AbstractBeanFactory.java:201) ~[spring-beans-7.0.9.jar:7.0.9]
	at org.springframework.context.support.AbstractApplicationContext.finishBeanFactoryInitialization(AbstractApplicationContext.java:977) ~[spring-context-7.0.9.jar:7.0.9]
	at org.springframework.context.support.AbstractApplicationContext.refresh(AbstractApplicationContext.java:621) ~[spring-context-7.0.9.jar:7.0.9]
	at org.springframework.boot.SpringApplication.refresh(SpringApplication.java:756) ~[spring-boot-4.1.1.jar:4.1.1]
	at org.springframework.boot.SpringApplication.refreshContext(SpringApplication.java:445) ~[spring-boot-4.1.1.jar:4.1.1]
	at org.springframework.boot.SpringApplication.run(SpringApplication.java:321) ~[spring-boot-4.1.1.jar:4.1.1]
	at org.springframework.boot.test.context.SpringBootContextLoader.lambda$loadContext$2(SpringBootContextLoader.java:155) ~[spring-boot-test-4.1.1.jar:4.1.1]
	at org.springframework.util.function.ThrowingSupplier.get(ThrowingSupplier.java:58) ~[spring-core-7.0.9.jar:7.0.9]
	at org.springframework.util.function.ThrowingSupplier.get(ThrowingSupplier.java:46) ~[spring-core-7.0.9.jar:7.0.9]
	at org.springframework.boot.SpringApplication.withHook(SpringApplication.java:1465) ~[spring-boot-4.1.1.jar:4.1.1]
	at org.springframework.boot.test.context.SpringBootContextLoader$ContextLoaderHook.run(SpringBootContextLoader.java:600) ~[spring-boot-test-4.1.1.jar:4.1.1]
	at org.springframework.boot.test.context.SpringBootContextLoader.loadContext(SpringBootContextLoader.java:155) ~[spring-boot-test-4.1.1.jar:4.1.1]
	at org.springframework.boot.test.context.SpringBootContextLoader.loadContext(SpringBootContextLoader.java:114) ~[spring-boot-test-4.1.1.jar:4.1.1]
	at org.springframework.test.context.cache.DefaultCacheAwareContextLoaderDelegate.loadContextInternal(DefaultCacheAwareContextLoaderDelegate.java:247) ~[spring-test-7.0.9.jar:7.0.9]
	at org.springframework.test.context.cache.DefaultCacheAwareContextLoaderDelegate.lambda$loadContext$0(DefaultCacheAwareContextLoaderDelegate.java:167) ~[spring-test-7.0.9.jar:7.0.9]
	... 86 common frames omitted
Caused by: org.springframework.beans.factory.BeanCreationException: Error creating bean with name 'flywayInitializer' defined in class path resource [org/springframework/boot/flyway/autoconfigure/FlywayAutoConfiguration$FlywayConfiguration.class]: Unable to obtain connection from database: FATAL: password authentication failed for user "janidubomal"
-------------------------------------------------------------------------------------------------------
SQL State  : 28P01
Error Code : 0
Message    : FATAL: password authentication failed for user "janidubomal"

	at org.springframework.beans.factory.support.AbstractAutowireCapableBeanFactory.initializeBean(AbstractAutowireCapableBeanFactory.java:1815) ~[spring-beans-7.0.9.jar:7.0.9]
	at org.springframework.beans.factory.support.AbstractAutowireCapableBeanFactory.doCreateBean(AbstractAutowireCapableBeanFactory.java:603) ~[spring-beans-7.0.9.jar:7.0.9]
	at org.springframework.beans.factory.support.AbstractAutowireCapableBeanFactory.createBean(AbstractAutowireCapableBeanFactory.java:525) ~[spring-beans-7.0.9.jar:7.0.9]
	at org.springframework.beans.factory.support.AbstractBeanFactory.lambda$doGetBean$0(AbstractBeanFactory.java:333) ~[spring-beans-7.0.9.jar:7.0.9]
	at org.springframework.beans.factory.support.DefaultSingletonBeanRegistry.getSingleton(DefaultSingletonBeanRegistry.java:371) ~[spring-beans-7.0.9.jar:7.0.9]
	at org.springframework.beans.factory.support.AbstractBeanFactory.doGetBean(AbstractBeanFactory.java:331) ~[spring-beans-7.0.9.jar:7.0.9]
	at org.springframework.beans.factory.support.AbstractBeanFactory.getBean(AbstractBeanFactory.java:196) ~[spring-beans-7.0.9.jar:7.0.9]
	at org.springframework.beans.factory.support.AbstractBeanFactory.doGetBean(AbstractBeanFactory.java:309) ~[spring-beans-7.0.9.jar:7.0.9]
	... 101 common frames omitted
Caused by: org.flywaydb.core.internal.exception.sqlExceptions.FlywaySqlUnableToConnectToDbException: Unable to obtain connection from database: FATAL: password authentication failed for user "janidubomal"
-------------------------------------------------------------------------------------------------------
SQL State  : 28P01
Error Code : 0
Message    : FATAL: password authentication failed for user "janidubomal"

	at org.flywaydb.core.internal.jdbc.JdbcUtils.openConnection(JdbcUtils.java:78) ~[flyway-core-12.4.0.jar:na]
	at org.flywaydb.core.internal.jdbc.JdbcConnectionFactory.<init>(JdbcConnectionFactory.java:76) ~[flyway-core-12.4.0.jar:na]
	at org.flywaydb.core.FlywayExecutor.init(FlywayExecutor.java:275) ~[flyway-core-12.4.0.jar:na]
	at org.flywaydb.core.FlywayExecutor.execute(FlywayExecutor.java:120) ~[flyway-core-12.4.0.jar:na]
	at org.flywaydb.core.Flyway.migrate(Flyway.java:181) ~[flyway-core-12.4.0.jar:na]
	at org.springframework.boot.flyway.autoconfigure.FlywayMigrationInitializer.afterPropertiesSet(FlywayMigrationInitializer.java:67) ~[spring-boot-flyway-4.1.1.jar:4.1.1]
	at org.springframework.beans.factory.support.AbstractAutowireCapableBeanFactory.invokeInitMethods(AbstractAutowireCapableBeanFactory.java:1862) ~[spring-beans-7.0.9.jar:7.0.9]
	at org.springframework.beans.factory.support.AbstractAutowireCapableBeanFactory.initializeBean(AbstractAutowireCapableBeanFactory.java:1811) ~[spring-beans-7.0.9.jar:7.0.9]
	... 108 common frames omitted
Caused by: org.postgresql.util.PSQLException: FATAL: password authentication failed for user "janidubomal"
	at org.postgresql.core.v3.ConnectionFactoryImpl.doAuthentication(ConnectionFactoryImpl.java:837) ~[postgresql-42.7.13.jar:42.7.13]
	at org.postgresql.core.v3.ConnectionFactoryImpl.tryConnect(ConnectionFactoryImpl.java:309) ~[postgresql-42.7.13.jar:42.7.13]
	at org.postgresql.core.v3.ConnectionFactoryImpl.openConnectionImpl(ConnectionFactoryImpl.java:367) ~[postgresql-42.7.13.jar:42.7.13]
	at org.postgresql.core.ConnectionFactory.openConnection(ConnectionFactory.java:52) ~[postgresql-42.7.13.jar:42.7.13]
	at org.postgresql.jdbc.PgConnection.<init>(PgConnection.java:295) ~[postgresql-42.7.13.jar:42.7.13]
	at org.postgresql.Driver.makeConnection(Driver.java:437) ~[postgresql-42.7.13.jar:42.7.13]
	at org.postgresql.Driver.connect(Driver.java:305) ~[postgresql-42.7.13.jar:42.7.13]
	at com.zaxxer.hikari.util.DriverDataSource.getConnection(DriverDataSource.java:144) ~[HikariCP-7.0.2.jar:na]
	at com.zaxxer.hikari.pool.PoolBase.newConnection(PoolBase.java:373) ~[HikariCP-7.0.2.jar:na]
	at com.zaxxer.hikari.pool.PoolBase.newPoolEntry(PoolBase.java:210) ~[HikariCP-7.0.2.jar:na]
	at com.zaxxer.hikari.pool.HikariPool.createPoolEntry(HikariPool.java:488) ~[HikariCP-7.0.2.jar:na]
	at com.zaxxer.hikari.pool.HikariPool.checkFailFast(HikariPool.java:576) ~[HikariCP-7.0.2.jar:na]
	at com.zaxxer.hikari.pool.HikariPool.<init>(HikariPool.java:97) ~[HikariCP-7.0.2.jar:na]
	at com.zaxxer.hikari.HikariDataSource.getConnection(HikariDataSource.java:111) ~[HikariCP-7.0.2.jar:na]
	at org.flywaydb.core.internal.jdbc.JdbcUtils.openConnection(JdbcUtils.java:73) ~[flyway-core-12.4.0.jar:na]
	... 115 common frames omitted

2026-10-10T16:56:22.485+05:30  INFO 11232 --- [taskflow] [main] t.c.s.AnnotationConfigContextLoaderUtils : Could not detect default configuration classes for test class [com.example.taskflow.controller.TaskControllerTest]: TaskControllerTest does not declare any static, non-private, non-final, nested classes annotated with @Configuration.
2026-10-10T16:56:22.503+05:30  INFO 11232 --- [taskflow] [main] .b.t.c.SpringBootTestContextBootstrapper : Found @SpringBootConfiguration com.example.taskflow.TaskflowApplication for test class com.example.taskflow.controller.TaskControllerTest
2026-10-10T16:56:22.504+05:30  INFO 11232 --- [taskflow] [main] t.c.s.AnnotationConfigContextLoaderUtils : Could not detect default configuration classes for test class [com.example.taskflow.controller.TaskControllerTest]: TaskControllerTest does not declare any static, non-private, non-final, nested classes annotated with @Configuration.
2026-10-10T16:56:22.510+05:30  INFO 11232 --- [taskflow] [main] .b.t.c.SpringBootTestContextBootstrapper : Found @SpringBootConfiguration com.example.taskflow.TaskflowApplication for test class com.example.taskflow.controller.TaskControllerTest
2026-10-10T16:56:22.514+05:30  INFO 11232 --- [taskflow] [main] o.s.b.d.r.RestartApplicationListener     : Restart disabled due to context in which it is running
2026-10-10T16:56:22.531+05:30  INFO 11232 --- [taskflow] [main] c.e.t.controller.TaskControllerTest      : Starting TaskControllerTest using Java 22.0.2 with PID 11232 (started by janidubomal in /Users/janidubomal/Downloads/taskflow)
2026-10-10T16:56:22.531+05:30 DEBUG 11232 --- [taskflow] [main] c.e.t.controller.TaskControllerTest      : Running with Spring Boot v4.1.1, Spring v7.0.9
2026-10-10T16:56:22.531+05:30  INFO 11232 --- [taskflow] [main] c.e.t.controller.TaskControllerTest      : No active profile set, falling back to 1 default profile: "default"
2026-10-10T16:56:22.798+05:30  INFO 11232 --- [taskflow] [main] o.s.b.t.m.w.SpringBootMockServletContext : Initializing Spring TestDispatcherServlet ''
2026-10-10T16:56:22.798+05:30  INFO 11232 --- [taskflow] [main] o.s.t.web.servlet.TestDispatcherServlet  : Initializing Servlet ''
2026-10-10T16:56:22.799+05:30  INFO 11232 --- [taskflow] [main] o.s.t.web.servlet.TestDispatcherServlet  : Completed initialization in 1 ms
2026-10-10T16:56:22.807+05:30  INFO 11232 --- [taskflow] [main] c.e.t.controller.TaskControllerTest      : Started TaskControllerTest in 0.293 seconds (process running for 9.619)
2026-10-10T16:56:22.850+05:30  WARN 11232 --- [taskflow] [main] .w.s.m.s.DefaultHandlerExceptionResolver : Resolved [org.springframework.web.bind.MethodArgumentNotValidException: Validation failed for argument [0] in public org.springframework.http.ResponseEntity<com.example.taskflow.model.Task> com.example.taskflow.controller.TaskController.createTask(com.example.taskflow.dto.request.CreateTaskRequest): [Field error in object 'createTaskRequest' on field 'title': rejected value []; codes [NotBlank.createTaskRequest.title,NotBlank.title,NotBlank.java.lang.String,NotBlank]; arguments [org.springframework.context.support.DefaultMessageSourceResolvable: codes [createTaskRequest.title,title]; arguments []; default message [title]]; default message [Title is required]] ]
2026-10-10T16:56:22.858+05:30  WARN 11232 --- [taskflow] [main] .w.s.m.s.DefaultHandlerExceptionResolver : Resolved [org.springframework.web.bind.MethodArgumentNotValidException: Validation failed for argument [0] in public org.springframework.http.ResponseEntity<com.example.taskflow.model.Task> com.example.taskflow.controller.TaskController.createTask(com.example.taskflow.dto.request.CreateTaskRequest): [Field error in object 'createTaskRequest' on field 'priority': rejected value [10]; codes [Max.createTaskRequest.priority,Max.priority,Max.java.lang.Integer,Max]; arguments [org.springframework.context.support.DefaultMessageSourceResolvable: codes [createTaskRequest.priority,priority]; arguments []; default message [priority],5]; default message [must be less than or equal to 5]] ]
2026-10-10T16:56:22.975+05:30 DEBUG 11232 --- [taskflow] [main] c.example.taskflow.services.TaskService  : Finding task with id: 1
2026-10-10T16:56:22.983+05:30  INFO 11232 --- [taskflow] [main] c.example.taskflow.services.TaskService  : Creating task with title: Learn Mockito
2026-10-10T16:56:22.983+05:30  INFO 11232 --- [taskflow] [main] c.example.taskflow.services.TaskService  : Task created successfully with id: 1
2026-10-10T16:56:22.985+05:30 DEBUG 11232 --- [taskflow] [main] c.example.taskflow.services.TaskService  : Finding task with id: 1
2026-10-10T16:56:22.987+05:30 DEBUG 11232 --- [taskflow] [main] c.example.taskflow.services.TaskService  : Finding task with id: 999
2026-10-10T16:56:22.988+05:30  WARN 11232 --- [taskflow] [main] c.example.taskflow.services.TaskService  : Task not found with id: 999
2026-10-10T16:56:23.000+05:30  INFO 11232 --- [taskflow] [SpringApplicationShutdownHook] j.LocalContainerEntityManagerFactoryBean : Closing JPA EntityManagerFactory for persistence unit 'default'
2026-10-10T16:56:23.006+05:30  INFO 11232 --- [taskflow] [SpringApplicationShutdownHook] j.LocalContainerEntityManagerFactoryBean : Closing JPA EntityManagerFactory for persistence unit 'default'
2026-10-10T16:56:23.006+05:30  INFO 11232 --- [taskflow] [SpringApplicationShutdownHook] com.zaxxer.hikari.HikariDataSource       : HikariPool-1 - Shutdown initiated...
2026-10-10T16:56:23.007+05:30  INFO 11232 --- [taskflow] [SpringApplicationShutdownHook] com.zaxxer.hikari.HikariDataSource       : HikariPool-1 - Shutdown completed.
2026-10-10T16:56:23.011+05:30  INFO 11232 --- [taskflow] [SpringApplicationShutdownHook] j.LocalContainerEntityManagerFactoryBean : Closing JPA EntityManagerFactory for persistence unit 'default'
2026-10-10T16:56:23.012+05:30  INFO 11232 --- [taskflow] [SpringApplicationShutdownHook] com.zaxxer.hikari.HikariDataSource       : HikariPool-2 - Shutdown initiated...
2026-10-10T16:56:23.629+05:30  INFO 11232 --- [taskflow] [SpringApplicationShutdownHook] com.zaxxer.hikari.HikariDataSource       : HikariPool-2 - Shutdown completed.
2026-10-10T16:58:18.493+05:30  INFO 11449 --- [taskflow] [main] c.e.t.repository.TaskRepositoryTest      : Starting TaskRepositoryTest using Java 22.0.2 with PID 11449 (started by janidubomal in /Users/janidubomal/Downloads/taskflow)
2026-10-10T16:58:18.493+05:30 DEBUG 11449 --- [taskflow] [main] c.e.t.repository.TaskRepositoryTest      : Running with Spring Boot v4.1.1, Spring v7.0.9
2026-10-10T16:58:18.493+05:30  INFO 11449 --- [taskflow] [main] c.e.t.repository.TaskRepositoryTest      : No active profile set, falling back to 1 default profile: "default"
2026-10-10T16:58:18.640+05:30  INFO 11449 --- [taskflow] [main] .s.d.r.c.RepositoryConfigurationDelegate : Bootstrapping Spring Data JPA repositories in DEFAULT mode.
2026-10-10T16:58:18.665+05:30  INFO 11449 --- [taskflow] [main] .s.d.r.c.RepositoryConfigurationDelegate : Finished Spring Data repository scanning in 19 ms. Found 1 JPA repository interface.
2026-10-10T16:58:18.688+05:30  INFO 11449 --- [taskflow] [main] beddedDataSourceBeanFactoryPostProcessor : Replacing 'dataSource' DataSource bean with embedded version
2026-10-10T16:58:18.722+05:30  INFO 11449 --- [taskflow] [main] o.s.j.d.e.EmbeddedDatabaseFactory        : Starting embedded database: url='jdbc:h2:mem:ae585e05-56e5-4c88-ad5b-fdcbea24e7e2;DB_CLOSE_DELAY=-1;DB_CLOSE_ON_EXIT=false', username='sa'
2026-10-10T16:58:18.848+05:30  INFO 11449 --- [taskflow] [main] org.hibernate.orm.jpa                    : HHH008540: Processing PersistenceUnitInfo [name: default]
2026-10-10T16:58:18.877+05:30  INFO 11449 --- [taskflow] [main] org.hibernate.orm.core                   : HHH000001: Hibernate ORM core version 7.4.5.Final
2026-10-10T16:58:19.052+05:30  INFO 11449 --- [taskflow] [main] o.s.o.j.p.SpringPersistenceUnitInfo      : No LoadTimeWeaver setup: ignoring JPA class transformer
2026-10-10T16:58:19.089+05:30  INFO 11449 --- [taskflow] [main] org.hibernate.orm.connections.pooling    : HHH10001005: Database info:
	Database JDBC URL [jdbc:h2:mem:ae585e05-56e5-4c88-ad5b-fdcbea24e7e2]
	Database driver: H2 JDBC Driver
	Database dialect: H2Dialect
	Database version: 2.4.240
	Default catalog/schema: AE585E05-56E5-4C88-AD5B-FDCBEA24E7E2/PUBLIC
	Autocommit mode: undefined/unknown
	Isolation level: READ_COMMITTED [default READ_COMMITTED]
	JDBC fetch size: 100
	Pool: DataSourceConnectionProvider
	Minimum pool size: undefined/unknown
	Maximum pool size: undefined/unknown
2026-10-10T16:58:19.438+05:30  INFO 11449 --- [taskflow] [main] org.hibernate.orm.core                   : HHH000489: No JTA platform available (set 'hibernate.transaction.jta.platform' to enable JTA platform integration)
2026-10-10T16:58:19.451+05:30  INFO 11449 --- [taskflow] [main] j.LocalContainerEntityManagerFactoryBean : Initialized JPA EntityManagerFactory for persistence unit 'default'
2026-10-10T16:58:19.493+05:30  INFO 11449 --- [taskflow] [main] o.s.d.j.r.query.QueryEnhancerFactories   : Hibernate is in classpath; If applicable, HQL parser will be used.
2026-10-10T16:58:19.562+05:30  INFO 11449 --- [taskflow] [main] c.e.t.repository.TaskRepositoryTest      : Started TaskRepositoryTest in 1.251 seconds (process running for 1.736)
2026-10-10T16:58:20.097+05:30  INFO 11449 --- [taskflow] [main] org.testcontainers.images.PullPolicy     : Image pull policy will be performed by: DefaultPullPolicy()
2026-10-10T16:58:20.097+05:30  INFO 11449 --- [taskflow] [main] o.t.utility.ImageNameSubstitutor         : Image name substitution will be performed by: DefaultImageNameSubstitutor (composite of 'ConfigurationFileImageNameSubstitutor' and 'PrefixingImageNameSubstitutor')
2026-10-10T16:58:20.102+05:30  INFO 11449 --- [taskflow] [main] org.testcontainers.DockerClientFactory   : Testcontainers version: 2.0.5
2026-10-10T16:58:20.210+05:30  INFO 11449 --- [taskflow] [main] o.t.d.DockerClientProviderStrategy       : Loaded org.testcontainers.dockerclient.UnixSocketClientProviderStrategy from ~/.testcontainers.properties, will try it first
2026-10-10T16:58:20.422+05:30  INFO 11449 --- [taskflow] [main] o.t.d.DockerClientProviderStrategy       : Found Docker environment with local Unix socket (unix:///var/run/docker.sock)
2026-10-10T16:58:20.423+05:30  INFO 11449 --- [taskflow] [main] org.testcontainers.DockerClientFactory   : Docker host IP address is localhost
2026-10-10T16:58:20.431+05:30  INFO 11449 --- [taskflow] [main] org.testcontainers.DockerClientFactory   : Connected to docker: 
  Server Version: 27.4.0
  API Version: 1.47
  Operating System: Docker Desktop
  Total Memory: 3919 MB
  Labels: 
    com.docker.desktop.address=unix:///Users/janidubomal/Library/Containers/com.docker.docker/Data/docker-cli.sock
2026-10-10T16:58:20.453+05:30  INFO 11449 --- [taskflow] [main] tc.testcontainers/ryuk:0.14.0            : Creating container for image: testcontainers/ryuk:0.14.0
2026-10-10T16:58:20.659+05:30  INFO 11449 --- [taskflow] [main] tc.testcontainers/ryuk:0.14.0            : Container testcontainers/ryuk:0.14.0 is starting: 98049a08bd227f1cac13eb6bfad527ec5cfc5677299edf014aff05856ec013f2
2026-10-10T16:58:21.004+05:30  INFO 11449 --- [taskflow] [main] tc.testcontainers/ryuk:0.14.0            : Container testcontainers/ryuk:0.14.0 started in PT0.550422S
2026-10-10T16:58:21.019+05:30  INFO 11449 --- [taskflow] [main] o.t.utility.RyukResourceReaper           : Ryuk started - will monitor and terminate Testcontainers containers on JVM exit
2026-10-10T16:58:21.019+05:30  INFO 11449 --- [taskflow] [main] org.testcontainers.DockerClientFactory   : Checking the system...
2026-10-10T16:58:21.019+05:30  INFO 11449 --- [taskflow] [main] org.testcontainers.DockerClientFactory   : ✔︎ Docker server version should be at least 1.6.0
2026-10-10T16:58:21.020+05:30  INFO 11449 --- [taskflow] [main] tc.postgres:16-alpine                    : Creating container for image: postgres:16-alpine
2026-10-10T16:58:21.044+05:30  INFO 11449 --- [taskflow] [main] tc.postgres:16-alpine                    : Container postgres:16-alpine is starting: 8cd5a7c83a9b94dafb7008031ccbcfdad18b2e57f10767220895b7389918b80f
2026-10-10T16:58:21.919+05:30  INFO 11449 --- [taskflow] [main] tc.postgres:16-alpine                    : Container postgres:16-alpine started in PT0.899659S
2026-10-10T16:58:21.921+05:30  INFO 11449 --- [taskflow] [main] tc.postgres:16-alpine                    : Container is started (JDBC URL: jdbc:postgresql://localhost:52195/test?loggerLevel=OFF)
2026-10-10T16:58:21.927+05:30  INFO 11449 --- [taskflow] [main] t.c.s.AnnotationConfigContextLoaderUtils : Could not detect default configuration classes for test class [com.example.taskflow.integration.TaskRepositoryPostgresIntegrationTest]: TaskRepositoryPostgresIntegrationTest does not declare any static, non-private, non-final, nested classes annotated with @Configuration.
2026-10-10T16:58:21.943+05:30  INFO 11449 --- [taskflow] [main] .b.t.c.SpringBootTestContextBootstrapper : Found @SpringBootConfiguration com.example.taskflow.TaskflowApplication for test class com.example.taskflow.integration.TaskRepositoryPostgresIntegrationTest
2026-10-10T16:58:21.946+05:30  INFO 11449 --- [taskflow] [main] t.c.s.AnnotationConfigContextLoaderUtils : Could not detect default configuration classes for test class [com.example.taskflow.integration.TaskRepositoryPostgresIntegrationTest]: TaskRepositoryPostgresIntegrationTest does not declare any static, non-private, non-final, nested classes annotated with @Configuration.
2026-10-10T16:58:21.948+05:30  INFO 11449 --- [taskflow] [main] .b.t.c.SpringBootTestContextBootstrapper : Found @SpringBootConfiguration com.example.taskflow.TaskflowApplication for test class com.example.taskflow.integration.TaskRepositoryPostgresIntegrationTest
2026-10-10T16:58:21.956+05:30  INFO 11449 --- [taskflow] [main] o.s.b.d.r.RestartApplicationListener     : Restart disabled due to context in which it is running
2026-10-10T16:58:21.978+05:30  INFO 11449 --- [taskflow] [main] .i.TaskRepositoryPostgresIntegrationTest : Starting TaskRepositoryPostgresIntegrationTest using Java 22.0.2 with PID 11449 (started by janidubomal in /Users/janidubomal/Downloads/taskflow)
2026-10-10T16:58:21.978+05:30 DEBUG 11449 --- [taskflow] [main] .i.TaskRepositoryPostgresIntegrationTest : Running with Spring Boot v4.1.1, Spring v7.0.9
2026-10-10T16:58:21.978+05:30  INFO 11449 --- [taskflow] [main] .i.TaskRepositoryPostgresIntegrationTest : No active profile set, falling back to 1 default profile: "default"
2026-10-10T16:58:22.151+05:30  INFO 11449 --- [taskflow] [main] .s.d.r.c.RepositoryConfigurationDelegate : Bootstrapping Spring Data JPA repositories in DEFAULT mode.
2026-10-10T16:58:22.155+05:30  INFO 11449 --- [taskflow] [main] .s.d.r.c.RepositoryConfigurationDelegate : Finished Spring Data repository scanning in 2 ms. Found 1 JPA repository interface.
2026-10-10T16:58:22.431+05:30  INFO 11449 --- [taskflow] [main] org.flywaydb.core.FlywayExecutor         : Database: jdbc:postgresql://localhost:52195/test?loggerLevel=OFF (PostgreSQL 16.15)
2026-10-10T16:58:22.459+05:30  INFO 11449 --- [taskflow] [main] o.f.c.i.s.JdbcTableSchemaHistory         : Schema history table "public"."flyway_schema_history" does not exist yet
2026-10-10T16:58:22.460+05:30  INFO 11449 --- [taskflow] [main] o.f.core.internal.command.DbValidate     : Successfully validated 2 migrations (execution time 00:00.007s)
2026-10-10T16:58:22.473+05:30  INFO 11449 --- [taskflow] [main] o.f.c.i.s.JdbcTableSchemaHistory         : Creating Schema History table "public"."flyway_schema_history" ...
2026-10-10T16:58:22.504+05:30  INFO 11449 --- [taskflow] [main] o.f.core.internal.command.DbMigrate      : Current version of schema "public": << Empty Schema >>
2026-10-10T16:58:22.508+05:30  INFO 11449 --- [taskflow] [main] o.f.core.internal.command.DbMigrate      : Migrating schema "public" to version "1 - create tasks table"
2026-10-10T16:58:22.522+05:30  INFO 11449 --- [taskflow] [main] o.f.core.internal.command.DbMigrate      : Migrating schema "public" to version "2 - add priority to tasks"
2026-10-10T16:58:22.530+05:30  INFO 11449 --- [taskflow] [main] o.f.core.internal.command.DbMigrate      : Successfully applied 2 migrations to schema "public", now at version v2 (execution time 00:00.008s)
2026-10-10T16:58:22.543+05:30  INFO 11449 --- [taskflow] [main] org.hibernate.orm.jpa                    : HHH008540: Processing PersistenceUnitInfo [name: default]
2026-10-10T16:58:22.554+05:30  INFO 11449 --- [taskflow] [main] o.s.o.j.p.SpringPersistenceUnitInfo      : No LoadTimeWeaver setup: ignoring JPA class transformer
2026-10-10T16:58:22.554+05:30  INFO 11449 --- [taskflow] [main] com.zaxxer.hikari.HikariDataSource       : HikariPool-1 - Starting...
2026-10-10T16:58:22.570+05:30  INFO 11449 --- [taskflow] [main] com.zaxxer.hikari.pool.HikariPool        : HikariPool-1 - Added connection org.postgresql.jdbc.PgConnection@1763a8a1
2026-10-10T16:58:22.571+05:30  INFO 11449 --- [taskflow] [main] com.zaxxer.hikari.HikariDataSource       : HikariPool-1 - Start completed.
2026-10-10T16:58:22.582+05:30  INFO 11449 --- [taskflow] [main] org.hibernate.orm.connections.pooling    : HHH10001005: Database info:
	Database JDBC URL [jdbc:postgresql://localhost:52195/test?loggerLevel=OFF]
	Database driver: PostgreSQL JDBC Driver
	Database dialect: PostgreSQLDialect
	Database version: 16.15
	Default catalog/schema: test/public
	Autocommit mode: undefined/unknown
	Isolation level: READ_COMMITTED [default READ_COMMITTED]
	JDBC fetch size: none
	Pool: DataSourceConnectionProvider
	Minimum pool size: undefined/unknown
	Maximum pool size: undefined/unknown
2026-10-10T16:58:22.607+05:30  INFO 11449 --- [taskflow] [main] org.hibernate.orm.core                   : HHH000489: No JTA platform available (set 'hibernate.transaction.jta.platform' to enable JTA platform integration)
2026-10-10T16:58:22.626+05:30  INFO 11449 --- [taskflow] [main] j.LocalContainerEntityManagerFactoryBean : Initialized JPA EntityManagerFactory for persistence unit 'default'
2026-10-10T16:58:22.677+05:30  WARN 11449 --- [taskflow] [main] JpaBaseConfiguration$JpaWebConfiguration : spring.jpa.open-in-view is enabled by default. Therefore, database queries may be performed during view rendering. Explicitly configure spring.jpa.open-in-view to disable this warning
2026-10-10T16:58:22.878+05:30  INFO 11449 --- [taskflow] [main] o.s.b.a.e.web.EndpointLinksResolver      : Exposing 4 endpoints beneath base path '/actuator'
2026-10-10T16:58:22.901+05:30  INFO 11449 --- [taskflow] [main] .i.TaskRepositoryPostgresIntegrationTest : Started TaskRepositoryPostgresIntegrationTest in 0.945 seconds (process running for 5.074)
2026-10-10T16:58:23.123+05:30  INFO 11449 --- [taskflow] [main] tc.postgres:16-alpine                    : Creating container for image: postgres:16-alpine
2026-10-10T16:58:23.166+05:30  INFO 11449 --- [taskflow] [main] tc.postgres:16-alpine                    : Container postgres:16-alpine is starting: 15754080a9af2851cf1c9d1b9cf8a305797f3510bf10e8b9a370e54bc85a323f
2026-10-10T16:58:24.012+05:30  INFO 11449 --- [taskflow] [main] tc.postgres:16-alpine                    : Container postgres:16-alpine started in PT0.888891S
2026-10-10T16:58:24.013+05:30  INFO 11449 --- [taskflow] [main] tc.postgres:16-alpine                    : Container is started (JDBC URL: jdbc:postgresql://localhost:52210/test?loggerLevel=OFF)
2026-10-10T16:58:24.016+05:30  INFO 11449 --- [taskflow] [main] t.c.s.AnnotationConfigContextLoaderUtils : Could not detect default configuration classes for test class [com.example.taskflow.integration.TaskApiIntegrationTest]: TaskApiIntegrationTest does not declare any static, non-private, non-final, nested classes annotated with @Configuration.
2026-10-10T16:58:24.023+05:30  INFO 11449 --- [taskflow] [main] .b.t.c.SpringBootTestContextBootstrapper : Found @SpringBootConfiguration com.example.taskflow.TaskflowApplication for test class com.example.taskflow.integration.TaskApiIntegrationTest
2026-10-10T16:58:24.024+05:30  INFO 11449 --- [taskflow] [main] t.c.s.AnnotationConfigContextLoaderUtils : Could not detect default configuration classes for test class [com.example.taskflow.integration.TaskApiIntegrationTest]: TaskApiIntegrationTest does not declare any static, non-private, non-final, nested classes annotated with @Configuration.
2026-10-10T16:58:24.026+05:30  INFO 11449 --- [taskflow] [main] .b.t.c.SpringBootTestContextBootstrapper : Found @SpringBootConfiguration com.example.taskflow.TaskflowApplication for test class com.example.taskflow.integration.TaskApiIntegrationTest
2026-10-10T16:58:24.030+05:30  INFO 11449 --- [taskflow] [main] o.s.b.d.r.RestartApplicationListener     : Restart disabled due to context in which it is running
2026-10-10T16:58:24.043+05:30  INFO 11449 --- [taskflow] [main] c.e.t.i.TaskApiIntegrationTest           : Starting TaskApiIntegrationTest using Java 22.0.2 with PID 11449 (started by janidubomal in /Users/janidubomal/Downloads/taskflow)
2026-10-10T16:58:24.043+05:30 DEBUG 11449 --- [taskflow] [main] c.e.t.i.TaskApiIntegrationTest           : Running with Spring Boot v4.1.1, Spring v7.0.9
2026-10-10T16:58:24.043+05:30  INFO 11449 --- [taskflow] [main] c.e.t.i.TaskApiIntegrationTest           : No active profile set, falling back to 1 default profile: "default"
2026-10-10T16:58:24.110+05:30  INFO 11449 --- [taskflow] [main] .s.d.r.c.RepositoryConfigurationDelegate : Bootstrapping Spring Data JPA repositories in DEFAULT mode.
2026-10-10T16:58:24.114+05:30  INFO 11449 --- [taskflow] [main] .s.d.r.c.RepositoryConfigurationDelegate : Finished Spring Data repository scanning in 2 ms. Found 1 JPA repository interface.
2026-10-10T16:58:24.202+05:30  INFO 11449 --- [taskflow] [main] org.flywaydb.core.FlywayExecutor         : Database: jdbc:postgresql://localhost:52210/test?loggerLevel=OFF (PostgreSQL 16.15)
2026-10-10T16:58:24.210+05:30  INFO 11449 --- [taskflow] [main] o.f.c.i.s.JdbcTableSchemaHistory         : Schema history table "public"."flyway_schema_history" does not exist yet
2026-10-10T16:58:24.211+05:30  INFO 11449 --- [taskflow] [main] o.f.core.internal.command.DbValidate     : Successfully validated 2 migrations (execution time 00:00.001s)
2026-10-10T16:58:24.217+05:30  INFO 11449 --- [taskflow] [main] o.f.c.i.s.JdbcTableSchemaHistory         : Creating Schema History table "public"."flyway_schema_history" ...
2026-10-10T16:58:24.231+05:30  INFO 11449 --- [taskflow] [main] o.f.core.internal.command.DbMigrate      : Current version of schema "public": << Empty Schema >>
2026-10-10T16:58:24.233+05:30  INFO 11449 --- [taskflow] [main] o.f.core.internal.command.DbMigrate      : Migrating schema "public" to version "1 - create tasks table"
2026-10-10T16:58:24.241+05:30  INFO 11449 --- [taskflow] [main] o.f.core.internal.command.DbMigrate      : Migrating schema "public" to version "2 - add priority to tasks"
2026-10-10T16:58:24.246+05:30  INFO 11449 --- [taskflow] [main] o.f.core.internal.command.DbMigrate      : Successfully applied 2 migrations to schema "public", now at version v2 (execution time 00:00.004s)
2026-10-10T16:58:24.253+05:30  INFO 11449 --- [taskflow] [main] org.hibernate.orm.jpa                    : HHH008540: Processing PersistenceUnitInfo [name: default]
2026-10-10T16:58:24.261+05:30  INFO 11449 --- [taskflow] [main] o.s.o.j.p.SpringPersistenceUnitInfo      : No LoadTimeWeaver setup: ignoring JPA class transformer
2026-10-10T16:58:24.261+05:30  INFO 11449 --- [taskflow] [main] com.zaxxer.hikari.HikariDataSource       : HikariPool-2 - Starting...
2026-10-10T16:58:24.266+05:30  INFO 11449 --- [taskflow] [main] com.zaxxer.hikari.pool.HikariPool        : HikariPool-2 - Added connection org.postgresql.jdbc.PgConnection@707929a2
2026-10-10T16:58:24.266+05:30  INFO 11449 --- [taskflow] [main] com.zaxxer.hikari.HikariDataSource       : HikariPool-2 - Start completed.
2026-10-10T16:58:24.270+05:30  INFO 11449 --- [taskflow] [main] org.hibernate.orm.connections.pooling    : HHH10001005: Database info:
	Database JDBC URL [jdbc:postgresql://localhost:52210/test?loggerLevel=OFF]
	Database driver: PostgreSQL JDBC Driver
	Database dialect: PostgreSQLDialect
	Database version: 16.15
	Default catalog/schema: test/public
	Autocommit mode: undefined/unknown
	Isolation level: READ_COMMITTED [default READ_COMMITTED]
	JDBC fetch size: none
	Pool: DataSourceConnectionProvider
	Minimum pool size: undefined/unknown
	Maximum pool size: undefined/unknown
2026-10-10T16:58:24.281+05:30  INFO 11449 --- [taskflow] [main] org.hibernate.orm.core                   : HHH000489: No JTA platform available (set 'hibernate.transaction.jta.platform' to enable JTA platform integration)
2026-10-10T16:58:24.288+05:30  INFO 11449 --- [taskflow] [main] j.LocalContainerEntityManagerFactoryBean : Initialized JPA EntityManagerFactory for persistence unit 'default'
2026-10-10T16:58:24.305+05:30  WARN 11449 --- [taskflow] [main] JpaBaseConfiguration$JpaWebConfiguration : spring.jpa.open-in-view is enabled by default. Therefore, database queries may be performed during view rendering. Explicitly configure spring.jpa.open-in-view to disable this warning
2026-10-10T16:58:24.355+05:30  INFO 11449 --- [taskflow] [main] o.s.b.t.m.w.SpringBootMockServletContext : Initializing Spring TestDispatcherServlet ''
2026-10-10T16:58:24.356+05:30  INFO 11449 --- [taskflow] [main] o.s.t.web.servlet.TestDispatcherServlet  : Initializing Servlet ''
2026-10-10T16:58:24.356+05:30  INFO 11449 --- [taskflow] [main] o.s.b.a.e.web.EndpointLinksResolver      : Exposing 4 endpoints beneath base path '/actuator'
2026-10-10T16:58:24.359+05:30  INFO 11449 --- [taskflow] [main] o.s.t.web.servlet.TestDispatcherServlet  : Completed initialization in 3 ms
2026-10-10T16:58:24.366+05:30  INFO 11449 --- [taskflow] [main] c.e.t.i.TaskApiIntegrationTest           : Started TaskApiIntegrationTest in 0.337 seconds (process running for 6.539)
2026-10-10T16:58:24.413+05:30  INFO 11449 --- [taskflow] [main] c.example.taskflow.services.TaskService  : Creating task with title: Learn Spring Boot
2026-10-10T16:58:24.416+05:30  INFO 11449 --- [taskflow] [main] c.example.taskflow.services.TaskService  : Task created successfully with id: 1
2026-10-10T16:58:24.429+05:30  INFO 11449 --- [taskflow] [main] c.example.taskflow.services.TaskService  : Creating task with title: Learn Docker
2026-10-10T16:58:24.431+05:30  INFO 11449 --- [taskflow] [main] c.example.taskflow.services.TaskService  : Task created successfully with id: 2
2026-10-10T16:58:24.458+05:30 DEBUG 11449 --- [taskflow] [main] c.example.taskflow.services.TaskService  : Finding task with id: 999
2026-10-10T16:58:24.460+05:30  WARN 11449 --- [taskflow] [main] c.example.taskflow.services.TaskService  : Task not found with id: 999
2026-10-10T16:58:24.469+05:30  INFO 11449 --- [taskflow] [main] c.example.taskflow.services.TaskService  : Creating task with title: Learn Testcontainers
2026-10-10T16:58:24.471+05:30  INFO 11449 --- [taskflow] [main] c.example.taskflow.services.TaskService  : Task created successfully with id: 3
2026-10-10T16:58:24.485+05:30  WARN 11449 --- [taskflow] [main] .w.s.m.s.DefaultHandlerExceptionResolver : Resolved [org.springframework.web.bind.MethodArgumentNotValidException: Validation failed for argument [0] in public org.springframework.http.ResponseEntity<com.example.taskflow.model.Task> com.example.taskflow.controller.TaskController.createTask(com.example.taskflow.dto.request.CreateTaskRequest) with 2 errors: [Field error in object 'createTaskRequest' on field 'title': rejected value []; codes [NotBlank.createTaskRequest.title,NotBlank.title,NotBlank.java.lang.String,NotBlank]; arguments [org.springframework.context.support.DefaultMessageSourceResolvable: codes [createTaskRequest.title,title]; arguments []; default message [title]]; default message [Title is required]] [Field error in object 'createTaskRequest' on field 'priority': rejected value [10]; codes [Max.createTaskRequest.priority,Max.priority,Max.java.lang.Integer,Max]; arguments [org.springframework.context.support.DefaultMessageSourceResolvable: codes [createTaskRequest.priority,priority]; arguments []; default message [priority],5]; default message [must be less than or equal to 5]] ]
2026-10-10T16:58:24.493+05:30  INFO 11449 --- [taskflow] [main] c.example.taskflow.services.TaskService  : Creating task with title: Learn Integration Testing
2026-10-10T16:58:24.495+05:30  INFO 11449 --- [taskflow] [main] c.example.taskflow.services.TaskService  : Task created successfully with id: 4
2026-10-10T16:58:24.504+05:30  INFO 11449 --- [taskflow] [main] c.example.taskflow.services.TaskService  : Creating task with title: Delete this task
2026-10-10T16:58:24.506+05:30  INFO 11449 --- [taskflow] [main] c.example.taskflow.services.TaskService  : Task created successfully with id: 5
2026-10-10T16:58:24.522+05:30  INFO 11449 --- [taskflow] [main] c.example.taskflow.services.TaskService  : Creating task with title: Finish Spring Testing
2026-10-10T16:58:24.524+05:30  INFO 11449 --- [taskflow] [main] c.example.taskflow.services.TaskService  : Task created successfully with id: 6
2026-10-10T16:58:24.527+05:30 DEBUG 11449 --- [taskflow] [main] c.example.taskflow.services.TaskService  : Finding task with id: 6
2026-10-10T16:58:24.659+05:30  INFO 11449 --- [taskflow] [main] tc.postgres:16-alpine                    : Creating container for image: postgres:16-alpine
2026-10-10T16:58:24.699+05:30  INFO 11449 --- [taskflow] [main] tc.postgres:16-alpine                    : Container postgres:16-alpine is starting: 6cf0ad3b7604d7e5badd65c6a5cea826916437aa95ac394bd11123fdec9db189
2026-10-10T16:58:25.457+05:30  INFO 11449 --- [taskflow] [main] tc.postgres:16-alpine                    : Container postgres:16-alpine started in PT0.797738S
2026-10-10T16:58:25.458+05:30  INFO 11449 --- [taskflow] [main] tc.postgres:16-alpine                    : Container is started (JDBC URL: jdbc:postgresql://localhost:52227/test?loggerLevel=OFF)
2026-10-10T16:58:25.460+05:30  INFO 11449 --- [taskflow] [main] t.c.s.AnnotationConfigContextLoaderUtils : Could not detect default configuration classes for test class [com.example.taskflow.TaskflowApplicationTests]: TaskflowApplicationTests does not declare any static, non-private, non-final, nested classes annotated with @Configuration.
2026-10-10T16:58:25.470+05:30  INFO 11449 --- [taskflow] [main] .b.t.c.SpringBootTestContextBootstrapper : Found @SpringBootConfiguration com.example.taskflow.TaskflowApplication for test class com.example.taskflow.TaskflowApplicationTests
2026-10-10T16:58:25.471+05:30  INFO 11449 --- [taskflow] [main] t.c.s.AnnotationConfigContextLoaderUtils : Could not detect default configuration classes for test class [com.example.taskflow.TaskflowApplicationTests]: TaskflowApplicationTests does not declare any static, non-private, non-final, nested classes annotated with @Configuration.
2026-10-10T16:58:25.475+05:30  INFO 11449 --- [taskflow] [main] .b.t.c.SpringBootTestContextBootstrapper : Found @SpringBootConfiguration com.example.taskflow.TaskflowApplication for test class com.example.taskflow.TaskflowApplicationTests
2026-10-10T16:58:25.479+05:30  INFO 11449 --- [taskflow] [main] o.s.b.d.r.RestartApplicationListener     : Restart disabled due to context in which it is running
2026-10-10T16:58:25.491+05:30  INFO 11449 --- [taskflow] [main] c.e.taskflow.TaskflowApplicationTests    : Starting TaskflowApplicationTests using Java 22.0.2 with PID 11449 (started by janidubomal in /Users/janidubomal/Downloads/taskflow)
2026-10-10T16:58:25.492+05:30 DEBUG 11449 --- [taskflow] [main] c.e.taskflow.TaskflowApplicationTests    : Running with Spring Boot v4.1.1, Spring v7.0.9
2026-10-10T16:58:25.492+05:30  INFO 11449 --- [taskflow] [main] c.e.taskflow.TaskflowApplicationTests    : No active profile set, falling back to 1 default profile: "default"
2026-10-10T16:58:25.548+05:30  INFO 11449 --- [taskflow] [main] .s.d.r.c.RepositoryConfigurationDelegate : Bootstrapping Spring Data JPA repositories in DEFAULT mode.
2026-10-10T16:58:25.551+05:30  INFO 11449 --- [taskflow] [main] .s.d.r.c.RepositoryConfigurationDelegate : Finished Spring Data repository scanning in 1 ms. Found 1 JPA repository interface.
2026-10-10T16:58:25.617+05:30  INFO 11449 --- [taskflow] [main] org.flywaydb.core.FlywayExecutor         : Database: jdbc:postgresql://localhost:52227/test?loggerLevel=OFF (PostgreSQL 16.15)
2026-10-10T16:58:25.627+05:30  INFO 11449 --- [taskflow] [main] o.f.c.i.s.JdbcTableSchemaHistory         : Schema history table "public"."flyway_schema_history" does not exist yet
2026-10-10T16:58:25.627+05:30  INFO 11449 --- [taskflow] [main] o.f.core.internal.command.DbValidate     : Successfully validated 2 migrations (execution time 00:00.002s)
2026-10-10T16:58:25.633+05:30  INFO 11449 --- [taskflow] [main] o.f.c.i.s.JdbcTableSchemaHistory         : Creating Schema History table "public"."flyway_schema_history" ...
2026-10-10T16:58:25.646+05:30  INFO 11449 --- [taskflow] [main] o.f.core.internal.command.DbMigrate      : Current version of schema "public": << Empty Schema >>
2026-10-10T16:58:25.647+05:30  INFO 11449 --- [taskflow] [main] o.f.core.internal.command.DbMigrate      : Migrating schema "public" to version "1 - create tasks table"
2026-10-10T16:58:25.656+05:30  INFO 11449 --- [taskflow] [main] o.f.core.internal.command.DbMigrate      : Migrating schema "public" to version "2 - add priority to tasks"
2026-10-10T16:58:25.661+05:30  INFO 11449 --- [taskflow] [main] o.f.core.internal.command.DbMigrate      : Successfully applied 2 migrations to schema "public", now at version v2 (execution time 00:00.004s)
2026-10-10T16:58:25.668+05:30  INFO 11449 --- [taskflow] [main] org.hibernate.orm.jpa                    : HHH008540: Processing PersistenceUnitInfo [name: default]
2026-10-10T16:58:25.675+05:30  INFO 11449 --- [taskflow] [main] o.s.o.j.p.SpringPersistenceUnitInfo      : No LoadTimeWeaver setup: ignoring JPA class transformer
2026-10-10T16:58:25.675+05:30  INFO 11449 --- [taskflow] [main] com.zaxxer.hikari.HikariDataSource       : HikariPool-3 - Starting...
2026-10-10T16:58:25.680+05:30  INFO 11449 --- [taskflow] [main] com.zaxxer.hikari.pool.HikariPool        : HikariPool-3 - Added connection org.postgresql.jdbc.PgConnection@674c1672
2026-10-10T16:58:25.680+05:30  INFO 11449 --- [taskflow] [main] com.zaxxer.hikari.HikariDataSource       : HikariPool-3 - Start completed.
2026-10-10T16:58:25.684+05:30  INFO 11449 --- [taskflow] [main] org.hibernate.orm.connections.pooling    : HHH10001005: Database info:
	Database JDBC URL [jdbc:postgresql://localhost:52227/test?loggerLevel=OFF]
	Database driver: PostgreSQL JDBC Driver
	Database dialect: PostgreSQLDialect
	Database version: 16.15
	Default catalog/schema: test/public
	Autocommit mode: undefined/unknown
	Isolation level: READ_COMMITTED [default READ_COMMITTED]
	JDBC fetch size: none
	Pool: DataSourceConnectionProvider
	Minimum pool size: undefined/unknown
	Maximum pool size: undefined/unknown
2026-10-10T16:58:25.696+05:30  INFO 11449 --- [taskflow] [main] org.hibernate.orm.core                   : HHH000489: No JTA platform available (set 'hibernate.transaction.jta.platform' to enable JTA platform integration)
2026-10-10T16:58:25.704+05:30  INFO 11449 --- [taskflow] [main] j.LocalContainerEntityManagerFactoryBean : Initialized JPA EntityManagerFactory for persistence unit 'default'
2026-10-10T16:58:25.717+05:30  WARN 11449 --- [taskflow] [main] JpaBaseConfiguration$JpaWebConfiguration : spring.jpa.open-in-view is enabled by default. Therefore, database queries may be performed during view rendering. Explicitly configure spring.jpa.open-in-view to disable this warning
2026-10-10T16:58:25.755+05:30  INFO 11449 --- [taskflow] [main] o.s.b.a.e.web.EndpointLinksResolver      : Exposing 4 endpoints beneath base path '/actuator'
2026-10-10T16:58:25.760+05:30  INFO 11449 --- [taskflow] [main] c.e.taskflow.TaskflowApplicationTests    : Started TaskflowApplicationTests in 0.281 seconds (process running for 7.934)
2026-10-10T16:58:25.881+05:30  INFO 11449 --- [taskflow] [main] t.c.s.AnnotationConfigContextLoaderUtils : Could not detect default configuration classes for test class [com.example.taskflow.controller.TaskControllerTest]: TaskControllerTest does not declare any static, non-private, non-final, nested classes annotated with @Configuration.
2026-10-10T16:58:25.904+05:30  INFO 11449 --- [taskflow] [main] .b.t.c.SpringBootTestContextBootstrapper : Found @SpringBootConfiguration com.example.taskflow.TaskflowApplication for test class com.example.taskflow.controller.TaskControllerTest
2026-10-10T16:58:25.904+05:30  INFO 11449 --- [taskflow] [main] t.c.s.AnnotationConfigContextLoaderUtils : Could not detect default configuration classes for test class [com.example.taskflow.controller.TaskControllerTest]: TaskControllerTest does not declare any static, non-private, non-final, nested classes annotated with @Configuration.
2026-10-10T16:58:25.908+05:30  INFO 11449 --- [taskflow] [main] .b.t.c.SpringBootTestContextBootstrapper : Found @SpringBootConfiguration com.example.taskflow.TaskflowApplication for test class com.example.taskflow.controller.TaskControllerTest
2026-10-10T16:58:25.910+05:30  INFO 11449 --- [taskflow] [main] o.s.b.d.r.RestartApplicationListener     : Restart disabled due to context in which it is running
2026-10-10T16:58:25.920+05:30  INFO 11449 --- [taskflow] [main] c.e.t.controller.TaskControllerTest      : Starting TaskControllerTest using Java 22.0.2 with PID 11449 (started by janidubomal in /Users/janidubomal/Downloads/taskflow)
2026-10-10T16:58:25.920+05:30 DEBUG 11449 --- [taskflow] [main] c.e.t.controller.TaskControllerTest      : Running with Spring Boot v4.1.1, Spring v7.0.9
2026-10-10T16:58:25.920+05:30  INFO 11449 --- [taskflow] [main] c.e.t.controller.TaskControllerTest      : No active profile set, falling back to 1 default profile: "default"
2026-10-10T16:58:26.177+05:30  INFO 11449 --- [taskflow] [main] o.s.b.t.m.w.SpringBootMockServletContext : Initializing Spring TestDispatcherServlet ''
2026-10-10T16:58:26.177+05:30  INFO 11449 --- [taskflow] [main] o.s.t.web.servlet.TestDispatcherServlet  : Initializing Servlet ''
2026-10-10T16:58:26.178+05:30  INFO 11449 --- [taskflow] [main] o.s.t.web.servlet.TestDispatcherServlet  : Completed initialization in 1 ms
2026-10-10T16:58:26.185+05:30  INFO 11449 --- [taskflow] [main] c.e.t.controller.TaskControllerTest      : Started TaskControllerTest in 0.275 seconds (process running for 8.359)
2026-10-10T16:58:26.238+05:30  WARN 11449 --- [taskflow] [main] .w.s.m.s.DefaultHandlerExceptionResolver : Resolved [org.springframework.web.bind.MethodArgumentNotValidException: Validation failed for argument [0] in public org.springframework.http.ResponseEntity<com.example.taskflow.model.Task> com.example.taskflow.controller.TaskController.createTask(com.example.taskflow.dto.request.CreateTaskRequest): [Field error in object 'createTaskRequest' on field 'title': rejected value []; codes [NotBlank.createTaskRequest.title,NotBlank.title,NotBlank.java.lang.String,NotBlank]; arguments [org.springframework.context.support.DefaultMessageSourceResolvable: codes [createTaskRequest.title,title]; arguments []; default message [title]]; default message [Title is required]] ]
2026-10-10T16:58:26.248+05:30  WARN 11449 --- [taskflow] [main] .w.s.m.s.DefaultHandlerExceptionResolver : Resolved [org.springframework.web.bind.MethodArgumentNotValidException: Validation failed for argument [0] in public org.springframework.http.ResponseEntity<com.example.taskflow.model.Task> com.example.taskflow.controller.TaskController.createTask(com.example.taskflow.dto.request.CreateTaskRequest): [Field error in object 'createTaskRequest' on field 'priority': rejected value [10]; codes [Max.createTaskRequest.priority,Max.priority,Max.java.lang.Integer,Max]; arguments [org.springframework.context.support.DefaultMessageSourceResolvable: codes [createTaskRequest.priority,priority]; arguments []; default message [priority],5]; default message [must be less than or equal to 5]] ]
2026-10-10T16:58:26.382+05:30 DEBUG 11449 --- [taskflow] [main] c.example.taskflow.services.TaskService  : Finding task with id: 1
2026-10-10T16:58:26.391+05:30  INFO 11449 --- [taskflow] [main] c.example.taskflow.services.TaskService  : Creating task with title: Learn Mockito
2026-10-10T16:58:26.391+05:30  INFO 11449 --- [taskflow] [main] c.example.taskflow.services.TaskService  : Task created successfully with id: 1
2026-10-10T16:58:26.393+05:30 DEBUG 11449 --- [taskflow] [main] c.example.taskflow.services.TaskService  : Finding task with id: 1
2026-10-10T16:58:26.395+05:30 DEBUG 11449 --- [taskflow] [main] c.example.taskflow.services.TaskService  : Finding task with id: 999
2026-10-10T16:58:26.396+05:30  WARN 11449 --- [taskflow] [main] c.example.taskflow.services.TaskService  : Task not found with id: 999
2026-10-10T16:58:26.408+05:30  INFO 11449 --- [taskflow] [SpringApplicationShutdownHook] j.LocalContainerEntityManagerFactoryBean : Closing JPA EntityManagerFactory for persistence unit 'default'
2026-10-10T16:58:26.414+05:30  INFO 11449 --- [taskflow] [SpringApplicationShutdownHook] j.LocalContainerEntityManagerFactoryBean : Closing JPA EntityManagerFactory for persistence unit 'default'
2026-10-10T16:58:26.415+05:30  INFO 11449 --- [taskflow] [SpringApplicationShutdownHook] com.zaxxer.hikari.HikariDataSource       : HikariPool-1 - Shutdown initiated...
2026-10-10T16:58:26.416+05:30  INFO 11449 --- [taskflow] [SpringApplicationShutdownHook] com.zaxxer.hikari.HikariDataSource       : HikariPool-1 - Shutdown completed.
2026-10-10T16:58:26.418+05:30  INFO 11449 --- [taskflow] [SpringApplicationShutdownHook] j.LocalContainerEntityManagerFactoryBean : Closing JPA EntityManagerFactory for persistence unit 'default'
2026-10-10T16:58:26.419+05:30  INFO 11449 --- [taskflow] [SpringApplicationShutdownHook] com.zaxxer.hikari.HikariDataSource       : HikariPool-2 - Shutdown initiated...
2026-10-10T16:58:27.147+05:30  INFO 11449 --- [taskflow] [SpringApplicationShutdownHook] com.zaxxer.hikari.HikariDataSource       : HikariPool-2 - Shutdown completed.
2026-10-10T16:58:27.149+05:30  INFO 11449 --- [taskflow] [SpringApplicationShutdownHook] j.LocalContainerEntityManagerFactoryBean : Closing JPA EntityManagerFactory for persistence unit 'default'
2026-10-10T16:58:27.149+05:30  INFO 11449 --- [taskflow] [SpringApplicationShutdownHook] com.zaxxer.hikari.HikariDataSource       : HikariPool-3 - Shutdown initiated...
2026-10-10T16:58:28.361+05:30  INFO 11449 --- [taskflow] [SpringApplicationShutdownHook] com.zaxxer.hikari.HikariDataSource       : HikariPool-3 - Shutdown completed.
2026-10-10T17:09:10.280+05:30  INFO 12019 --- [taskflow] [restartedMain] c.example.taskflow.TaskflowApplication   : Starting TaskflowApplication using Java 22.0.2 with PID 12019 (/Users/janidubomal/Downloads/taskflow/target/classes started by janidubomal in /Users/janidubomal/Downloads/taskflow)
2026-10-10T17:09:10.281+05:30 DEBUG 12019 --- [taskflow] [restartedMain] c.example.taskflow.TaskflowApplication   : Running with Spring Boot v4.1.1, Spring v7.0.9
2026-10-10T17:09:10.281+05:30  INFO 12019 --- [taskflow] [restartedMain] c.example.taskflow.TaskflowApplication   : The following 1 profile is active: "dev"
2026-10-10T17:09:10.301+05:30  INFO 12019 --- [taskflow] [restartedMain] .e.DevToolsPropertyDefaultsPostProcessor : Devtools property defaults active! Set 'spring.devtools.add-properties' to 'false' to disable
2026-10-10T17:09:10.301+05:30  INFO 12019 --- [taskflow] [restartedMain] .e.DevToolsPropertyDefaultsPostProcessor : For additional web related logging consider setting the 'logging.level.web' property to 'DEBUG'
2026-10-10T17:09:10.597+05:30  INFO 12019 --- [taskflow] [restartedMain] .s.d.r.c.RepositoryConfigurationDelegate : Bootstrapping Spring Data JPA repositories in DEFAULT mode.
2026-10-10T17:09:10.614+05:30  INFO 12019 --- [taskflow] [restartedMain] .s.d.r.c.RepositoryConfigurationDelegate : Finished Spring Data repository scanning in 13 ms. Found 1 JPA repository interface.
2026-10-10T17:09:10.836+05:30  INFO 12019 --- [taskflow] [restartedMain] o.s.boot.tomcat.TomcatWebServer          : Tomcat initialized with port 8080 (http)
2026-10-10T17:09:10.845+05:30  INFO 12019 --- [taskflow] [restartedMain] o.apache.catalina.core.StandardService   : Starting service [Tomcat]
2026-10-10T17:09:10.845+05:30  INFO 12019 --- [taskflow] [restartedMain] o.apache.catalina.core.StandardEngine    : Starting Servlet engine: [Apache Tomcat/11.0.24]
2026-10-10T17:09:10.861+05:30  INFO 12019 --- [taskflow] [restartedMain] b.w.c.s.WebApplicationContextInitializer : Root WebApplicationContext: initialization completed in 560 ms
2026-10-10T17:09:11.051+05:30  INFO 12019 --- [taskflow] [restartedMain] com.zaxxer.hikari.HikariDataSource       : HikariPool-1 - Starting...
2026-10-10T17:09:11.149+05:30  INFO 12019 --- [taskflow] [restartedMain] com.zaxxer.hikari.pool.HikariPool        : HikariPool-1 - Added connection org.postgresql.jdbc.PgConnection@1ea7509f
2026-10-10T17:09:11.149+05:30  INFO 12019 --- [taskflow] [restartedMain] com.zaxxer.hikari.HikariDataSource       : HikariPool-1 - Start completed.
2026-10-10T17:09:11.163+05:30  INFO 12019 --- [taskflow] [restartedMain] org.flywaydb.core.FlywayExecutor         : Database: jdbc:postgresql://localhost:5432/taskflow (PostgreSQL 17.2)
2026-10-10T17:09:11.199+05:30  INFO 12019 --- [taskflow] [restartedMain] o.f.core.internal.command.DbValidate     : Successfully validated 2 migrations (execution time 00:00.013s)
2026-10-10T17:09:11.219+05:30  INFO 12019 --- [taskflow] [restartedMain] o.f.core.internal.command.DbMigrate      : Current version of schema "public": 2
2026-10-10T17:09:11.221+05:30  INFO 12019 --- [taskflow] [restartedMain] o.f.core.internal.command.DbMigrate      : Schema "public" is up to date. No migration necessary.
2026-10-10T17:09:11.256+05:30  INFO 12019 --- [taskflow] [restartedMain] org.hibernate.orm.jpa                    : HHH008540: Processing PersistenceUnitInfo [name: default]
2026-10-10T17:09:11.287+05:30  INFO 12019 --- [taskflow] [restartedMain] org.hibernate.orm.core                   : HHH000001: Hibernate ORM core version 7.4.5.Final
2026-10-10T17:09:11.462+05:30  INFO 12019 --- [taskflow] [restartedMain] o.s.o.j.p.SpringPersistenceUnitInfo      : No LoadTimeWeaver setup: ignoring JPA class transformer
2026-10-10T17:09:11.499+05:30  INFO 12019 --- [taskflow] [restartedMain] org.hibernate.orm.connections.pooling    : HHH10001005: Database info:
	Database JDBC URL [jdbc:postgresql://localhost:5432/taskflow]
	Database driver: PostgreSQL JDBC Driver
	Database dialect: PostgreSQLDialect
	Database version: 17.2
	Default catalog/schema: taskflow/public
	Autocommit mode: undefined/unknown
	Isolation level: READ_COMMITTED [default READ_COMMITTED]
	JDBC fetch size: none
	Pool: DataSourceConnectionProvider
	Minimum pool size: undefined/unknown
	Maximum pool size: undefined/unknown
2026-10-10T17:09:11.824+05:30  INFO 12019 --- [taskflow] [restartedMain] org.hibernate.orm.core                   : HHH000489: No JTA platform available (set 'hibernate.transaction.jta.platform' to enable JTA platform integration)
2026-10-10T17:09:11.853+05:30  INFO 12019 --- [taskflow] [restartedMain] j.LocalContainerEntityManagerFactoryBean : Initialized JPA EntityManagerFactory for persistence unit 'default'
2026-10-10T17:09:11.884+05:30  INFO 12019 --- [taskflow] [restartedMain] o.s.d.j.r.query.QueryEnhancerFactories   : Hibernate is in classpath; If applicable, HQL parser will be used.
2026-10-10T17:09:11.956+05:30  WARN 12019 --- [taskflow] [restartedMain] JpaBaseConfiguration$JpaWebConfiguration : spring.jpa.open-in-view is enabled by default. Therefore, database queries may be performed during view rendering. Explicitly configure spring.jpa.open-in-view to disable this warning
2026-10-10T17:09:12.099+05:30  INFO 12019 --- [taskflow] [restartedMain] o.s.b.a.e.web.EndpointLinksResolver      : Exposing 4 endpoints beneath base path '/actuator'
2026-10-10T17:09:12.131+05:30  INFO 12019 --- [taskflow] [restartedMain] o.s.boot.tomcat.TomcatWebServer          : Tomcat started on port 8080 (http) with context path '/'
2026-10-10T17:09:12.135+05:30  INFO 12019 --- [taskflow] [restartedMain] c.example.taskflow.TaskflowApplication   : Started TaskflowApplication in 2.054 seconds (process running for 2.24)
2026-10-10T17:10:28.114+05:30  INFO 12047 --- [taskflow] [main] c.example.taskflow.TaskflowApplication   : Starting TaskflowApplication v0.0.1-SNAPSHOT using Java 22.0.2 with PID 12047 (/Users/janidubomal/Downloads/taskflow/target/taskflow-0.0.1-SNAPSHOT.jar started by janidubomal in /Users/janidubomal/Downloads/taskflow)
2026-10-10T17:10:28.116+05:30 DEBUG 12047 --- [taskflow] [main] c.example.taskflow.TaskflowApplication   : Running with Spring Boot v4.1.1, Spring v7.0.9
2026-10-10T17:10:28.116+05:30  INFO 12047 --- [taskflow] [main] c.example.taskflow.TaskflowApplication   : The following 1 profile is active: "dev"
2026-10-10T17:10:28.463+05:30  INFO 12047 --- [taskflow] [main] .s.d.r.c.RepositoryConfigurationDelegate : Bootstrapping Spring Data JPA repositories in DEFAULT mode.
2026-10-10T17:10:28.484+05:30  INFO 12047 --- [taskflow] [main] .s.d.r.c.RepositoryConfigurationDelegate : Finished Spring Data repository scanning in 15 ms. Found 1 JPA repository interface.
2026-10-10T17:10:28.710+05:30  INFO 12047 --- [taskflow] [main] o.s.boot.tomcat.TomcatWebServer          : Tomcat initialized with port 8080 (http)
2026-10-10T17:10:28.716+05:30  INFO 12047 --- [taskflow] [main] o.apache.catalina.core.StandardService   : Starting service [Tomcat]
2026-10-10T17:10:28.716+05:30  INFO 12047 --- [taskflow] [main] o.apache.catalina.core.StandardEngine    : Starting Servlet engine: [Apache Tomcat/11.0.24]
2026-10-10T17:10:28.727+05:30  INFO 12047 --- [taskflow] [main] b.w.c.s.WebApplicationContextInitializer : Root WebApplicationContext: initialization completed in 593 ms
2026-10-10T17:10:28.893+05:30  INFO 12047 --- [taskflow] [main] com.zaxxer.hikari.HikariDataSource       : HikariPool-1 - Starting...
2026-10-10T17:10:28.986+05:30  INFO 12047 --- [taskflow] [main] com.zaxxer.hikari.pool.HikariPool        : HikariPool-1 - Added connection org.postgresql.jdbc.PgConnection@3302035b
2026-10-10T17:10:28.987+05:30  INFO 12047 --- [taskflow] [main] com.zaxxer.hikari.HikariDataSource       : HikariPool-1 - Start completed.
2026-10-10T17:10:28.996+05:30  INFO 12047 --- [taskflow] [main] org.flywaydb.core.FlywayExecutor         : Database: jdbc:postgresql://localhost:5432/taskflow (PostgreSQL 17.2)
2026-10-10T17:10:29.029+05:30  INFO 12047 --- [taskflow] [main] o.f.core.internal.command.DbValidate     : Successfully validated 2 migrations (execution time 00:00.012s)
2026-10-10T17:10:29.058+05:30  INFO 12047 --- [taskflow] [main] o.f.core.internal.command.DbMigrate      : Current version of schema "public": 2
2026-10-10T17:10:29.059+05:30  INFO 12047 --- [taskflow] [main] o.f.core.internal.command.DbMigrate      : Schema "public" is up to date. No migration necessary.
2026-10-10T17:10:29.104+05:30  INFO 12047 --- [taskflow] [main] org.hibernate.orm.jpa                    : HHH008540: Processing PersistenceUnitInfo [name: default]
2026-10-10T17:10:29.140+05:30  INFO 12047 --- [taskflow] [main] org.hibernate.orm.core                   : HHH000001: Hibernate ORM core version 7.4.5.Final
2026-10-10T17:10:29.357+05:30  INFO 12047 --- [taskflow] [main] o.s.o.j.p.SpringPersistenceUnitInfo      : No LoadTimeWeaver setup: ignoring JPA class transformer
2026-10-10T17:10:29.400+05:30  INFO 12047 --- [taskflow] [main] org.hibernate.orm.connections.pooling    : HHH10001005: Database info:
	Database JDBC URL [jdbc:postgresql://localhost:5432/taskflow]
	Database driver: PostgreSQL JDBC Driver
	Database dialect: PostgreSQLDialect
	Database version: 17.2
	Default catalog/schema: taskflow/public
	Autocommit mode: undefined/unknown
	Isolation level: READ_COMMITTED [default READ_COMMITTED]
	JDBC fetch size: none
	Pool: DataSourceConnectionProvider
	Minimum pool size: undefined/unknown
	Maximum pool size: undefined/unknown
2026-10-10T17:10:29.796+05:30  INFO 12047 --- [taskflow] [main] org.hibernate.orm.core                   : HHH000489: No JTA platform available (set 'hibernate.transaction.jta.platform' to enable JTA platform integration)
2026-10-10T17:10:29.827+05:30  INFO 12047 --- [taskflow] [main] j.LocalContainerEntityManagerFactoryBean : Initialized JPA EntityManagerFactory for persistence unit 'default'
2026-10-10T17:10:29.863+05:30  INFO 12047 --- [taskflow] [main] o.s.d.j.r.query.QueryEnhancerFactories   : Hibernate is in classpath; If applicable, HQL parser will be used.
2026-10-10T17:10:29.954+05:30  WARN 12047 --- [taskflow] [main] JpaBaseConfiguration$JpaWebConfiguration : spring.jpa.open-in-view is enabled by default. Therefore, database queries may be performed during view rendering. Explicitly configure spring.jpa.open-in-view to disable this warning
2026-10-10T17:10:30.123+05:30  INFO 12047 --- [taskflow] [main] o.s.b.a.e.web.EndpointLinksResolver      : Exposing 4 endpoints beneath base path '/actuator'
2026-10-10T17:10:30.148+05:30  WARN 12047 --- [taskflow] [main] ConfigServletWebServerApplicationContext : Exception encountered during context initialization - cancelling refresh attempt: org.springframework.context.ApplicationContextException: Failed to start bean 'webServerStartStop'
2026-10-10T17:10:30.149+05:30  INFO 12047 --- [taskflow] [main] j.LocalContainerEntityManagerFactoryBean : Closing JPA EntityManagerFactory for persistence unit 'default'
2026-10-10T17:10:30.150+05:30  INFO 12047 --- [taskflow] [main] com.zaxxer.hikari.HikariDataSource       : HikariPool-1 - Shutdown initiated...
2026-10-10T17:10:30.151+05:30  INFO 12047 --- [taskflow] [main] com.zaxxer.hikari.HikariDataSource       : HikariPool-1 - Shutdown completed.
2026-10-10T17:10:30.158+05:30  INFO 12047 --- [taskflow] [main] .s.b.a.l.ConditionEvaluationReportLogger : 

Error starting ApplicationContext. To display the condition evaluation report re-run your application with 'debug' enabled.
2026-10-10T17:10:30.163+05:30 ERROR 12047 --- [taskflow] [main] o.s.b.d.LoggingFailureAnalysisReporter   : 

***************************
APPLICATION FAILED TO START
***************************

Description:

Web server failed to start. Port 8080 was already in use.

Action:

Identify and stop the process that's listening on port 8080 or configure this application to listen on another port.

2026-10-10T17:10:37.072+05:30  INFO 12019 --- [taskflow] [SpringApplicationShutdownHook] o.s.boot.tomcat.GracefulShutdown         : Commencing graceful shutdown. Waiting for active requests to complete
2026-10-10T17:10:37.075+05:30  INFO 12019 --- [taskflow] [tomcat-shutdown] o.s.boot.tomcat.GracefulShutdown         : Graceful shutdown complete
2026-10-10T17:10:37.080+05:30  INFO 12019 --- [taskflow] [SpringApplicationShutdownHook] j.LocalContainerEntityManagerFactoryBean : Closing JPA EntityManagerFactory for persistence unit 'default'
2026-10-10T17:10:37.083+05:30  INFO 12019 --- [taskflow] [SpringApplicationShutdownHook] com.zaxxer.hikari.HikariDataSource       : HikariPool-1 - Shutdown initiated...
2026-10-10T17:10:37.084+05:30  INFO 12019 --- [taskflow] [SpringApplicationShutdownHook] com.zaxxer.hikari.HikariDataSource       : HikariPool-1 - Shutdown completed.
2026-10-10T17:10:41.966+05:30  INFO 12112 --- [taskflow] [main] c.example.taskflow.TaskflowApplication   : Starting TaskflowApplication v0.0.1-SNAPSHOT using Java 22.0.2 with PID 12112 (/Users/janidubomal/Downloads/taskflow/target/taskflow-0.0.1-SNAPSHOT.jar started by janidubomal in /Users/janidubomal/Downloads/taskflow)
2026-10-10T17:10:41.968+05:30 DEBUG 12112 --- [taskflow] [main] c.example.taskflow.TaskflowApplication   : Running with Spring Boot v4.1.1, Spring v7.0.9
2026-10-10T17:10:41.968+05:30  INFO 12112 --- [taskflow] [main] c.example.taskflow.TaskflowApplication   : The following 1 profile is active: "dev"
2026-10-10T17:10:42.272+05:30  INFO 12112 --- [taskflow] [main] .s.d.r.c.RepositoryConfigurationDelegate : Bootstrapping Spring Data JPA repositories in DEFAULT mode.
2026-10-10T17:10:42.290+05:30  INFO 12112 --- [taskflow] [main] .s.d.r.c.RepositoryConfigurationDelegate : Finished Spring Data repository scanning in 14 ms. Found 1 JPA repository interface.
2026-10-10T17:10:42.510+05:30  INFO 12112 --- [taskflow] [main] o.s.boot.tomcat.TomcatWebServer          : Tomcat initialized with port 8080 (http)
2026-10-10T17:10:42.516+05:30  INFO 12112 --- [taskflow] [main] o.apache.catalina.core.StandardService   : Starting service [Tomcat]
2026-10-10T17:10:42.516+05:30  INFO 12112 --- [taskflow] [main] o.apache.catalina.core.StandardEngine    : Starting Servlet engine: [Apache Tomcat/11.0.24]
2026-10-10T17:10:42.527+05:30  INFO 12112 --- [taskflow] [main] b.w.c.s.WebApplicationContextInitializer : Root WebApplicationContext: initialization completed in 542 ms
2026-10-10T17:10:42.689+05:30  INFO 12112 --- [taskflow] [main] com.zaxxer.hikari.HikariDataSource       : HikariPool-1 - Starting...
2026-10-10T17:10:42.780+05:30  INFO 12112 --- [taskflow] [main] com.zaxxer.hikari.pool.HikariPool        : HikariPool-1 - Added connection org.postgresql.jdbc.PgConnection@5e37fb82
2026-10-10T17:10:42.781+05:30  INFO 12112 --- [taskflow] [main] com.zaxxer.hikari.HikariDataSource       : HikariPool-1 - Start completed.
2026-10-10T17:10:42.790+05:30  INFO 12112 --- [taskflow] [main] org.flywaydb.core.FlywayExecutor         : Database: jdbc:postgresql://localhost:5432/taskflow (PostgreSQL 17.2)
2026-10-10T17:10:42.822+05:30  INFO 12112 --- [taskflow] [main] o.f.core.internal.command.DbValidate     : Successfully validated 2 migrations (execution time 00:00.013s)
2026-10-10T17:10:42.844+05:30  INFO 12112 --- [taskflow] [main] o.f.core.internal.command.DbMigrate      : Current version of schema "public": 2
2026-10-10T17:10:42.845+05:30  INFO 12112 --- [taskflow] [main] o.f.core.internal.command.DbMigrate      : Schema "public" is up to date. No migration necessary.
2026-10-10T17:10:42.888+05:30  INFO 12112 --- [taskflow] [main] org.hibernate.orm.jpa                    : HHH008540: Processing PersistenceUnitInfo [name: default]
2026-10-10T17:10:42.915+05:30  INFO 12112 --- [taskflow] [main] org.hibernate.orm.core                   : HHH000001: Hibernate ORM core version 7.4.5.Final
2026-10-10T17:10:43.112+05:30  INFO 12112 --- [taskflow] [main] o.s.o.j.p.SpringPersistenceUnitInfo      : No LoadTimeWeaver setup: ignoring JPA class transformer
2026-10-10T17:10:43.151+05:30  INFO 12112 --- [taskflow] [main] org.hibernate.orm.connections.pooling    : HHH10001005: Database info:
	Database JDBC URL [jdbc:postgresql://localhost:5432/taskflow]
	Database driver: PostgreSQL JDBC Driver
	Database dialect: PostgreSQLDialect
	Database version: 17.2
	Default catalog/schema: taskflow/public
	Autocommit mode: undefined/unknown
	Isolation level: READ_COMMITTED [default READ_COMMITTED]
	JDBC fetch size: none
	Pool: DataSourceConnectionProvider
	Minimum pool size: undefined/unknown
	Maximum pool size: undefined/unknown
2026-10-10T17:10:43.524+05:30  INFO 12112 --- [taskflow] [main] org.hibernate.orm.core                   : HHH000489: No JTA platform available (set 'hibernate.transaction.jta.platform' to enable JTA platform integration)
2026-10-10T17:10:43.553+05:30  INFO 12112 --- [taskflow] [main] j.LocalContainerEntityManagerFactoryBean : Initialized JPA EntityManagerFactory for persistence unit 'default'
2026-10-10T17:10:43.587+05:30  INFO 12112 --- [taskflow] [main] o.s.d.j.r.query.QueryEnhancerFactories   : Hibernate is in classpath; If applicable, HQL parser will be used.
2026-10-10T17:10:43.671+05:30  WARN 12112 --- [taskflow] [main] JpaBaseConfiguration$JpaWebConfiguration : spring.jpa.open-in-view is enabled by default. Therefore, database queries may be performed during view rendering. Explicitly configure spring.jpa.open-in-view to disable this warning
2026-10-10T17:10:43.833+05:30  INFO 12112 --- [taskflow] [main] o.s.b.a.e.web.EndpointLinksResolver      : Exposing 4 endpoints beneath base path '/actuator'
2026-10-10T17:10:43.862+05:30  INFO 12112 --- [taskflow] [main] o.s.boot.tomcat.TomcatWebServer          : Tomcat started on port 8080 (http) with context path '/'
2026-10-10T17:10:43.866+05:30  INFO 12112 --- [taskflow] [main] c.example.taskflow.TaskflowApplication   : Started TaskflowApplication in 2.133 seconds (process running for 2.356)
2026-10-10T17:14:34.841+05:30  INFO 12112 --- [taskflow] [SpringApplicationShutdownHook] o.s.boot.tomcat.GracefulShutdown         : Commencing graceful shutdown. Waiting for active requests to complete
2026-10-10T17:14:34.850+05:30  INFO 12112 --- [taskflow] [tomcat-shutdown] o.s.boot.tomcat.GracefulShutdown         : Graceful shutdown complete
2026-10-10T17:14:34.856+05:30  INFO 12112 --- [taskflow] [SpringApplicationShutdownHook] j.LocalContainerEntityManagerFactoryBean : Closing JPA EntityManagerFactory for persistence unit 'default'
2026-10-10T17:14:34.860+05:30  INFO 12112 --- [taskflow] [SpringApplicationShutdownHook] com.zaxxer.hikari.HikariDataSource       : HikariPool-1 - Shutdown initiated...
2026-10-10T17:14:34.864+05:30  INFO 12112 --- [taskflow] [SpringApplicationShutdownHook] com.zaxxer.hikari.HikariDataSource       : HikariPool-1 - Shutdown completed.
2026-10-10T18:08:31.553+05:30  INFO 15707 --- [taskflow] [main] c.e.t.repository.TaskRepositoryTest      : Starting TaskRepositoryTest using Java 22.0.2 with PID 15707 (started by janidubomal in /Users/janidubomal/Downloads/taskflow)
2026-10-10T18:08:31.553+05:30 DEBUG 15707 --- [taskflow] [main] c.e.t.repository.TaskRepositoryTest      : Running with Spring Boot v4.1.1, Spring v7.0.9
2026-10-10T18:08:31.553+05:30  INFO 15707 --- [taskflow] [main] c.e.t.repository.TaskRepositoryTest      : The following 1 profile is active: "dev"
2026-10-10T18:08:31.706+05:30  INFO 15707 --- [taskflow] [main] .s.d.r.c.RepositoryConfigurationDelegate : Bootstrapping Spring Data JPA repositories in DEFAULT mode.
2026-10-10T18:08:31.730+05:30  INFO 15707 --- [taskflow] [main] .s.d.r.c.RepositoryConfigurationDelegate : Finished Spring Data repository scanning in 19 ms. Found 1 JPA repository interface.
2026-10-10T18:08:31.756+05:30  INFO 15707 --- [taskflow] [main] beddedDataSourceBeanFactoryPostProcessor : Replacing 'dataSource' DataSource bean with embedded version
2026-10-10T18:08:31.793+05:30  INFO 15707 --- [taskflow] [main] o.s.j.d.e.EmbeddedDatabaseFactory        : Starting embedded database: url='jdbc:h2:mem:af68c332-faff-4e55-9c66-aeae00f54a05;DB_CLOSE_DELAY=-1;DB_CLOSE_ON_EXIT=false', username='sa'
2026-10-10T18:08:31.920+05:30  INFO 15707 --- [taskflow] [main] org.hibernate.orm.jpa                    : HHH008540: Processing PersistenceUnitInfo [name: default]
2026-10-10T18:08:31.949+05:30  INFO 15707 --- [taskflow] [main] org.hibernate.orm.core                   : HHH000001: Hibernate ORM core version 7.4.5.Final
2026-10-10T18:08:32.123+05:30  INFO 15707 --- [taskflow] [main] o.s.o.j.p.SpringPersistenceUnitInfo      : No LoadTimeWeaver setup: ignoring JPA class transformer
2026-10-10T18:08:32.160+05:30  INFO 15707 --- [taskflow] [main] org.hibernate.orm.connections.pooling    : HHH10001005: Database info:
	Database JDBC URL [jdbc:h2:mem:af68c332-faff-4e55-9c66-aeae00f54a05]
	Database driver: H2 JDBC Driver
	Database dialect: H2Dialect
	Database version: 2.4.240
	Default catalog/schema: AF68C332-FAFF-4E55-9C66-AEAE00F54A05/PUBLIC
	Autocommit mode: undefined/unknown
	Isolation level: READ_COMMITTED [default READ_COMMITTED]
	JDBC fetch size: 100
	Pool: DataSourceConnectionProvider
	Minimum pool size: undefined/unknown
	Maximum pool size: undefined/unknown
2026-10-10T18:08:32.496+05:30  INFO 15707 --- [taskflow] [main] org.hibernate.orm.core                   : HHH000489: No JTA platform available (set 'hibernate.transaction.jta.platform' to enable JTA platform integration)
2026-10-10T18:08:32.509+05:30  INFO 15707 --- [taskflow] [main] j.LocalContainerEntityManagerFactoryBean : Initialized JPA EntityManagerFactory for persistence unit 'default'
2026-10-10T18:08:32.553+05:30  INFO 15707 --- [taskflow] [main] o.s.d.j.r.query.QueryEnhancerFactories   : Hibernate is in classpath; If applicable, HQL parser will be used.
2026-10-10T18:08:32.627+05:30  INFO 15707 --- [taskflow] [main] c.e.t.repository.TaskRepositoryTest      : Started TaskRepositoryTest in 1.27 seconds (process running for 1.781)
2026-10-10T18:08:33.253+05:30  INFO 15707 --- [taskflow] [main] org.testcontainers.images.PullPolicy     : Image pull policy will be performed by: DefaultPullPolicy()
2026-10-10T18:08:33.254+05:30  INFO 15707 --- [taskflow] [main] o.t.utility.ImageNameSubstitutor         : Image name substitution will be performed by: DefaultImageNameSubstitutor (composite of 'ConfigurationFileImageNameSubstitutor' and 'PrefixingImageNameSubstitutor')
2026-10-10T18:08:33.259+05:30  INFO 15707 --- [taskflow] [main] org.testcontainers.DockerClientFactory   : Testcontainers version: 2.0.5
2026-10-10T18:08:33.367+05:30  INFO 15707 --- [taskflow] [main] o.t.d.DockerClientProviderStrategy       : Loaded org.testcontainers.dockerclient.UnixSocketClientProviderStrategy from ~/.testcontainers.properties, will try it first
2026-10-10T18:08:33.627+05:30  INFO 15707 --- [taskflow] [main] o.t.d.DockerClientProviderStrategy       : Found Docker environment with local Unix socket (unix:///var/run/docker.sock)
2026-10-10T18:08:33.627+05:30  INFO 15707 --- [taskflow] [main] org.testcontainers.DockerClientFactory   : Docker host IP address is localhost
2026-10-10T18:08:33.641+05:30  INFO 15707 --- [taskflow] [main] org.testcontainers.DockerClientFactory   : Connected to docker: 
  Server Version: 27.4.0
  API Version: 1.47
  Operating System: Docker Desktop
  Total Memory: 3919 MB
  Labels: 
    com.docker.desktop.address=unix:///Users/janidubomal/Library/Containers/com.docker.docker/Data/docker-cli.sock
2026-10-10T18:08:33.664+05:30  INFO 15707 --- [taskflow] [main] tc.testcontainers/ryuk:0.14.0            : Creating container for image: testcontainers/ryuk:0.14.0
2026-10-10T18:08:33.919+05:30  INFO 15707 --- [taskflow] [main] tc.testcontainers/ryuk:0.14.0            : Container testcontainers/ryuk:0.14.0 is starting: a5d0adfc26dd2f671598c4e1e8773814c78b7787f7cb319e68e2a3ff98837611
2026-10-10T18:08:34.302+05:30  INFO 15707 --- [taskflow] [main] tc.testcontainers/ryuk:0.14.0            : Container testcontainers/ryuk:0.14.0 started in PT0.638089S
2026-10-10T18:08:34.309+05:30  INFO 15707 --- [taskflow] [main] o.t.utility.RyukResourceReaper           : Ryuk started - will monitor and terminate Testcontainers containers on JVM exit
2026-10-10T18:08:34.309+05:30  INFO 15707 --- [taskflow] [main] org.testcontainers.DockerClientFactory   : Checking the system...
2026-10-10T18:08:34.310+05:30  INFO 15707 --- [taskflow] [main] org.testcontainers.DockerClientFactory   : ✔︎ Docker server version should be at least 1.6.0
2026-10-10T18:08:34.310+05:30  INFO 15707 --- [taskflow] [main] tc.postgres:16-alpine                    : Creating container for image: postgres:16-alpine
2026-10-10T18:08:34.341+05:30  INFO 15707 --- [taskflow] [main] tc.postgres:16-alpine                    : Container postgres:16-alpine is starting: b176ee0502a49115a35d87d7e87fb0f420d752efd2423732c74ec06149f86517
2026-10-10T18:08:35.400+05:30  INFO 15707 --- [taskflow] [main] tc.postgres:16-alpine                    : Container postgres:16-alpine started in PT1.089643S
2026-10-10T18:08:35.402+05:30  INFO 15707 --- [taskflow] [main] tc.postgres:16-alpine                    : Container is started (JDBC URL: jdbc:postgresql://localhost:52720/test?loggerLevel=OFF)
2026-10-10T18:08:35.410+05:30  INFO 15707 --- [taskflow] [main] t.c.s.AnnotationConfigContextLoaderUtils : Could not detect default configuration classes for test class [com.example.taskflow.integration.TaskRepositoryPostgresIntegrationTest]: TaskRepositoryPostgresIntegrationTest does not declare any static, non-private, non-final, nested classes annotated with @Configuration.
2026-10-10T18:08:35.432+05:30  INFO 15707 --- [taskflow] [main] .b.t.c.SpringBootTestContextBootstrapper : Found @SpringBootConfiguration com.example.taskflow.TaskflowApplication for test class com.example.taskflow.integration.TaskRepositoryPostgresIntegrationTest
2026-10-10T18:08:35.435+05:30  INFO 15707 --- [taskflow] [main] t.c.s.AnnotationConfigContextLoaderUtils : Could not detect default configuration classes for test class [com.example.taskflow.integration.TaskRepositoryPostgresIntegrationTest]: TaskRepositoryPostgresIntegrationTest does not declare any static, non-private, non-final, nested classes annotated with @Configuration.
2026-10-10T18:08:35.437+05:30  INFO 15707 --- [taskflow] [main] .b.t.c.SpringBootTestContextBootstrapper : Found @SpringBootConfiguration com.example.taskflow.TaskflowApplication for test class com.example.taskflow.integration.TaskRepositoryPostgresIntegrationTest
2026-10-10T18:08:35.452+05:30  INFO 15707 --- [taskflow] [main] o.s.b.d.r.RestartApplicationListener     : Restart disabled due to context in which it is running
2026-10-10T18:08:35.474+05:30  INFO 15707 --- [taskflow] [main] .i.TaskRepositoryPostgresIntegrationTest : Starting TaskRepositoryPostgresIntegrationTest using Java 22.0.2 with PID 15707 (started by janidubomal in /Users/janidubomal/Downloads/taskflow)
2026-10-10T18:08:35.474+05:30 DEBUG 15707 --- [taskflow] [main] .i.TaskRepositoryPostgresIntegrationTest : Running with Spring Boot v4.1.1, Spring v7.0.9
2026-10-10T18:08:35.475+05:30  INFO 15707 --- [taskflow] [main] .i.TaskRepositoryPostgresIntegrationTest : The following 1 profile is active: "dev"
2026-10-10T18:08:35.687+05:30  INFO 15707 --- [taskflow] [main] .s.d.r.c.RepositoryConfigurationDelegate : Bootstrapping Spring Data JPA repositories in DEFAULT mode.
2026-10-10T18:08:35.692+05:30  INFO 15707 --- [taskflow] [main] .s.d.r.c.RepositoryConfigurationDelegate : Finished Spring Data repository scanning in 3 ms. Found 1 JPA repository interface.
2026-10-10T18:08:36.005+05:30  INFO 15707 --- [taskflow] [main] org.flywaydb.core.FlywayExecutor         : Database: jdbc:postgresql://localhost:52720/test?loggerLevel=OFF (PostgreSQL 16.15)
2026-10-10T18:08:36.037+05:30  INFO 15707 --- [taskflow] [main] o.f.c.i.s.JdbcTableSchemaHistory         : Schema history table "public"."flyway_schema_history" does not exist yet
2026-10-10T18:08:36.039+05:30  INFO 15707 --- [taskflow] [main] o.f.core.internal.command.DbValidate     : Successfully validated 2 migrations (execution time 00:00.008s)
2026-10-10T18:08:36.051+05:30  INFO 15707 --- [taskflow] [main] o.f.c.i.s.JdbcTableSchemaHistory         : Creating Schema History table "public"."flyway_schema_history" ...
2026-10-10T18:08:36.081+05:30  INFO 15707 --- [taskflow] [main] o.f.core.internal.command.DbMigrate      : Current version of schema "public": << Empty Schema >>
2026-10-10T18:08:36.085+05:30  INFO 15707 --- [taskflow] [main] o.f.core.internal.command.DbMigrate      : Migrating schema "public" to version "1 - create tasks table"
2026-10-10T18:08:36.102+05:30  INFO 15707 --- [taskflow] [main] o.f.core.internal.command.DbMigrate      : Migrating schema "public" to version "2 - add priority to tasks"
2026-10-10T18:08:36.110+05:30  INFO 15707 --- [taskflow] [main] o.f.core.internal.command.DbMigrate      : Successfully applied 2 migrations to schema "public", now at version v2 (execution time 00:00.009s)
2026-10-10T18:08:36.120+05:30  INFO 15707 --- [taskflow] [main] org.hibernate.orm.jpa                    : HHH008540: Processing PersistenceUnitInfo [name: default]
2026-10-10T18:08:36.130+05:30  INFO 15707 --- [taskflow] [main] o.s.o.j.p.SpringPersistenceUnitInfo      : No LoadTimeWeaver setup: ignoring JPA class transformer
2026-10-10T18:08:36.130+05:30  INFO 15707 --- [taskflow] [main] com.zaxxer.hikari.HikariDataSource       : HikariPool-1 - Starting...
2026-10-10T18:08:36.141+05:30  INFO 15707 --- [taskflow] [main] com.zaxxer.hikari.pool.HikariPool        : HikariPool-1 - Added connection org.postgresql.jdbc.PgConnection@1045fe3b
2026-10-10T18:08:36.142+05:30  INFO 15707 --- [taskflow] [main] com.zaxxer.hikari.HikariDataSource       : HikariPool-1 - Start completed.
2026-10-10T18:08:36.154+05:30  INFO 15707 --- [taskflow] [main] org.hibernate.orm.connections.pooling    : HHH10001005: Database info:
	Database JDBC URL [jdbc:postgresql://localhost:52720/test?loggerLevel=OFF]
	Database driver: PostgreSQL JDBC Driver
	Database dialect: PostgreSQLDialect
	Database version: 16.15
	Default catalog/schema: test/public
	Autocommit mode: undefined/unknown
	Isolation level: READ_COMMITTED [default READ_COMMITTED]
	JDBC fetch size: none
	Pool: DataSourceConnectionProvider
	Minimum pool size: undefined/unknown
	Maximum pool size: undefined/unknown
2026-10-10T18:08:36.181+05:30  INFO 15707 --- [taskflow] [main] org.hibernate.orm.core                   : HHH000489: No JTA platform available (set 'hibernate.transaction.jta.platform' to enable JTA platform integration)
2026-10-10T18:08:36.205+05:30  INFO 15707 --- [taskflow] [main] j.LocalContainerEntityManagerFactoryBean : Initialized JPA EntityManagerFactory for persistence unit 'default'
2026-10-10T18:08:36.293+05:30  WARN 15707 --- [taskflow] [main] JpaBaseConfiguration$JpaWebConfiguration : spring.jpa.open-in-view is enabled by default. Therefore, database queries may be performed during view rendering. Explicitly configure spring.jpa.open-in-view to disable this warning
2026-10-10T18:08:36.485+05:30  INFO 15707 --- [taskflow] [main] o.s.b.a.e.web.EndpointLinksResolver      : Exposing 4 endpoints beneath base path '/actuator'
2026-10-10T18:08:36.510+05:30  INFO 15707 --- [taskflow] [main] .i.TaskRepositoryPostgresIntegrationTest : Started TaskRepositoryPostgresIntegrationTest in 1.058 seconds (process running for 5.667)
2026-10-10T18:08:36.786+05:30  INFO 15707 --- [taskflow] [main] tc.postgres:16-alpine                    : Creating container for image: postgres:16-alpine
2026-10-10T18:08:36.838+05:30  INFO 15707 --- [taskflow] [main] tc.postgres:16-alpine                    : Container postgres:16-alpine is starting: 9d0b6d45b8b2147bfd7b90ce5a4c34bf69e2f695dd444df7c5ec5b76bc9ed6c7
2026-10-10T18:08:37.811+05:30  INFO 15707 --- [taskflow] [main] tc.postgres:16-alpine                    : Container postgres:16-alpine started in PT1.025394S
2026-10-10T18:08:37.814+05:30  INFO 15707 --- [taskflow] [main] tc.postgres:16-alpine                    : Container is started (JDBC URL: jdbc:postgresql://localhost:52736/test?loggerLevel=OFF)
2026-10-10T18:08:37.832+05:30  INFO 15707 --- [taskflow] [main] t.c.s.AnnotationConfigContextLoaderUtils : Could not detect default configuration classes for test class [com.example.taskflow.integration.TaskApiIntegrationTest]: TaskApiIntegrationTest does not declare any static, non-private, non-final, nested classes annotated with @Configuration.
2026-10-10T18:08:37.842+05:30  INFO 15707 --- [taskflow] [main] .b.t.c.SpringBootTestContextBootstrapper : Found @SpringBootConfiguration com.example.taskflow.TaskflowApplication for test class com.example.taskflow.integration.TaskApiIntegrationTest
2026-10-10T18:08:37.845+05:30  INFO 15707 --- [taskflow] [main] t.c.s.AnnotationConfigContextLoaderUtils : Could not detect default configuration classes for test class [com.example.taskflow.integration.TaskApiIntegrationTest]: TaskApiIntegrationTest does not declare any static, non-private, non-final, nested classes annotated with @Configuration.
2026-10-10T18:08:37.848+05:30  INFO 15707 --- [taskflow] [main] .b.t.c.SpringBootTestContextBootstrapper : Found @SpringBootConfiguration com.example.taskflow.TaskflowApplication for test class com.example.taskflow.integration.TaskApiIntegrationTest
2026-10-10T18:08:37.859+05:30  INFO 15707 --- [taskflow] [main] o.s.b.d.r.RestartApplicationListener     : Restart disabled due to context in which it is running
2026-10-10T18:08:37.878+05:30  INFO 15707 --- [taskflow] [main] c.e.t.i.TaskApiIntegrationTest           : Starting TaskApiIntegrationTest using Java 22.0.2 with PID 15707 (started by janidubomal in /Users/janidubomal/Downloads/taskflow)
2026-10-10T18:08:37.879+05:30 DEBUG 15707 --- [taskflow] [main] c.e.t.i.TaskApiIntegrationTest           : Running with Spring Boot v4.1.1, Spring v7.0.9
2026-10-10T18:08:37.879+05:30  INFO 15707 --- [taskflow] [main] c.e.t.i.TaskApiIntegrationTest           : The following 1 profile is active: "dev"
2026-10-10T18:08:37.969+05:30  INFO 15707 --- [taskflow] [main] .s.d.r.c.RepositoryConfigurationDelegate : Bootstrapping Spring Data JPA repositories in DEFAULT mode.
2026-10-10T18:08:37.972+05:30  INFO 15707 --- [taskflow] [main] .s.d.r.c.RepositoryConfigurationDelegate : Finished Spring Data repository scanning in 2 ms. Found 1 JPA repository interface.
2026-10-10T18:08:38.070+05:30  INFO 15707 --- [taskflow] [main] org.flywaydb.core.FlywayExecutor         : Database: jdbc:postgresql://localhost:52736/test?loggerLevel=OFF (PostgreSQL 16.15)
2026-10-10T18:08:38.079+05:30  INFO 15707 --- [taskflow] [main] o.f.c.i.s.JdbcTableSchemaHistory         : Schema history table "public"."flyway_schema_history" does not exist yet
2026-10-10T18:08:38.080+05:30  INFO 15707 --- [taskflow] [main] o.f.core.internal.command.DbValidate     : Successfully validated 2 migrations (execution time 00:00.002s)
2026-10-10T18:08:38.091+05:30  INFO 15707 --- [taskflow] [main] o.f.c.i.s.JdbcTableSchemaHistory         : Creating Schema History table "public"."flyway_schema_history" ...
2026-10-10T18:08:38.108+05:30  INFO 15707 --- [taskflow] [main] o.f.core.internal.command.DbMigrate      : Current version of schema "public": << Empty Schema >>
2026-10-10T18:08:38.110+05:30  INFO 15707 --- [taskflow] [main] o.f.core.internal.command.DbMigrate      : Migrating schema "public" to version "1 - create tasks table"
2026-10-10T18:08:38.120+05:30  INFO 15707 --- [taskflow] [main] o.f.core.internal.command.DbMigrate      : Migrating schema "public" to version "2 - add priority to tasks"
2026-10-10T18:08:38.126+05:30  INFO 15707 --- [taskflow] [main] o.f.core.internal.command.DbMigrate      : Successfully applied 2 migrations to schema "public", now at version v2 (execution time 00:00.006s)
2026-10-10T18:08:38.141+05:30  INFO 15707 --- [taskflow] [main] org.hibernate.orm.jpa                    : HHH008540: Processing PersistenceUnitInfo [name: default]
2026-10-10T18:08:38.149+05:30  INFO 15707 --- [taskflow] [main] o.s.o.j.p.SpringPersistenceUnitInfo      : No LoadTimeWeaver setup: ignoring JPA class transformer
2026-10-10T18:08:38.150+05:30  INFO 15707 --- [taskflow] [main] com.zaxxer.hikari.HikariDataSource       : HikariPool-2 - Starting...
2026-10-10T18:08:38.157+05:30  INFO 15707 --- [taskflow] [main] com.zaxxer.hikari.pool.HikariPool        : HikariPool-2 - Added connection org.postgresql.jdbc.PgConnection@4daaad61
2026-10-10T18:08:38.157+05:30  INFO 15707 --- [taskflow] [main] com.zaxxer.hikari.HikariDataSource       : HikariPool-2 - Start completed.
2026-10-10T18:08:38.164+05:30  INFO 15707 --- [taskflow] [main] org.hibernate.orm.connections.pooling    : HHH10001005: Database info:
	Database JDBC URL [jdbc:postgresql://localhost:52736/test?loggerLevel=OFF]
	Database driver: PostgreSQL JDBC Driver
	Database dialect: PostgreSQLDialect
	Database version: 16.15
	Default catalog/schema: test/public
	Autocommit mode: undefined/unknown
	Isolation level: READ_COMMITTED [default READ_COMMITTED]
	JDBC fetch size: none
	Pool: DataSourceConnectionProvider
	Minimum pool size: undefined/unknown
	Maximum pool size: undefined/unknown
2026-10-10T18:08:38.183+05:30  INFO 15707 --- [taskflow] [main] org.hibernate.orm.core                   : HHH000489: No JTA platform available (set 'hibernate.transaction.jta.platform' to enable JTA platform integration)
2026-10-10T18:08:38.192+05:30  INFO 15707 --- [taskflow] [main] j.LocalContainerEntityManagerFactoryBean : Initialized JPA EntityManagerFactory for persistence unit 'default'
2026-10-10T18:08:38.224+05:30  WARN 15707 --- [taskflow] [main] JpaBaseConfiguration$JpaWebConfiguration : spring.jpa.open-in-view is enabled by default. Therefore, database queries may be performed during view rendering. Explicitly configure spring.jpa.open-in-view to disable this warning
2026-10-10T18:08:38.273+05:30  INFO 15707 --- [taskflow] [main] o.s.b.t.m.w.SpringBootMockServletContext : Initializing Spring TestDispatcherServlet ''
2026-10-10T18:08:38.273+05:30  INFO 15707 --- [taskflow] [main] o.s.t.web.servlet.TestDispatcherServlet  : Initializing Servlet ''
2026-10-10T18:08:38.275+05:30  INFO 15707 --- [taskflow] [main] o.s.b.a.e.web.EndpointLinksResolver      : Exposing 4 endpoints beneath base path '/actuator'
2026-10-10T18:08:38.277+05:30  INFO 15707 --- [taskflow] [main] o.s.t.web.servlet.TestDispatcherServlet  : Completed initialization in 3 ms
2026-10-10T18:08:38.284+05:30  INFO 15707 --- [taskflow] [main] c.e.t.i.TaskApiIntegrationTest           : Started TaskApiIntegrationTest in 0.426 seconds (process running for 7.442)
2026-10-10T18:08:38.337+05:30  INFO 15707 --- [taskflow] [main] c.example.taskflow.services.TaskService  : Creating task with title: Learn Spring Boot
2026-10-10T18:08:38.340+05:30  INFO 15707 --- [taskflow] [main] c.example.taskflow.services.TaskService  : Task created successfully with id: 1
2026-10-10T18:08:38.354+05:30  INFO 15707 --- [taskflow] [main] c.example.taskflow.services.TaskService  : Creating task with title: Learn Docker
2026-10-10T18:08:38.355+05:30  INFO 15707 --- [taskflow] [main] c.example.taskflow.services.TaskService  : Task created successfully with id: 2
2026-10-10T18:08:38.385+05:30 DEBUG 15707 --- [taskflow] [main] c.example.taskflow.services.TaskService  : Finding task with id: 999
2026-10-10T18:08:38.387+05:30  WARN 15707 --- [taskflow] [main] c.example.taskflow.services.TaskService  : Task not found with id: 999
2026-10-10T18:08:38.397+05:30  INFO 15707 --- [taskflow] [main] c.example.taskflow.services.TaskService  : Creating task with title: Learn Testcontainers
2026-10-10T18:08:38.398+05:30  INFO 15707 --- [taskflow] [main] c.example.taskflow.services.TaskService  : Task created successfully with id: 3
2026-10-10T18:08:38.420+05:30  INFO 15707 --- [taskflow] [main] c.example.taskflow.services.TaskService  : Creating task with title: Learn Integration Testing
2026-10-10T18:08:38.422+05:30  INFO 15707 --- [taskflow] [main] c.example.taskflow.services.TaskService  : Task created successfully with id: 4
2026-10-10T18:08:38.434+05:30  INFO 15707 --- [taskflow] [main] c.example.taskflow.services.TaskService  : Creating task with title: Delete this task
2026-10-10T18:08:38.435+05:30  INFO 15707 --- [taskflow] [main] c.example.taskflow.services.TaskService  : Task created successfully with id: 5
2026-10-10T18:08:38.449+05:30  INFO 15707 --- [taskflow] [main] c.example.taskflow.services.TaskService  : Creating task with title: Finish Spring Testing
2026-10-10T18:08:38.451+05:30  INFO 15707 --- [taskflow] [main] c.example.taskflow.services.TaskService  : Task created successfully with id: 6
2026-10-10T18:08:38.628+05:30  INFO 15707 --- [taskflow] [main] tc.postgres:16-alpine                    : Creating container for image: postgres:16-alpine
2026-10-10T18:08:38.659+05:30  INFO 15707 --- [taskflow] [main] tc.postgres:16-alpine                    : Container postgres:16-alpine is starting: b031b20391cd354a6d1369dfeabe130cf464cc203124e71c52769c9bfcd2b543
2026-10-10T18:08:39.655+05:30  INFO 15707 --- [taskflow] [main] tc.postgres:16-alpine                    : Container postgres:16-alpine started in PT1.027077S
2026-10-10T18:08:39.663+05:30  INFO 15707 --- [taskflow] [main] tc.postgres:16-alpine                    : Container is started (JDBC URL: jdbc:postgresql://localhost:52754/test?loggerLevel=OFF)
2026-10-10T18:08:39.667+05:30  INFO 15707 --- [taskflow] [main] t.c.s.AnnotationConfigContextLoaderUtils : Could not detect default configuration classes for test class [com.example.taskflow.TaskflowApplicationTests]: TaskflowApplicationTests does not declare any static, non-private, non-final, nested classes annotated with @Configuration.
2026-10-10T18:08:39.683+05:30  INFO 15707 --- [taskflow] [main] .b.t.c.SpringBootTestContextBootstrapper : Found @SpringBootConfiguration com.example.taskflow.TaskflowApplication for test class com.example.taskflow.TaskflowApplicationTests
2026-10-10T18:08:39.684+05:30  INFO 15707 --- [taskflow] [main] t.c.s.AnnotationConfigContextLoaderUtils : Could not detect default configuration classes for test class [com.example.taskflow.TaskflowApplicationTests]: TaskflowApplicationTests does not declare any static, non-private, non-final, nested classes annotated with @Configuration.
2026-10-10T18:08:39.687+05:30  INFO 15707 --- [taskflow] [main] .b.t.c.SpringBootTestContextBootstrapper : Found @SpringBootConfiguration com.example.taskflow.TaskflowApplication for test class com.example.taskflow.TaskflowApplicationTests
2026-10-10T18:08:39.706+05:30  INFO 15707 --- [taskflow] [main] o.s.b.d.r.RestartApplicationListener     : Restart disabled due to context in which it is running
2026-10-10T18:08:39.743+05:30  INFO 15707 --- [taskflow] [main] c.e.taskflow.TaskflowApplicationTests    : Starting TaskflowApplicationTests using Java 22.0.2 with PID 15707 (started by janidubomal in /Users/janidubomal/Downloads/taskflow)
2026-10-10T18:08:39.743+05:30 DEBUG 15707 --- [taskflow] [main] c.e.taskflow.TaskflowApplicationTests    : Running with Spring Boot v4.1.1, Spring v7.0.9
2026-10-10T18:08:39.743+05:30  INFO 15707 --- [taskflow] [main] c.e.taskflow.TaskflowApplicationTests    : The following 1 profile is active: "dev"
2026-10-10T18:08:39.884+05:30  INFO 15707 --- [taskflow] [main] .s.d.r.c.RepositoryConfigurationDelegate : Bootstrapping Spring Data JPA repositories in DEFAULT mode.
2026-10-10T18:08:39.887+05:30  INFO 15707 --- [taskflow] [main] .s.d.r.c.RepositoryConfigurationDelegate : Finished Spring Data repository scanning in 2 ms. Found 1 JPA repository interface.
2026-10-10T18:08:39.948+05:30  INFO 15707 --- [taskflow] [main] org.flywaydb.core.FlywayExecutor         : Database: jdbc:postgresql://localhost:52754/test?loggerLevel=OFF (PostgreSQL 16.15)
2026-10-10T18:08:39.957+05:30  INFO 15707 --- [taskflow] [main] o.f.c.i.s.JdbcTableSchemaHistory         : Schema history table "public"."flyway_schema_history" does not exist yet
2026-10-10T18:08:39.957+05:30  INFO 15707 --- [taskflow] [main] o.f.core.internal.command.DbValidate     : Successfully validated 2 migrations (execution time 00:00.001s)
2026-10-10T18:08:39.962+05:30  INFO 15707 --- [taskflow] [main] o.f.c.i.s.JdbcTableSchemaHistory         : Creating Schema History table "public"."flyway_schema_history" ...
2026-10-10T18:08:39.975+05:30  INFO 15707 --- [taskflow] [main] o.f.core.internal.command.DbMigrate      : Current version of schema "public": << Empty Schema >>
2026-10-10T18:08:39.976+05:30  INFO 15707 --- [taskflow] [main] o.f.core.internal.command.DbMigrate      : Migrating schema "public" to version "1 - create tasks table"
2026-10-10T18:08:39.986+05:30  INFO 15707 --- [taskflow] [main] o.f.core.internal.command.DbMigrate      : Migrating schema "public" to version "2 - add priority to tasks"
2026-10-10T18:08:39.991+05:30  INFO 15707 --- [taskflow] [main] o.f.core.internal.command.DbMigrate      : Successfully applied 2 migrations to schema "public", now at version v2 (execution time 00:00.005s)
2026-10-10T18:08:39.999+05:30  INFO 15707 --- [taskflow] [main] org.hibernate.orm.jpa                    : HHH008540: Processing PersistenceUnitInfo [name: default]
2026-10-10T18:08:40.006+05:30  INFO 15707 --- [taskflow] [main] o.s.o.j.p.SpringPersistenceUnitInfo      : No LoadTimeWeaver setup: ignoring JPA class transformer
2026-10-10T18:08:40.006+05:30  INFO 15707 --- [taskflow] [main] com.zaxxer.hikari.HikariDataSource       : HikariPool-3 - Starting...
2026-10-10T18:08:40.017+05:30  INFO 15707 --- [taskflow] [main] com.zaxxer.hikari.pool.HikariPool        : HikariPool-3 - Added connection org.postgresql.jdbc.PgConnection@1f974b5d
2026-10-10T18:08:40.018+05:30  INFO 15707 --- [taskflow] [main] com.zaxxer.hikari.HikariDataSource       : HikariPool-3 - Start completed.
2026-10-10T18:08:40.024+05:30  INFO 15707 --- [taskflow] [main] org.hibernate.orm.connections.pooling    : HHH10001005: Database info:
	Database JDBC URL [jdbc:postgresql://localhost:52754/test?loggerLevel=OFF]
	Database driver: PostgreSQL JDBC Driver
	Database dialect: PostgreSQLDialect
	Database version: 16.15
	Default catalog/schema: test/public
	Autocommit mode: undefined/unknown
	Isolation level: READ_COMMITTED [default READ_COMMITTED]
	JDBC fetch size: none
	Pool: DataSourceConnectionProvider
	Minimum pool size: undefined/unknown
	Maximum pool size: undefined/unknown
2026-10-10T18:08:40.045+05:30  INFO 15707 --- [taskflow] [main] org.hibernate.orm.core                   : HHH000489: No JTA platform available (set 'hibernate.transaction.jta.platform' to enable JTA platform integration)
2026-10-10T18:08:40.056+05:30  INFO 15707 --- [taskflow] [main] j.LocalContainerEntityManagerFactoryBean : Initialized JPA EntityManagerFactory for persistence unit 'default'
2026-10-10T18:08:40.072+05:30  WARN 15707 --- [taskflow] [main] JpaBaseConfiguration$JpaWebConfiguration : spring.jpa.open-in-view is enabled by default. Therefore, database queries may be performed during view rendering. Explicitly configure spring.jpa.open-in-view to disable this warning
2026-10-10T18:08:40.108+05:30  INFO 15707 --- [taskflow] [main] o.s.b.a.e.web.EndpointLinksResolver      : Exposing 4 endpoints beneath base path '/actuator'
2026-10-10T18:08:40.113+05:30  INFO 15707 --- [taskflow] [main] c.e.taskflow.TaskflowApplicationTests    : Started TaskflowApplicationTests in 0.408 seconds (process running for 9.272)
2026-10-10T18:08:40.258+05:30  INFO 15707 --- [taskflow] [main] t.c.s.AnnotationConfigContextLoaderUtils : Could not detect default configuration classes for test class [com.example.taskflow.controller.TaskControllerTest]: TaskControllerTest does not declare any static, non-private, non-final, nested classes annotated with @Configuration.
2026-10-10T18:08:40.266+05:30  INFO 15707 --- [taskflow] [main] .b.t.c.SpringBootTestContextBootstrapper : Found @SpringBootConfiguration com.example.taskflow.TaskflowApplication for test class com.example.taskflow.controller.TaskControllerTest
2026-10-10T18:08:40.266+05:30  INFO 15707 --- [taskflow] [main] t.c.s.AnnotationConfigContextLoaderUtils : Could not detect default configuration classes for test class [com.example.taskflow.controller.TaskControllerTest]: TaskControllerTest does not declare any static, non-private, non-final, nested classes annotated with @Configuration.
2026-10-10T18:08:40.269+05:30  INFO 15707 --- [taskflow] [main] .b.t.c.SpringBootTestContextBootstrapper : Found @SpringBootConfiguration com.example.taskflow.TaskflowApplication for test class com.example.taskflow.controller.TaskControllerTest
2026-10-10T18:08:40.271+05:30  INFO 15707 --- [taskflow] [main] o.s.b.d.r.RestartApplicationListener     : Restart disabled due to context in which it is running
2026-10-10T18:08:40.281+05:30  INFO 15707 --- [taskflow] [main] c.e.t.controller.TaskControllerTest      : Starting TaskControllerTest using Java 22.0.2 with PID 15707 (started by janidubomal in /Users/janidubomal/Downloads/taskflow)
2026-10-10T18:08:40.281+05:30 DEBUG 15707 --- [taskflow] [main] c.e.t.controller.TaskControllerTest      : Running with Spring Boot v4.1.1, Spring v7.0.9
2026-10-10T18:08:40.281+05:30  INFO 15707 --- [taskflow] [main] c.e.t.controller.TaskControllerTest      : The following 1 profile is active: "dev"
2026-10-10T18:08:40.463+05:30  WARN 15707 --- [taskflow] [main] o.s.w.c.s.GenericWebApplicationContext   : Exception encountered during context initialization - cancelling refresh attempt: org.springframework.beans.factory.UnsatisfiedDependencyException: Error creating bean with name 'taskController' defined in file [/Users/janidubomal/Downloads/taskflow/target/classes/com/example/taskflow/controller/TaskController.class]: Unsatisfied dependency expressed through constructor parameter 1: No qualifying bean of type 'com.example.taskflow.mappers.TaskMapper' available: expected at least 1 bean which qualifies as autowire candidate. Dependency annotations: {}
2026-10-10T18:08:40.472+05:30  INFO 15707 --- [taskflow] [main] .s.b.a.l.ConditionEvaluationReportLogger : 

Error starting ApplicationContext. To display the condition evaluation report re-run your application with 'debug' enabled.
2026-10-10T18:08:40.490+05:30 ERROR 15707 --- [taskflow] [main] o.s.b.d.LoggingFailureAnalysisReporter   : 

***************************
APPLICATION FAILED TO START
***************************

Description:

Parameter 1 of constructor in com.example.taskflow.controller.TaskController required a bean of type 'com.example.taskflow.mappers.TaskMapper' that could not be found.


Action:

Consider defining a bean of type 'com.example.taskflow.mappers.TaskMapper' in your configuration.

2026-10-10T18:08:40.491+05:30  WARN 15707 --- [taskflow] [main] o.s.test.context.TestContextManager      : Caught exception while allowing TestExecutionListener [org.springframework.test.context.bean.override.BeanOverrideTestExecutionListener] to prepare test instance [com.example.taskflow.controller.TaskControllerTest@4c57051a]

java.lang.IllegalStateException: Failed to load ApplicationContext for [WebMergedContextConfiguration@2787e051 testClass = com.example.taskflow.controller.TaskControllerTest, locations = [], classes = [com.example.taskflow.TaskflowApplication], contextInitializerClasses = [], activeProfiles = [], propertySourceDescriptors = [], propertySourceProperties = ["org.springframework.boot.webmvc.test.autoconfigure.WebMvcTestContextBootstrapper=true"], contextCustomizers = [org.springframework.boot.webmvc.test.autoconfigure.WebDriverContextCustomizer@2a2da905, org.springframework.boot.web.server.context.SpringBootTestRandomPortContextCustomizer@302fec27, [ImportsContextCustomizer@2db51c5b key = [org.springframework.boot.data.autoconfigure.web.DataWebAutoConfiguration, org.springframework.boot.autoconfigure.task.TaskExecutionAutoConfiguration, org.springframework.boot.webmvc.autoconfigure.error.ErrorMvcAutoConfiguration, org.springframework.boot.validation.autoconfigure.ValidationAutoConfiguration, org.springframework.boot.webmvc.autoconfigure.WebMvcAutoConfiguration, org.springframework.boot.http.converter.autoconfigure.HttpMessageConvertersAutoConfiguration, org.springframework.boot.webmvc.test.autoconfigure.MockMvcWebDriverAutoConfiguration, org.springframework.boot.jackson.autoconfigure.JacksonAutoConfiguration, org.springframework.boot.webmvc.test.autoconfigure.MockMvcWebClientAutoConfiguration, org.springframework.boot.autoconfigure.context.MessageSourceAutoConfiguration, org.springframework.boot.servlet.autoconfigure.HttpEncodingAutoConfiguration, org.springframework.boot.webmvc.test.autoconfigure.MockMvcAutoConfiguration]], org.springframework.boot.test.context.PropertyMappingContextCustomizer@2d298995, org.springframework.boot.test.context.filter.ExcludeFilterContextCustomizer@677dbd89, org.springframework.boot.test.context.filter.annotation.TypeExcludeFiltersContextCustomizer@f60d0050, org.springframework.boot.test.json.DuplicateJsonObjectContextCustomizerFactory$DuplicateJsonObjectContextCustomizer@5707c1cb, org.springframework.boot.test.autoconfigure.OnFailureConditionReportContextCustomizerFactory$OnFailureConditionReportContextCustomizer@ecf9049, org.springframework.boot.test.autoconfigure.OverrideAutoConfigurationContextCustomizerFactory$DisableAutoConfigurationContextCustomizer@6d511b5f, org.springframework.test.context.bean.override.BeanOverrideContextCustomizer@48789ba6, org.springframework.test.context.support.DynamicPropertiesContextCustomizer@0, org.springframework.boot.testcontainers.service.connection.ServiceConnectionContextCustomizer@0, org.springframework.boot.test.context.SpringBootTestAnnotation@48d9ff29], resourceBasePath = "src/main/webapp", contextLoader = org.springframework.boot.test.context.SpringBootContextLoader, parent = null]
	at org.springframework.test.context.cache.DefaultCacheAwareContextLoaderDelegate.lambda$loadContext$0(DefaultCacheAwareContextLoaderDelegate.java:195) ~[spring-test-7.0.9.jar:7.0.9]
	at org.springframework.test.context.cache.DefaultContextCache.put(DefaultContextCache.java:214) ~[spring-test-7.0.9.jar:7.0.9]
	at org.springframework.test.context.cache.DefaultCacheAwareContextLoaderDelegate.loadContext(DefaultCacheAwareContextLoaderDelegate.java:160) ~[spring-test-7.0.9.jar:7.0.9]
	at org.springframework.test.context.support.DefaultTestContext.getApplicationContext(DefaultTestContext.java:128) ~[spring-test-7.0.9.jar:7.0.9]
	at org.springframework.test.context.bean.override.BeanOverrideTestExecutionListener.injectFields(BeanOverrideTestExecutionListener.java:107) ~[spring-test-7.0.9.jar:7.0.9]
	at org.springframework.test.context.bean.override.BeanOverrideTestExecutionListener.prepareTestInstance(BeanOverrideTestExecutionListener.java:70) ~[spring-test-7.0.9.jar:7.0.9]
	at org.springframework.test.context.TestContextManager.prepareTestInstance(TestContextManager.java:260) ~[spring-test-7.0.9.jar:7.0.9]
	at org.springframework.test.context.junit.jupiter.SpringExtension.postProcessTestInstance(SpringExtension.java:242) ~[spring-test-7.0.9.jar:7.0.9]
	at org.junit.jupiter.engine.descriptor.ClassBasedTestDescriptor.lambda$invokeTestInstancePostProcessors$1(ClassBasedTestDescriptor.java:423) ~[junit-jupiter-engine-6.0.3.jar:6.0.3]
	at org.junit.jupiter.engine.descriptor.ClassBasedTestDescriptor.executeAndMaskThrowable(ClassBasedTestDescriptor.java:428) ~[junit-jupiter-engine-6.0.3.jar:6.0.3]
	at org.junit.jupiter.engine.descriptor.ClassBasedTestDescriptor.lambda$invokeTestInstancePostProcessors$0(ClassBasedTestDescriptor.java:422) ~[junit-jupiter-engine-6.0.3.jar:6.0.3]
	at java.base/java.util.stream.ForEachOps$ForEachOp$OfRef.accept(ForEachOps.java:184) ~[na:na]
	at java.base/java.util.stream.ReferencePipeline$3$1.accept(ReferencePipeline.java:212) ~[na:na]
	at java.base/java.util.stream.ReferencePipeline$2$1.accept(ReferencePipeline.java:194) ~[na:na]
	at java.base/java.util.stream.ReferencePipeline$3$1.accept(ReferencePipeline.java:212) ~[na:na]
	at java.base/java.util.ArrayList$ArrayListSpliterator.forEachRemaining(ArrayList.java:1709) ~[na:na]
	at java.base/java.util.stream.AbstractPipeline.copyInto(AbstractPipeline.java:556) ~[na:na]
	at java.base/java.util.stream.AbstractPipeline.wrapAndCopyInto(AbstractPipeline.java:546) ~[na:na]
	at java.base/java.util.stream.ForEachOps$ForEachOp.evaluateSequential(ForEachOps.java:151) ~[na:na]
	at java.base/java.util.stream.ForEachOps$ForEachOp$OfRef.evaluateSequential(ForEachOps.java:174) ~[na:na]
	at java.base/java.util.stream.AbstractPipeline.evaluate(AbstractPipeline.java:265) ~[na:na]
	at java.base/java.util.stream.ReferencePipeline.forEach(ReferencePipeline.java:611) ~[na:na]
	at org.junit.jupiter.engine.descriptor.ClassBasedTestDescriptor.invokeTestInstancePostProcessors(ClassBasedTestDescriptor.java:422) ~[junit-jupiter-engine-6.0.3.jar:6.0.3]
	at org.junit.jupiter.engine.descriptor.ClassBasedTestDescriptor.lambda$instantiateAndPostProcessTestInstance$0(ClassBasedTestDescriptor.java:334) ~[junit-jupiter-engine-6.0.3.jar:6.0.3]
	at org.junit.platform.engine.support.hierarchical.ThrowableCollector.execute(ThrowableCollector.java:74) ~[junit-platform-engine-6.0.3.jar:6.0.3]
	at org.junit.jupiter.engine.descriptor.ClassBasedTestDescriptor.instantiateAndPostProcessTestInstance(ClassBasedTestDescriptor.java:333) ~[junit-jupiter-engine-6.0.3.jar:6.0.3]
	at org.junit.jupiter.engine.descriptor.ClassBasedTestDescriptor.lambda$testInstancesProvider$1(ClassBasedTestDescriptor.java:322) ~[junit-jupiter-engine-6.0.3.jar:6.0.3]
	at java.base/java.util.Optional.orElseGet(Optional.java:364) ~[na:na]
	at org.junit.jupiter.engine.descriptor.ClassBasedTestDescriptor.lambda$testInstancesProvider$0(ClassBasedTestDescriptor.java:321) ~[junit-jupiter-engine-6.0.3.jar:6.0.3]
	at org.junit.jupiter.engine.execution.TestInstancesProvider.getTestInstances(TestInstancesProvider.java:27) ~[junit-jupiter-engine-6.0.3.jar:6.0.3]
	at org.junit.jupiter.engine.descriptor.TestMethodTestDescriptor.lambda$prepare$0(TestMethodTestDescriptor.java:127) ~[junit-jupiter-engine-6.0.3.jar:6.0.3]
	at org.junit.platform.engine.support.hierarchical.ThrowableCollector.execute(ThrowableCollector.java:74) ~[junit-platform-engine-6.0.3.jar:6.0.3]
	at org.junit.jupiter.engine.descriptor.TestMethodTestDescriptor.prepare(TestMethodTestDescriptor.java:126) ~[junit-jupiter-engine-6.0.3.jar:6.0.3]
	at org.junit.jupiter.engine.descriptor.TestMethodTestDescriptor.prepare(TestMethodTestDescriptor.java:70) ~[junit-jupiter-engine-6.0.3.jar:6.0.3]
	at org.junit.platform.engine.support.hierarchical.NodeTestTask.lambda$prepare$0(NodeTestTask.java:144) ~[junit-platform-engine-6.0.3.jar:6.0.3]
	at org.junit.platform.engine.support.hierarchical.ThrowableCollector.execute(ThrowableCollector.java:74) ~[junit-platform-engine-6.0.3.jar:6.0.3]
	at org.junit.platform.engine.support.hierarchical.NodeTestTask.prepare(NodeTestTask.java:144) ~[junit-platform-engine-6.0.3.jar:6.0.3]
	at org.junit.platform.engine.support.hierarchical.NodeTestTask.execute(NodeTestTask.java:110) ~[junit-platform-engine-6.0.3.jar:6.0.3]
	at java.base/java.util.ArrayList.forEach(ArrayList.java:1597) ~[na:na]
	at org.junit.platform.engine.support.hierarchical.SameThreadHierarchicalTestExecutorService.invokeAll(SameThreadHierarchicalTestExecutorService.java:42) ~[junit-platform-engine-6.0.3.jar:6.0.3]
	at org.junit.platform.engine.support.hierarchical.NodeTestTask.lambda$executeRecursively$2(NodeTestTask.java:180) ~[junit-platform-engine-6.0.3.jar:6.0.3]
	at org.junit.platform.engine.support.hierarchical.ThrowableCollector.execute(ThrowableCollector.java:74) ~[junit-platform-engine-6.0.3.jar:6.0.3]
	at org.junit.platform.engine.support.hierarchical.NodeTestTask.lambda$executeRecursively$1(NodeTestTask.java:166) ~[junit-platform-engine-6.0.3.jar:6.0.3]
	at org.junit.platform.engine.support.hierarchical.Node.around(Node.java:138) ~[junit-platform-engine-6.0.3.jar:6.0.3]
	at org.junit.platform.engine.support.hierarchical.NodeTestTask.lambda$executeRecursively$0(NodeTestTask.java:164) ~[junit-platform-engine-6.0.3.jar:6.0.3]
	at org.junit.platform.engine.support.hierarchical.ThrowableCollector.execute(ThrowableCollector.java:74) ~[junit-platform-engine-6.0.3.jar:6.0.3]
	at org.junit.platform.engine.support.hierarchical.NodeTestTask.executeRecursively(NodeTestTask.java:163) ~[junit-platform-engine-6.0.3.jar:6.0.3]
	at org.junit.platform.engine.support.hierarchical.NodeTestTask.execute(NodeTestTask.java:116) ~[junit-platform-engine-6.0.3.jar:6.0.3]
	at java.base/java.util.ArrayList.forEach(ArrayList.java:1597) ~[na:na]
	at org.junit.platform.engine.support.hierarchical.SameThreadHierarchicalTestExecutorService.invokeAll(SameThreadHierarchicalTestExecutorService.java:42) ~[junit-platform-engine-6.0.3.jar:6.0.3]
	at org.junit.platform.engine.support.hierarchical.NodeTestTask.lambda$executeRecursively$2(NodeTestTask.java:180) ~[junit-platform-engine-6.0.3.jar:6.0.3]
	at org.junit.platform.engine.support.hierarchical.ThrowableCollector.execute(ThrowableCollector.java:74) ~[junit-platform-engine-6.0.3.jar:6.0.3]
	at org.junit.platform.engine.support.hierarchical.NodeTestTask.lambda$executeRecursively$1(NodeTestTask.java:166) ~[junit-platform-engine-6.0.3.jar:6.0.3]
	at org.junit.platform.engine.support.hierarchical.Node.around(Node.java:138) ~[junit-platform-engine-6.0.3.jar:6.0.3]
	at org.junit.platform.engine.support.hierarchical.NodeTestTask.lambda$executeRecursively$0(NodeTestTask.java:164) ~[junit-platform-engine-6.0.3.jar:6.0.3]
	at org.junit.platform.engine.support.hierarchical.ThrowableCollector.execute(ThrowableCollector.java:74) ~[junit-platform-engine-6.0.3.jar:6.0.3]
	at org.junit.platform.engine.support.hierarchical.NodeTestTask.executeRecursively(NodeTestTask.java:163) ~[junit-platform-engine-6.0.3.jar:6.0.3]
	at org.junit.platform.engine.support.hierarchical.NodeTestTask.execute(NodeTestTask.java:116) ~[junit-platform-engine-6.0.3.jar:6.0.3]
	at org.junit.platform.engine.support.hierarchical.SameThreadHierarchicalTestExecutorService.submit(SameThreadHierarchicalTestExecutorService.java:36) ~[junit-platform-engine-6.0.3.jar:6.0.3]
	at org.junit.platform.engine.support.hierarchical.HierarchicalTestExecutor.execute(HierarchicalTestExecutor.java:52) ~[junit-platform-engine-6.0.3.jar:6.0.3]
	at org.junit.platform.engine.support.hierarchical.HierarchicalTestEngine.execute(HierarchicalTestEngine.java:58) ~[junit-platform-engine-6.0.3.jar:6.0.3]
	at org.junit.platform.launcher.core.EngineExecutionOrchestrator.executeEngine(EngineExecutionOrchestrator.java:246) ~[junit-platform-launcher-6.0.3.jar:6.0.3]
	at org.junit.platform.launcher.core.EngineExecutionOrchestrator.failOrExecuteEngine(EngineExecutionOrchestrator.java:218) ~[junit-platform-launcher-6.0.3.jar:6.0.3]
	at org.junit.platform.launcher.core.EngineExecutionOrchestrator.execute(EngineExecutionOrchestrator.java:179) ~[junit-platform-launcher-6.0.3.jar:6.0.3]
	at org.junit.platform.launcher.core.EngineExecutionOrchestrator.execute(EngineExecutionOrchestrator.java:108) ~[junit-platform-launcher-6.0.3.jar:6.0.3]
	at org.junit.platform.launcher.core.EngineExecutionOrchestrator.lambda$execute$0(EngineExecutionOrchestrator.java:66) ~[junit-platform-launcher-6.0.3.jar:6.0.3]
	at org.junit.platform.launcher.core.EngineExecutionOrchestrator.withInterceptedStreams(EngineExecutionOrchestrator.java:157) ~[junit-platform-launcher-6.0.3.jar:6.0.3]
	at org.junit.platform.launcher.core.EngineExecutionOrchestrator.execute(EngineExecutionOrchestrator.java:65) ~[junit-platform-launcher-6.0.3.jar:6.0.3]
	at org.junit.platform.launcher.core.DefaultLauncher.execute(DefaultLauncher.java:125) ~[junit-platform-launcher-6.0.3.jar:6.0.3]
	at org.junit.platform.launcher.core.DefaultLauncher.execute(DefaultLauncher.java:114) ~[junit-platform-launcher-6.0.3.jar:6.0.3]
	at org.junit.platform.launcher.core.DelegatingLauncher.execute(DelegatingLauncher.java:58) ~[junit-platform-launcher-6.0.3.jar:6.0.3]
	at org.junit.platform.launcher.core.InterceptingLauncher.lambda$execute$2(InterceptingLauncher.java:57) ~[junit-platform-launcher-6.0.3.jar:6.0.3]
	at org.junit.platform.launcher.core.ClasspathAlignmentCheckingLauncherInterceptor.intercept(ClasspathAlignmentCheckingLauncherInterceptor.java:25) ~[junit-platform-launcher-6.0.3.jar:6.0.3]
	at org.junit.platform.launcher.core.InterceptingLauncher.execute(InterceptingLauncher.java:56) ~[junit-platform-launcher-6.0.3.jar:6.0.3]
	at org.junit.platform.launcher.core.DelegatingLauncher.execute(DelegatingLauncher.java:58) ~[junit-platform-launcher-6.0.3.jar:6.0.3]
	at java.base/jdk.internal.reflect.DirectMethodHandleAccessor.invoke(DirectMethodHandleAccessor.java:103) ~[na:na]
	at java.base/java.lang.reflect.Method.invoke(Method.java:580) ~[na:na]
	at org.apache.maven.surefire.api.util.ReflectionUtils.invokeMethodWithArray(ReflectionUtils.java:125) ~[surefire-api-3.5.6.jar:3.5.6]
	at org.apache.maven.surefire.junitplatform.LauncherAdapter.executeWithCancellationToken(LauncherAdapter.java:68) ~[surefire-junit-platform-3.5.6.jar:3.5.6]
	at org.apache.maven.surefire.junitplatform.LauncherAdapter.execute(LauncherAdapter.java:54) ~[surefire-junit-platform-3.5.6.jar:3.5.6]
	at org.apache.maven.surefire.junitplatform.JUnitPlatformProvider.execute(JUnitPlatformProvider.java:203) ~[surefire-junit-platform-3.5.6.jar:3.5.6]
	at org.apache.maven.surefire.junitplatform.JUnitPlatformProvider.invokeAllTests(JUnitPlatformProvider.java:168) ~[surefire-junit-platform-3.5.6.jar:3.5.6]
	at org.apache.maven.surefire.junitplatform.JUnitPlatformProvider.invoke(JUnitPlatformProvider.java:136) ~[surefire-junit-platform-3.5.6.jar:3.5.6]
	at org.apache.maven.surefire.booter.ForkedBooter.runSuitesInProcess(ForkedBooter.java:385) ~[surefire-booter-3.5.6.jar:3.5.6]
	at org.apache.maven.surefire.booter.ForkedBooter.execute(ForkedBooter.java:162) ~[surefire-booter-3.5.6.jar:3.5.6]
	at org.apache.maven.surefire.booter.ForkedBooter.run(ForkedBooter.java:507) ~[surefire-booter-3.5.6.jar:3.5.6]
	at org.apache.maven.surefire.booter.ForkedBooter.main(ForkedBooter.java:495) ~[surefire-booter-3.5.6.jar:3.5.6]
Caused by: org.springframework.beans.factory.UnsatisfiedDependencyException: Error creating bean with name 'taskController' defined in file [/Users/janidubomal/Downloads/taskflow/target/classes/com/example/taskflow/controller/TaskController.class]: Unsatisfied dependency expressed through constructor parameter 1: No qualifying bean of type 'com.example.taskflow.mappers.TaskMapper' available: expected at least 1 bean which qualifies as autowire candidate. Dependency annotations: {}
	at org.springframework.beans.factory.support.ConstructorResolver.createArgumentArray(ConstructorResolver.java:804) ~[spring-beans-7.0.9.jar:7.0.9]
	at org.springframework.beans.factory.support.ConstructorResolver.autowireConstructor(ConstructorResolver.java:240) ~[spring-beans-7.0.9.jar:7.0.9]
	at org.springframework.beans.factory.support.AbstractAutowireCapableBeanFactory.autowireConstructor(AbstractAutowireCapableBeanFactory.java:1380) ~[spring-beans-7.0.9.jar:7.0.9]
	at org.springframework.beans.factory.support.AbstractAutowireCapableBeanFactory.createBeanInstance(AbstractAutowireCapableBeanFactory.java:1219) ~[spring-beans-7.0.9.jar:7.0.9]
	at org.springframework.beans.factory.support.AbstractAutowireCapableBeanFactory.doCreateBean(AbstractAutowireCapableBeanFactory.java:565) ~[spring-beans-7.0.9.jar:7.0.9]
	at org.springframework.beans.factory.support.AbstractAutowireCapableBeanFactory.createBean(AbstractAutowireCapableBeanFactory.java:525) ~[spring-beans-7.0.9.jar:7.0.9]
	at org.springframework.beans.factory.support.AbstractBeanFactory.lambda$doGetBean$0(AbstractBeanFactory.java:333) ~[spring-beans-7.0.9.jar:7.0.9]
	at org.springframework.beans.factory.support.DefaultSingletonBeanRegistry.getSingleton(DefaultSingletonBeanRegistry.java:371) ~[spring-beans-7.0.9.jar:7.0.9]
	at org.springframework.beans.factory.support.AbstractBeanFactory.doGetBean(AbstractBeanFactory.java:331) ~[spring-beans-7.0.9.jar:7.0.9]
	at org.springframework.beans.factory.support.AbstractBeanFactory.getBean(AbstractBeanFactory.java:196) ~[spring-beans-7.0.9.jar:7.0.9]
	at org.springframework.beans.factory.support.DefaultListableBeanFactory.instantiateSingleton(DefaultListableBeanFactory.java:1225) ~[spring-beans-7.0.9.jar:7.0.9]
	at org.springframework.beans.factory.support.DefaultListableBeanFactory.preInstantiateSingleton(DefaultListableBeanFactory.java:1191) ~[spring-beans-7.0.9.jar:7.0.9]
	at org.springframework.beans.factory.support.DefaultListableBeanFactory.preInstantiateSingletons(DefaultListableBeanFactory.java:1121) ~[spring-beans-7.0.9.jar:7.0.9]
	at org.springframework.context.support.AbstractApplicationContext.finishBeanFactoryInitialization(AbstractApplicationContext.java:994) ~[spring-context-7.0.9.jar:7.0.9]
	at org.springframework.context.support.AbstractApplicationContext.refresh(AbstractApplicationContext.java:621) ~[spring-context-7.0.9.jar:7.0.9]
	at org.springframework.boot.SpringApplication.refresh(SpringApplication.java:756) ~[spring-boot-4.1.1.jar:4.1.1]
	at org.springframework.boot.SpringApplication.refreshContext(SpringApplication.java:445) ~[spring-boot-4.1.1.jar:4.1.1]
	at org.springframework.boot.SpringApplication.run(SpringApplication.java:321) ~[spring-boot-4.1.1.jar:4.1.1]
	at org.springframework.boot.test.context.SpringBootContextLoader.lambda$loadContext$2(SpringBootContextLoader.java:155) ~[spring-boot-test-4.1.1.jar:4.1.1]
	at org.springframework.util.function.ThrowingSupplier.get(ThrowingSupplier.java:58) ~[spring-core-7.0.9.jar:7.0.9]
	at org.springframework.util.function.ThrowingSupplier.get(ThrowingSupplier.java:46) ~[spring-core-7.0.9.jar:7.0.9]
	at org.springframework.boot.SpringApplication.withHook(SpringApplication.java:1465) ~[spring-boot-4.1.1.jar:4.1.1]
	at org.springframework.boot.test.context.SpringBootContextLoader$ContextLoaderHook.run(SpringBootContextLoader.java:600) ~[spring-boot-test-4.1.1.jar:4.1.1]
	at org.springframework.boot.test.context.SpringBootContextLoader.loadContext(SpringBootContextLoader.java:155) ~[spring-boot-test-4.1.1.jar:4.1.1]
	at org.springframework.boot.test.context.SpringBootContextLoader.loadContext(SpringBootContextLoader.java:114) ~[spring-boot-test-4.1.1.jar:4.1.1]
	at org.springframework.test.context.cache.DefaultCacheAwareContextLoaderDelegate.loadContextInternal(DefaultCacheAwareContextLoaderDelegate.java:247) ~[spring-test-7.0.9.jar:7.0.9]
	at org.springframework.test.context.cache.DefaultCacheAwareContextLoaderDelegate.lambda$loadContext$0(DefaultCacheAwareContextLoaderDelegate.java:167) ~[spring-test-7.0.9.jar:7.0.9]
	... 86 common frames omitted
Caused by: org.springframework.beans.factory.NoSuchBeanDefinitionException: No qualifying bean of type 'com.example.taskflow.mappers.TaskMapper' available: expected at least 1 bean which qualifies as autowire candidate. Dependency annotations: {}
	at org.springframework.beans.factory.support.DefaultListableBeanFactory.raiseNoMatchingBeanFound(DefaultListableBeanFactory.java:2304) ~[spring-beans-7.0.9.jar:7.0.9]
	at org.springframework.beans.factory.support.DefaultListableBeanFactory.doResolveDependency(DefaultListableBeanFactory.java:1732) ~[spring-beans-7.0.9.jar:7.0.9]
	at org.springframework.beans.factory.support.DefaultListableBeanFactory.resolveDependency(DefaultListableBeanFactory.java:1658) ~[spring-beans-7.0.9.jar:7.0.9]
	at org.springframework.beans.factory.support.ConstructorResolver.resolveAutowiredArgument(ConstructorResolver.java:912) ~[spring-beans-7.0.9.jar:7.0.9]
	at org.springframework.beans.factory.support.ConstructorResolver.createArgumentArray(ConstructorResolver.java:791) ~[spring-beans-7.0.9.jar:7.0.9]
	... 112 common frames omitted

2026-10-10T18:08:40.519+05:30  WARN 15707 --- [taskflow] [main] o.s.test.context.TestContextManager      : Caught exception while allowing TestExecutionListener [org.springframework.test.context.bean.override.BeanOverrideTestExecutionListener] to prepare test instance [com.example.taskflow.controller.TaskControllerTest@6a4414bf]

java.lang.IllegalStateException: ApplicationContext failure threshold (1) exceeded: skipping repeated attempt to load context for [WebMergedContextConfiguration@2787e051 testClass = com.example.taskflow.controller.TaskControllerTest, locations = [], classes = [com.example.taskflow.TaskflowApplication], contextInitializerClasses = [], activeProfiles = [], propertySourceDescriptors = [], propertySourceProperties = ["org.springframework.boot.webmvc.test.autoconfigure.WebMvcTestContextBootstrapper=true"], contextCustomizers = [org.springframework.boot.webmvc.test.autoconfigure.WebDriverContextCustomizer@2a2da905, org.springframework.boot.web.server.context.SpringBootTestRandomPortContextCustomizer@302fec27, [ImportsContextCustomizer@2db51c5b key = [org.springframework.boot.data.autoconfigure.web.DataWebAutoConfiguration, org.springframework.boot.autoconfigure.task.TaskExecutionAutoConfiguration, org.springframework.boot.webmvc.autoconfigure.error.ErrorMvcAutoConfiguration, org.springframework.boot.validation.autoconfigure.ValidationAutoConfiguration, org.springframework.boot.webmvc.autoconfigure.WebMvcAutoConfiguration, org.springframework.boot.http.converter.autoconfigure.HttpMessageConvertersAutoConfiguration, org.springframework.boot.webmvc.test.autoconfigure.MockMvcWebDriverAutoConfiguration, org.springframework.boot.jackson.autoconfigure.JacksonAutoConfiguration, org.springframework.boot.webmvc.test.autoconfigure.MockMvcWebClientAutoConfiguration, org.springframework.boot.autoconfigure.context.MessageSourceAutoConfiguration, org.springframework.boot.servlet.autoconfigure.HttpEncodingAutoConfiguration, org.springframework.boot.webmvc.test.autoconfigure.MockMvcAutoConfiguration]], org.springframework.boot.test.context.PropertyMappingContextCustomizer@2d298995, org.springframework.boot.test.context.filter.ExcludeFilterContextCustomizer@677dbd89, org.springframework.boot.test.context.filter.annotation.TypeExcludeFiltersContextCustomizer@f60d0050, org.springframework.boot.test.json.DuplicateJsonObjectContextCustomizerFactory$DuplicateJsonObjectContextCustomizer@5707c1cb, org.springframework.boot.test.autoconfigure.OnFailureConditionReportContextCustomizerFactory$OnFailureConditionReportContextCustomizer@ecf9049, org.springframework.boot.test.autoconfigure.OverrideAutoConfigurationContextCustomizerFactory$DisableAutoConfigurationContextCustomizer@6d511b5f, org.springframework.test.context.bean.override.BeanOverrideContextCustomizer@48789ba6, org.springframework.test.context.support.DynamicPropertiesContextCustomizer@0, org.springframework.boot.testcontainers.service.connection.ServiceConnectionContextCustomizer@0, org.springframework.boot.test.context.SpringBootTestAnnotation@48d9ff29], resourceBasePath = "src/main/webapp", contextLoader = org.springframework.boot.test.context.SpringBootContextLoader, parent = null]
	at org.springframework.test.context.cache.DefaultCacheAwareContextLoaderDelegate.loadContext(DefaultCacheAwareContextLoaderDelegate.java:157) ~[spring-test-7.0.9.jar:7.0.9]
	at org.springframework.test.context.support.DefaultTestContext.getApplicationContext(DefaultTestContext.java:128) ~[spring-test-7.0.9.jar:7.0.9]
	at org.springframework.test.context.bean.override.BeanOverrideTestExecutionListener.injectFields(BeanOverrideTestExecutionListener.java:107) ~[spring-test-7.0.9.jar:7.0.9]
	at org.springframework.test.context.bean.override.BeanOverrideTestExecutionListener.prepareTestInstance(BeanOverrideTestExecutionListener.java:70) ~[spring-test-7.0.9.jar:7.0.9]
	at org.springframework.test.context.TestContextManager.prepareTestInstance(TestContextManager.java:260) ~[spring-test-7.0.9.jar:7.0.9]
	at org.springframework.test.context.junit.jupiter.SpringExtension.postProcessTestInstance(SpringExtension.java:242) ~[spring-test-7.0.9.jar:7.0.9]
	at org.junit.jupiter.engine.descriptor.ClassBasedTestDescriptor.lambda$invokeTestInstancePostProcessors$1(ClassBasedTestDescriptor.java:423) ~[junit-jupiter-engine-6.0.3.jar:6.0.3]
	at org.junit.jupiter.engine.descriptor.ClassBasedTestDescriptor.executeAndMaskThrowable(ClassBasedTestDescriptor.java:428) ~[junit-jupiter-engine-6.0.3.jar:6.0.3]
	at org.junit.jupiter.engine.descriptor.ClassBasedTestDescriptor.lambda$invokeTestInstancePostProcessors$0(ClassBasedTestDescriptor.java:422) ~[junit-jupiter-engine-6.0.3.jar:6.0.3]
	at java.base/java.util.stream.ForEachOps$ForEachOp$OfRef.accept(ForEachOps.java:184) ~[na:na]
	at java.base/java.util.stream.ReferencePipeline$3$1.accept(ReferencePipeline.java:212) ~[na:na]
	at java.base/java.util.stream.ReferencePipeline$2$1.accept(ReferencePipeline.java:194) ~[na:na]
	at java.base/java.util.stream.ReferencePipeline$3$1.accept(ReferencePipeline.java:212) ~[na:na]
	at java.base/java.util.ArrayList$ArrayListSpliterator.forEachRemaining(ArrayList.java:1709) ~[na:na]
	at java.base/java.util.stream.AbstractPipeline.copyInto(AbstractPipeline.java:556) ~[na:na]
	at java.base/java.util.stream.AbstractPipeline.wrapAndCopyInto(AbstractPipeline.java:546) ~[na:na]
	at java.base/java.util.stream.ForEachOps$ForEachOp.evaluateSequential(ForEachOps.java:151) ~[na:na]
	at java.base/java.util.stream.ForEachOps$ForEachOp$OfRef.evaluateSequential(ForEachOps.java:174) ~[na:na]
	at java.base/java.util.stream.AbstractPipeline.evaluate(AbstractPipeline.java:265) ~[na:na]
	at java.base/java.util.stream.ReferencePipeline.forEach(ReferencePipeline.java:611) ~[na:na]
	at org.junit.jupiter.engine.descriptor.ClassBasedTestDescriptor.invokeTestInstancePostProcessors(ClassBasedTestDescriptor.java:422) ~[junit-jupiter-engine-6.0.3.jar:6.0.3]
	at org.junit.jupiter.engine.descriptor.ClassBasedTestDescriptor.lambda$instantiateAndPostProcessTestInstance$0(ClassBasedTestDescriptor.java:334) ~[junit-jupiter-engine-6.0.3.jar:6.0.3]
	at org.junit.platform.engine.support.hierarchical.ThrowableCollector.execute(ThrowableCollector.java:74) ~[junit-platform-engine-6.0.3.jar:6.0.3]
	at org.junit.jupiter.engine.descriptor.ClassBasedTestDescriptor.instantiateAndPostProcessTestInstance(ClassBasedTestDescriptor.java:333) ~[junit-jupiter-engine-6.0.3.jar:6.0.3]
	at org.junit.jupiter.engine.descriptor.ClassBasedTestDescriptor.lambda$testInstancesProvider$1(ClassBasedTestDescriptor.java:322) ~[junit-jupiter-engine-6.0.3.jar:6.0.3]
	at java.base/java.util.Optional.orElseGet(Optional.java:364) ~[na:na]
	at org.junit.jupiter.engine.descriptor.ClassBasedTestDescriptor.lambda$testInstancesProvider$0(ClassBasedTestDescriptor.java:321) ~[junit-jupiter-engine-6.0.3.jar:6.0.3]
	at org.junit.jupiter.engine.execution.TestInstancesProvider.getTestInstances(TestInstancesProvider.java:27) ~[junit-jupiter-engine-6.0.3.jar:6.0.3]
	at org.junit.jupiter.engine.descriptor.TestMethodTestDescriptor.lambda$prepare$0(TestMethodTestDescriptor.java:127) ~[junit-jupiter-engine-6.0.3.jar:6.0.3]
	at org.junit.platform.engine.support.hierarchical.ThrowableCollector.execute(ThrowableCollector.java:74) ~[junit-platform-engine-6.0.3.jar:6.0.3]
	at org.junit.jupiter.engine.descriptor.TestMethodTestDescriptor.prepare(TestMethodTestDescriptor.java:126) ~[junit-jupiter-engine-6.0.3.jar:6.0.3]
	at org.junit.jupiter.engine.descriptor.TestMethodTestDescriptor.prepare(TestMethodTestDescriptor.java:70) ~[junit-jupiter-engine-6.0.3.jar:6.0.3]
	at org.junit.platform.engine.support.hierarchical.NodeTestTask.lambda$prepare$0(NodeTestTask.java:144) ~[junit-platform-engine-6.0.3.jar:6.0.3]
	at org.junit.platform.engine.support.hierarchical.ThrowableCollector.execute(ThrowableCollector.java:74) ~[junit-platform-engine-6.0.3.jar:6.0.3]
	at org.junit.platform.engine.support.hierarchical.NodeTestTask.prepare(NodeTestTask.java:144) ~[junit-platform-engine-6.0.3.jar:6.0.3]
	at org.junit.platform.engine.support.hierarchical.NodeTestTask.execute(NodeTestTask.java:110) ~[junit-platform-engine-6.0.3.jar:6.0.3]
	at java.base/java.util.ArrayList.forEach(ArrayList.java:1597) ~[na:na]
	at org.junit.platform.engine.support.hierarchical.SameThreadHierarchicalTestExecutorService.invokeAll(SameThreadHierarchicalTestExecutorService.java:42) ~[junit-platform-engine-6.0.3.jar:6.0.3]
	at org.junit.platform.engine.support.hierarchical.NodeTestTask.lambda$executeRecursively$2(NodeTestTask.java:180) ~[junit-platform-engine-6.0.3.jar:6.0.3]
	at org.junit.platform.engine.support.hierarchical.ThrowableCollector.execute(ThrowableCollector.java:74) ~[junit-platform-engine-6.0.3.jar:6.0.3]
	at org.junit.platform.engine.support.hierarchical.NodeTestTask.lambda$executeRecursively$1(NodeTestTask.java:166) ~[junit-platform-engine-6.0.3.jar:6.0.3]
	at org.junit.platform.engine.support.hierarchical.Node.around(Node.java:138) ~[junit-platform-engine-6.0.3.jar:6.0.3]
	at org.junit.platform.engine.support.hierarchical.NodeTestTask.lambda$executeRecursively$0(NodeTestTask.java:164) ~[junit-platform-engine-6.0.3.jar:6.0.3]
	at org.junit.platform.engine.support.hierarchical.ThrowableCollector.execute(ThrowableCollector.java:74) ~[junit-platform-engine-6.0.3.jar:6.0.3]
	at org.junit.platform.engine.support.hierarchical.NodeTestTask.executeRecursively(NodeTestTask.java:163) ~[junit-platform-engine-6.0.3.jar:6.0.3]
	at org.junit.platform.engine.support.hierarchical.NodeTestTask.execute(NodeTestTask.java:116) ~[junit-platform-engine-6.0.3.jar:6.0.3]
	at java.base/java.util.ArrayList.forEach(ArrayList.java:1597) ~[na:na]
	at org.junit.platform.engine.support.hierarchical.SameThreadHierarchicalTestExecutorService.invokeAll(SameThreadHierarchicalTestExecutorService.java:42) ~[junit-platform-engine-6.0.3.jar:6.0.3]
	at org.junit.platform.engine.support.hierarchical.NodeTestTask.lambda$executeRecursively$2(NodeTestTask.java:180) ~[junit-platform-engine-6.0.3.jar:6.0.3]
	at org.junit.platform.engine.support.hierarchical.ThrowableCollector.execute(ThrowableCollector.java:74) ~[junit-platform-engine-6.0.3.jar:6.0.3]
	at org.junit.platform.engine.support.hierarchical.NodeTestTask.lambda$executeRecursively$1(NodeTestTask.java:166) ~[junit-platform-engine-6.0.3.jar:6.0.3]
	at org.junit.platform.engine.support.hierarchical.Node.around(Node.java:138) ~[junit-platform-engine-6.0.3.jar:6.0.3]
	at org.junit.platform.engine.support.hierarchical.NodeTestTask.lambda$executeRecursively$0(NodeTestTask.java:164) ~[junit-platform-engine-6.0.3.jar:6.0.3]
	at org.junit.platform.engine.support.hierarchical.ThrowableCollector.execute(ThrowableCollector.java:74) ~[junit-platform-engine-6.0.3.jar:6.0.3]
	at org.junit.platform.engine.support.hierarchical.NodeTestTask.executeRecursively(NodeTestTask.java:163) ~[junit-platform-engine-6.0.3.jar:6.0.3]
	at org.junit.platform.engine.support.hierarchical.NodeTestTask.execute(NodeTestTask.java:116) ~[junit-platform-engine-6.0.3.jar:6.0.3]
	at org.junit.platform.engine.support.hierarchical.SameThreadHierarchicalTestExecutorService.submit(SameThreadHierarchicalTestExecutorService.java:36) ~[junit-platform-engine-6.0.3.jar:6.0.3]
	at org.junit.platform.engine.support.hierarchical.HierarchicalTestExecutor.execute(HierarchicalTestExecutor.java:52) ~[junit-platform-engine-6.0.3.jar:6.0.3]
	at org.junit.platform.engine.support.hierarchical.HierarchicalTestEngine.execute(HierarchicalTestEngine.java:58) ~[junit-platform-engine-6.0.3.jar:6.0.3]
	at org.junit.platform.launcher.core.EngineExecutionOrchestrator.executeEngine(EngineExecutionOrchestrator.java:246) ~[junit-platform-launcher-6.0.3.jar:6.0.3]
	at org.junit.platform.launcher.core.EngineExecutionOrchestrator.failOrExecuteEngine(EngineExecutionOrchestrator.java:218) ~[junit-platform-launcher-6.0.3.jar:6.0.3]
	at org.junit.platform.launcher.core.EngineExecutionOrchestrator.execute(EngineExecutionOrchestrator.java:179) ~[junit-platform-launcher-6.0.3.jar:6.0.3]
	at org.junit.platform.launcher.core.EngineExecutionOrchestrator.execute(EngineExecutionOrchestrator.java:108) ~[junit-platform-launcher-6.0.3.jar:6.0.3]
	at org.junit.platform.launcher.core.EngineExecutionOrchestrator.lambda$execute$0(EngineExecutionOrchestrator.java:66) ~[junit-platform-launcher-6.0.3.jar:6.0.3]
	at org.junit.platform.launcher.core.EngineExecutionOrchestrator.withInterceptedStreams(EngineExecutionOrchestrator.java:157) ~[junit-platform-launcher-6.0.3.jar:6.0.3]
	at org.junit.platform.launcher.core.EngineExecutionOrchestrator.execute(EngineExecutionOrchestrator.java:65) ~[junit-platform-launcher-6.0.3.jar:6.0.3]
	at org.junit.platform.launcher.core.DefaultLauncher.execute(DefaultLauncher.java:125) ~[junit-platform-launcher-6.0.3.jar:6.0.3]
	at org.junit.platform.launcher.core.DefaultLauncher.execute(DefaultLauncher.java:114) ~[junit-platform-launcher-6.0.3.jar:6.0.3]
	at org.junit.platform.launcher.core.DelegatingLauncher.execute(DelegatingLauncher.java:58) ~[junit-platform-launcher-6.0.3.jar:6.0.3]
	at org.junit.platform.launcher.core.InterceptingLauncher.lambda$execute$2(InterceptingLauncher.java:57) ~[junit-platform-launcher-6.0.3.jar:6.0.3]
	at org.junit.platform.launcher.core.ClasspathAlignmentCheckingLauncherInterceptor.intercept(ClasspathAlignmentCheckingLauncherInterceptor.java:25) ~[junit-platform-launcher-6.0.3.jar:6.0.3]
	at org.junit.platform.launcher.core.InterceptingLauncher.execute(InterceptingLauncher.java:56) ~[junit-platform-launcher-6.0.3.jar:6.0.3]
	at org.junit.platform.launcher.core.DelegatingLauncher.execute(DelegatingLauncher.java:58) ~[junit-platform-launcher-6.0.3.jar:6.0.3]
	at java.base/jdk.internal.reflect.DirectMethodHandleAccessor.invoke(DirectMethodHandleAccessor.java:103) ~[na:na]
	at java.base/java.lang.reflect.Method.invoke(Method.java:580) ~[na:na]
	at org.apache.maven.surefire.api.util.ReflectionUtils.invokeMethodWithArray(ReflectionUtils.java:125) ~[surefire-api-3.5.6.jar:3.5.6]
	at org.apache.maven.surefire.junitplatform.LauncherAdapter.executeWithCancellationToken(LauncherAdapter.java:68) ~[surefire-junit-platform-3.5.6.jar:3.5.6]
	at org.apache.maven.surefire.junitplatform.LauncherAdapter.execute(LauncherAdapter.java:54) ~[surefire-junit-platform-3.5.6.jar:3.5.6]
	at org.apache.maven.surefire.junitplatform.JUnitPlatformProvider.execute(JUnitPlatformProvider.java:203) ~[surefire-junit-platform-3.5.6.jar:3.5.6]
	at org.apache.maven.surefire.junitplatform.JUnitPlatformProvider.invokeAllTests(JUnitPlatformProvider.java:168) ~[surefire-junit-platform-3.5.6.jar:3.5.6]
	at org.apache.maven.surefire.junitplatform.JUnitPlatformProvider.invoke(JUnitPlatformProvider.java:136) ~[surefire-junit-platform-3.5.6.jar:3.5.6]
	at org.apache.maven.surefire.booter.ForkedBooter.runSuitesInProcess(ForkedBooter.java:385) ~[surefire-booter-3.5.6.jar:3.5.6]
	at org.apache.maven.surefire.booter.ForkedBooter.execute(ForkedBooter.java:162) ~[surefire-booter-3.5.6.jar:3.5.6]
	at org.apache.maven.surefire.booter.ForkedBooter.run(ForkedBooter.java:507) ~[surefire-booter-3.5.6.jar:3.5.6]
	at org.apache.maven.surefire.booter.ForkedBooter.main(ForkedBooter.java:495) ~[surefire-booter-3.5.6.jar:3.5.6]

2026-10-10T18:08:40.529+05:30  WARN 15707 --- [taskflow] [main] o.s.test.context.TestContextManager      : Caught exception while allowing TestExecutionListener [org.springframework.test.context.bean.override.BeanOverrideTestExecutionListener] to prepare test instance [com.example.taskflow.controller.TaskControllerTest@315623e6]

java.lang.IllegalStateException: ApplicationContext failure threshold (1) exceeded: skipping repeated attempt to load context for [WebMergedContextConfiguration@2787e051 testClass = com.example.taskflow.controller.TaskControllerTest, locations = [], classes = [com.example.taskflow.TaskflowApplication], contextInitializerClasses = [], activeProfiles = [], propertySourceDescriptors = [], propertySourceProperties = ["org.springframework.boot.webmvc.test.autoconfigure.WebMvcTestContextBootstrapper=true"], contextCustomizers = [org.springframework.boot.webmvc.test.autoconfigure.WebDriverContextCustomizer@2a2da905, org.springframework.boot.web.server.context.SpringBootTestRandomPortContextCustomizer@302fec27, [ImportsContextCustomizer@2db51c5b key = [org.springframework.boot.data.autoconfigure.web.DataWebAutoConfiguration, org.springframework.boot.autoconfigure.task.TaskExecutionAutoConfiguration, org.springframework.boot.webmvc.autoconfigure.error.ErrorMvcAutoConfiguration, org.springframework.boot.validation.autoconfigure.ValidationAutoConfiguration, org.springframework.boot.webmvc.autoconfigure.WebMvcAutoConfiguration, org.springframework.boot.http.converter.autoconfigure.HttpMessageConvertersAutoConfiguration, org.springframework.boot.webmvc.test.autoconfigure.MockMvcWebDriverAutoConfiguration, org.springframework.boot.jackson.autoconfigure.JacksonAutoConfiguration, org.springframework.boot.webmvc.test.autoconfigure.MockMvcWebClientAutoConfiguration, org.springframework.boot.autoconfigure.context.MessageSourceAutoConfiguration, org.springframework.boot.servlet.autoconfigure.HttpEncodingAutoConfiguration, org.springframework.boot.webmvc.test.autoconfigure.MockMvcAutoConfiguration]], org.springframework.boot.test.context.PropertyMappingContextCustomizer@2d298995, org.springframework.boot.test.context.filter.ExcludeFilterContextCustomizer@677dbd89, org.springframework.boot.test.context.filter.annotation.TypeExcludeFiltersContextCustomizer@f60d0050, org.springframework.boot.test.json.DuplicateJsonObjectContextCustomizerFactory$DuplicateJsonObjectContextCustomizer@5707c1cb, org.springframework.boot.test.autoconfigure.OnFailureConditionReportContextCustomizerFactory$OnFailureConditionReportContextCustomizer@ecf9049, org.springframework.boot.test.autoconfigure.OverrideAutoConfigurationContextCustomizerFactory$DisableAutoConfigurationContextCustomizer@6d511b5f, org.springframework.test.context.bean.override.BeanOverrideContextCustomizer@48789ba6, org.springframework.test.context.support.DynamicPropertiesContextCustomizer@0, org.springframework.boot.testcontainers.service.connection.ServiceConnectionContextCustomizer@0, org.springframework.boot.test.context.SpringBootTestAnnotation@48d9ff29], resourceBasePath = "src/main/webapp", contextLoader = org.springframework.boot.test.context.SpringBootContextLoader, parent = null]
	at org.springframework.test.context.cache.DefaultCacheAwareContextLoaderDelegate.loadContext(DefaultCacheAwareContextLoaderDelegate.java:157) ~[spring-test-7.0.9.jar:7.0.9]
	at org.springframework.test.context.support.DefaultTestContext.getApplicationContext(DefaultTestContext.java:128) ~[spring-test-7.0.9.jar:7.0.9]
	at org.springframework.test.context.bean.override.BeanOverrideTestExecutionListener.injectFields(BeanOverrideTestExecutionListener.java:107) ~[spring-test-7.0.9.jar:7.0.9]
	at org.springframework.test.context.bean.override.BeanOverrideTestExecutionListener.prepareTestInstance(BeanOverrideTestExecutionListener.java:70) ~[spring-test-7.0.9.jar:7.0.9]
	at org.springframework.test.context.TestContextManager.prepareTestInstance(TestContextManager.java:260) ~[spring-test-7.0.9.jar:7.0.9]
	at org.springframework.test.context.junit.jupiter.SpringExtension.postProcessTestInstance(SpringExtension.java:242) ~[spring-test-7.0.9.jar:7.0.9]
	at org.junit.jupiter.engine.descriptor.ClassBasedTestDescriptor.lambda$invokeTestInstancePostProcessors$1(ClassBasedTestDescriptor.java:423) ~[junit-jupiter-engine-6.0.3.jar:6.0.3]
	at org.junit.jupiter.engine.descriptor.ClassBasedTestDescriptor.executeAndMaskThrowable(ClassBasedTestDescriptor.java:428) ~[junit-jupiter-engine-6.0.3.jar:6.0.3]
	at org.junit.jupiter.engine.descriptor.ClassBasedTestDescriptor.lambda$invokeTestInstancePostProcessors$0(ClassBasedTestDescriptor.java:422) ~[junit-jupiter-engine-6.0.3.jar:6.0.3]
	at java.base/java.util.stream.ForEachOps$ForEachOp$OfRef.accept(ForEachOps.java:184) ~[na:na]
	at java.base/java.util.stream.ReferencePipeline$3$1.accept(ReferencePipeline.java:212) ~[na:na]
	at java.base/java.util.stream.ReferencePipeline$2$1.accept(ReferencePipeline.java:194) ~[na:na]
	at java.base/java.util.stream.ReferencePipeline$3$1.accept(ReferencePipeline.java:212) ~[na:na]
	at java.base/java.util.ArrayList$ArrayListSpliterator.forEachRemaining(ArrayList.java:1709) ~[na:na]
	at java.base/java.util.stream.AbstractPipeline.copyInto(AbstractPipeline.java:556) ~[na:na]
	at java.base/java.util.stream.AbstractPipeline.wrapAndCopyInto(AbstractPipeline.java:546) ~[na:na]
	at java.base/java.util.stream.ForEachOps$ForEachOp.evaluateSequential(ForEachOps.java:151) ~[na:na]
	at java.base/java.util.stream.ForEachOps$ForEachOp$OfRef.evaluateSequential(ForEachOps.java:174) ~[na:na]
	at java.base/java.util.stream.AbstractPipeline.evaluate(AbstractPipeline.java:265) ~[na:na]
	at java.base/java.util.stream.ReferencePipeline.forEach(ReferencePipeline.java:611) ~[na:na]
	at org.junit.jupiter.engine.descriptor.ClassBasedTestDescriptor.invokeTestInstancePostProcessors(ClassBasedTestDescriptor.java:422) ~[junit-jupiter-engine-6.0.3.jar:6.0.3]
	at org.junit.jupiter.engine.descriptor.ClassBasedTestDescriptor.lambda$instantiateAndPostProcessTestInstance$0(ClassBasedTestDescriptor.java:334) ~[junit-jupiter-engine-6.0.3.jar:6.0.3]
	at org.junit.platform.engine.support.hierarchical.ThrowableCollector.execute(ThrowableCollector.java:74) ~[junit-platform-engine-6.0.3.jar:6.0.3]
	at org.junit.jupiter.engine.descriptor.ClassBasedTestDescriptor.instantiateAndPostProcessTestInstance(ClassBasedTestDescriptor.java:333) ~[junit-jupiter-engine-6.0.3.jar:6.0.3]
	at org.junit.jupiter.engine.descriptor.ClassBasedTestDescriptor.lambda$testInstancesProvider$1(ClassBasedTestDescriptor.java:322) ~[junit-jupiter-engine-6.0.3.jar:6.0.3]
	at java.base/java.util.Optional.orElseGet(Optional.java:364) ~[na:na]
	at org.junit.jupiter.engine.descriptor.ClassBasedTestDescriptor.lambda$testInstancesProvider$0(ClassBasedTestDescriptor.java:321) ~[junit-jupiter-engine-6.0.3.jar:6.0.3]
	at org.junit.jupiter.engine.execution.TestInstancesProvider.getTestInstances(TestInstancesProvider.java:27) ~[junit-jupiter-engine-6.0.3.jar:6.0.3]
	at org.junit.jupiter.engine.descriptor.TestMethodTestDescriptor.lambda$prepare$0(TestMethodTestDescriptor.java:127) ~[junit-jupiter-engine-6.0.3.jar:6.0.3]
	at org.junit.platform.engine.support.hierarchical.ThrowableCollector.execute(ThrowableCollector.java:74) ~[junit-platform-engine-6.0.3.jar:6.0.3]
	at org.junit.jupiter.engine.descriptor.TestMethodTestDescriptor.prepare(TestMethodTestDescriptor.java:126) ~[junit-jupiter-engine-6.0.3.jar:6.0.3]
	at org.junit.jupiter.engine.descriptor.TestMethodTestDescriptor.prepare(TestMethodTestDescriptor.java:70) ~[junit-jupiter-engine-6.0.3.jar:6.0.3]
	at org.junit.platform.engine.support.hierarchical.NodeTestTask.lambda$prepare$0(NodeTestTask.java:144) ~[junit-platform-engine-6.0.3.jar:6.0.3]
	at org.junit.platform.engine.support.hierarchical.ThrowableCollector.execute(ThrowableCollector.java:74) ~[junit-platform-engine-6.0.3.jar:6.0.3]
	at org.junit.platform.engine.support.hierarchical.NodeTestTask.prepare(NodeTestTask.java:144) ~[junit-platform-engine-6.0.3.jar:6.0.3]
	at org.junit.platform.engine.support.hierarchical.NodeTestTask.execute(NodeTestTask.java:110) ~[junit-platform-engine-6.0.3.jar:6.0.3]
	at java.base/java.util.ArrayList.forEach(ArrayList.java:1597) ~[na:na]
	at org.junit.platform.engine.support.hierarchical.SameThreadHierarchicalTestExecutorService.invokeAll(SameThreadHierarchicalTestExecutorService.java:42) ~[junit-platform-engine-6.0.3.jar:6.0.3]
	at org.junit.platform.engine.support.hierarchical.NodeTestTask.lambda$executeRecursively$2(NodeTestTask.java:180) ~[junit-platform-engine-6.0.3.jar:6.0.3]
	at org.junit.platform.engine.support.hierarchical.ThrowableCollector.execute(ThrowableCollector.java:74) ~[junit-platform-engine-6.0.3.jar:6.0.3]
	at org.junit.platform.engine.support.hierarchical.NodeTestTask.lambda$executeRecursively$1(NodeTestTask.java:166) ~[junit-platform-engine-6.0.3.jar:6.0.3]
	at org.junit.platform.engine.support.hierarchical.Node.around(Node.java:138) ~[junit-platform-engine-6.0.3.jar:6.0.3]
	at org.junit.platform.engine.support.hierarchical.NodeTestTask.lambda$executeRecursively$0(NodeTestTask.java:164) ~[junit-platform-engine-6.0.3.jar:6.0.3]
	at org.junit.platform.engine.support.hierarchical.ThrowableCollector.execute(ThrowableCollector.java:74) ~[junit-platform-engine-6.0.3.jar:6.0.3]
	at org.junit.platform.engine.support.hierarchical.NodeTestTask.executeRecursively(NodeTestTask.java:163) ~[junit-platform-engine-6.0.3.jar:6.0.3]
	at org.junit.platform.engine.support.hierarchical.NodeTestTask.execute(NodeTestTask.java:116) ~[junit-platform-engine-6.0.3.jar:6.0.3]
	at java.base/java.util.ArrayList.forEach(ArrayList.java:1597) ~[na:na]
	at org.junit.platform.engine.support.hierarchical.SameThreadHierarchicalTestExecutorService.invokeAll(SameThreadHierarchicalTestExecutorService.java:42) ~[junit-platform-engine-6.0.3.jar:6.0.3]
	at org.junit.platform.engine.support.hierarchical.NodeTestTask.lambda$executeRecursively$2(NodeTestTask.java:180) ~[junit-platform-engine-6.0.3.jar:6.0.3]
	at org.junit.platform.engine.support.hierarchical.ThrowableCollector.execute(ThrowableCollector.java:74) ~[junit-platform-engine-6.0.3.jar:6.0.3]
	at org.junit.platform.engine.support.hierarchical.NodeTestTask.lambda$executeRecursively$1(NodeTestTask.java:166) ~[junit-platform-engine-6.0.3.jar:6.0.3]
	at org.junit.platform.engine.support.hierarchical.Node.around(Node.java:138) ~[junit-platform-engine-6.0.3.jar:6.0.3]
	at org.junit.platform.engine.support.hierarchical.NodeTestTask.lambda$executeRecursively$0(NodeTestTask.java:164) ~[junit-platform-engine-6.0.3.jar:6.0.3]
	at org.junit.platform.engine.support.hierarchical.ThrowableCollector.execute(ThrowableCollector.java:74) ~[junit-platform-engine-6.0.3.jar:6.0.3]
	at org.junit.platform.engine.support.hierarchical.NodeTestTask.executeRecursively(NodeTestTask.java:163) ~[junit-platform-engine-6.0.3.jar:6.0.3]
	at org.junit.platform.engine.support.hierarchical.NodeTestTask.execute(NodeTestTask.java:116) ~[junit-platform-engine-6.0.3.jar:6.0.3]
	at org.junit.platform.engine.support.hierarchical.SameThreadHierarchicalTestExecutorService.submit(SameThreadHierarchicalTestExecutorService.java:36) ~[junit-platform-engine-6.0.3.jar:6.0.3]
	at org.junit.platform.engine.support.hierarchical.HierarchicalTestExecutor.execute(HierarchicalTestExecutor.java:52) ~[junit-platform-engine-6.0.3.jar:6.0.3]
	at org.junit.platform.engine.support.hierarchical.HierarchicalTestEngine.execute(HierarchicalTestEngine.java:58) ~[junit-platform-engine-6.0.3.jar:6.0.3]
	at org.junit.platform.launcher.core.EngineExecutionOrchestrator.executeEngine(EngineExecutionOrchestrator.java:246) ~[junit-platform-launcher-6.0.3.jar:6.0.3]
	at org.junit.platform.launcher.core.EngineExecutionOrchestrator.failOrExecuteEngine(EngineExecutionOrchestrator.java:218) ~[junit-platform-launcher-6.0.3.jar:6.0.3]
	at org.junit.platform.launcher.core.EngineExecutionOrchestrator.execute(EngineExecutionOrchestrator.java:179) ~[junit-platform-launcher-6.0.3.jar:6.0.3]
	at org.junit.platform.launcher.core.EngineExecutionOrchestrator.execute(EngineExecutionOrchestrator.java:108) ~[junit-platform-launcher-6.0.3.jar:6.0.3]
	at org.junit.platform.launcher.core.EngineExecutionOrchestrator.lambda$execute$0(EngineExecutionOrchestrator.java:66) ~[junit-platform-launcher-6.0.3.jar:6.0.3]
	at org.junit.platform.launcher.core.EngineExecutionOrchestrator.withInterceptedStreams(EngineExecutionOrchestrator.java:157) ~[junit-platform-launcher-6.0.3.jar:6.0.3]
	at org.junit.platform.launcher.core.EngineExecutionOrchestrator.execute(EngineExecutionOrchestrator.java:65) ~[junit-platform-launcher-6.0.3.jar:6.0.3]
	at org.junit.platform.launcher.core.DefaultLauncher.execute(DefaultLauncher.java:125) ~[junit-platform-launcher-6.0.3.jar:6.0.3]
	at org.junit.platform.launcher.core.DefaultLauncher.execute(DefaultLauncher.java:114) ~[junit-platform-launcher-6.0.3.jar:6.0.3]
	at org.junit.platform.launcher.core.DelegatingLauncher.execute(DelegatingLauncher.java:58) ~[junit-platform-launcher-6.0.3.jar:6.0.3]
	at org.junit.platform.launcher.core.InterceptingLauncher.lambda$execute$2(InterceptingLauncher.java:57) ~[junit-platform-launcher-6.0.3.jar:6.0.3]
	at org.junit.platform.launcher.core.ClasspathAlignmentCheckingLauncherInterceptor.intercept(ClasspathAlignmentCheckingLauncherInterceptor.java:25) ~[junit-platform-launcher-6.0.3.jar:6.0.3]
	at org.junit.platform.launcher.core.InterceptingLauncher.execute(InterceptingLauncher.java:56) ~[junit-platform-launcher-6.0.3.jar:6.0.3]
	at org.junit.platform.launcher.core.DelegatingLauncher.execute(DelegatingLauncher.java:58) ~[junit-platform-launcher-6.0.3.jar:6.0.3]
	at java.base/jdk.internal.reflect.DirectMethodHandleAccessor.invoke(DirectMethodHandleAccessor.java:103) ~[na:na]
	at java.base/java.lang.reflect.Method.invoke(Method.java:580) ~[na:na]
	at org.apache.maven.surefire.api.util.ReflectionUtils.invokeMethodWithArray(ReflectionUtils.java:125) ~[surefire-api-3.5.6.jar:3.5.6]
	at org.apache.maven.surefire.junitplatform.LauncherAdapter.executeWithCancellationToken(LauncherAdapter.java:68) ~[surefire-junit-platform-3.5.6.jar:3.5.6]
	at org.apache.maven.surefire.junitplatform.LauncherAdapter.execute(LauncherAdapter.java:54) ~[surefire-junit-platform-3.5.6.jar:3.5.6]
	at org.apache.maven.surefire.junitplatform.JUnitPlatformProvider.execute(JUnitPlatformProvider.java:203) ~[surefire-junit-platform-3.5.6.jar:3.5.6]
	at org.apache.maven.surefire.junitplatform.JUnitPlatformProvider.invokeAllTests(JUnitPlatformProvider.java:168) ~[surefire-junit-platform-3.5.6.jar:3.5.6]
	at org.apache.maven.surefire.junitplatform.JUnitPlatformProvider.invoke(JUnitPlatformProvider.java:136) ~[surefire-junit-platform-3.5.6.jar:3.5.6]
	at org.apache.maven.surefire.booter.ForkedBooter.runSuitesInProcess(ForkedBooter.java:385) ~[surefire-booter-3.5.6.jar:3.5.6]
	at org.apache.maven.surefire.booter.ForkedBooter.execute(ForkedBooter.java:162) ~[surefire-booter-3.5.6.jar:3.5.6]
	at org.apache.maven.surefire.booter.ForkedBooter.run(ForkedBooter.java:507) ~[surefire-booter-3.5.6.jar:3.5.6]
	at org.apache.maven.surefire.booter.ForkedBooter.main(ForkedBooter.java:495) ~[surefire-booter-3.5.6.jar:3.5.6]

2026-10-10T18:08:40.538+05:30  WARN 15707 --- [taskflow] [main] o.s.test.context.TestContextManager      : Caught exception while allowing TestExecutionListener [org.springframework.test.context.bean.override.BeanOverrideTestExecutionListener] to prepare test instance [com.example.taskflow.controller.TaskControllerTest@23d9a633]

java.lang.IllegalStateException: ApplicationContext failure threshold (1) exceeded: skipping repeated attempt to load context for [WebMergedContextConfiguration@2787e051 testClass = com.example.taskflow.controller.TaskControllerTest, locations = [], classes = [com.example.taskflow.TaskflowApplication], contextInitializerClasses = [], activeProfiles = [], propertySourceDescriptors = [], propertySourceProperties = ["org.springframework.boot.webmvc.test.autoconfigure.WebMvcTestContextBootstrapper=true"], contextCustomizers = [org.springframework.boot.webmvc.test.autoconfigure.WebDriverContextCustomizer@2a2da905, org.springframework.boot.web.server.context.SpringBootTestRandomPortContextCustomizer@302fec27, [ImportsContextCustomizer@2db51c5b key = [org.springframework.boot.data.autoconfigure.web.DataWebAutoConfiguration, org.springframework.boot.autoconfigure.task.TaskExecutionAutoConfiguration, org.springframework.boot.webmvc.autoconfigure.error.ErrorMvcAutoConfiguration, org.springframework.boot.validation.autoconfigure.ValidationAutoConfiguration, org.springframework.boot.webmvc.autoconfigure.WebMvcAutoConfiguration, org.springframework.boot.http.converter.autoconfigure.HttpMessageConvertersAutoConfiguration, org.springframework.boot.webmvc.test.autoconfigure.MockMvcWebDriverAutoConfiguration, org.springframework.boot.jackson.autoconfigure.JacksonAutoConfiguration, org.springframework.boot.webmvc.test.autoconfigure.MockMvcWebClientAutoConfiguration, org.springframework.boot.autoconfigure.context.MessageSourceAutoConfiguration, org.springframework.boot.servlet.autoconfigure.HttpEncodingAutoConfiguration, org.springframework.boot.webmvc.test.autoconfigure.MockMvcAutoConfiguration]], org.springframework.boot.test.context.PropertyMappingContextCustomizer@2d298995, org.springframework.boot.test.context.filter.ExcludeFilterContextCustomizer@677dbd89, org.springframework.boot.test.context.filter.annotation.TypeExcludeFiltersContextCustomizer@f60d0050, org.springframework.boot.test.json.DuplicateJsonObjectContextCustomizerFactory$DuplicateJsonObjectContextCustomizer@5707c1cb, org.springframework.boot.test.autoconfigure.OnFailureConditionReportContextCustomizerFactory$OnFailureConditionReportContextCustomizer@ecf9049, org.springframework.boot.test.autoconfigure.OverrideAutoConfigurationContextCustomizerFactory$DisableAutoConfigurationContextCustomizer@6d511b5f, org.springframework.test.context.bean.override.BeanOverrideContextCustomizer@48789ba6, org.springframework.test.context.support.DynamicPropertiesContextCustomizer@0, org.springframework.boot.testcontainers.service.connection.ServiceConnectionContextCustomizer@0, org.springframework.boot.test.context.SpringBootTestAnnotation@48d9ff29], resourceBasePath = "src/main/webapp", contextLoader = org.springframework.boot.test.context.SpringBootContextLoader, parent = null]
	at org.springframework.test.context.cache.DefaultCacheAwareContextLoaderDelegate.loadContext(DefaultCacheAwareContextLoaderDelegate.java:157) ~[spring-test-7.0.9.jar:7.0.9]
	at org.springframework.test.context.support.DefaultTestContext.getApplicationContext(DefaultTestContext.java:128) ~[spring-test-7.0.9.jar:7.0.9]
	at org.springframework.test.context.bean.override.BeanOverrideTestExecutionListener.injectFields(BeanOverrideTestExecutionListener.java:107) ~[spring-test-7.0.9.jar:7.0.9]
	at org.springframework.test.context.bean.override.BeanOverrideTestExecutionListener.prepareTestInstance(BeanOverrideTestExecutionListener.java:70) ~[spring-test-7.0.9.jar:7.0.9]
	at org.springframework.test.context.TestContextManager.prepareTestInstance(TestContextManager.java:260) ~[spring-test-7.0.9.jar:7.0.9]
	at org.springframework.test.context.junit.jupiter.SpringExtension.postProcessTestInstance(SpringExtension.java:242) ~[spring-test-7.0.9.jar:7.0.9]
	at org.junit.jupiter.engine.descriptor.ClassBasedTestDescriptor.lambda$invokeTestInstancePostProcessors$1(ClassBasedTestDescriptor.java:423) ~[junit-jupiter-engine-6.0.3.jar:6.0.3]
	at org.junit.jupiter.engine.descriptor.ClassBasedTestDescriptor.executeAndMaskThrowable(ClassBasedTestDescriptor.java:428) ~[junit-jupiter-engine-6.0.3.jar:6.0.3]
	at org.junit.jupiter.engine.descriptor.ClassBasedTestDescriptor.lambda$invokeTestInstancePostProcessors$0(ClassBasedTestDescriptor.java:422) ~[junit-jupiter-engine-6.0.3.jar:6.0.3]
	at java.base/java.util.stream.ForEachOps$ForEachOp$OfRef.accept(ForEachOps.java:184) ~[na:na]
	at java.base/java.util.stream.ReferencePipeline$3$1.accept(ReferencePipeline.java:212) ~[na:na]
	at java.base/java.util.stream.ReferencePipeline$2$1.accept(ReferencePipeline.java:194) ~[na:na]
	at java.base/java.util.stream.ReferencePipeline$3$1.accept(ReferencePipeline.java:212) ~[na:na]
	at java.base/java.util.ArrayList$ArrayListSpliterator.forEachRemaining(ArrayList.java:1709) ~[na:na]
	at java.base/java.util.stream.AbstractPipeline.copyInto(AbstractPipeline.java:556) ~[na:na]
	at java.base/java.util.stream.AbstractPipeline.wrapAndCopyInto(AbstractPipeline.java:546) ~[na:na]
	at java.base/java.util.stream.ForEachOps$ForEachOp.evaluateSequential(ForEachOps.java:151) ~[na:na]
	at java.base/java.util.stream.ForEachOps$ForEachOp$OfRef.evaluateSequential(ForEachOps.java:174) ~[na:na]
	at java.base/java.util.stream.AbstractPipeline.evaluate(AbstractPipeline.java:265) ~[na:na]
	at java.base/java.util.stream.ReferencePipeline.forEach(ReferencePipeline.java:611) ~[na:na]
	at org.junit.jupiter.engine.descriptor.ClassBasedTestDescriptor.invokeTestInstancePostProcessors(ClassBasedTestDescriptor.java:422) ~[junit-jupiter-engine-6.0.3.jar:6.0.3]
	at org.junit.jupiter.engine.descriptor.ClassBasedTestDescriptor.lambda$instantiateAndPostProcessTestInstance$0(ClassBasedTestDescriptor.java:334) ~[junit-jupiter-engine-6.0.3.jar:6.0.3]
	at org.junit.platform.engine.support.hierarchical.ThrowableCollector.execute(ThrowableCollector.java:74) ~[junit-platform-engine-6.0.3.jar:6.0.3]
	at org.junit.jupiter.engine.descriptor.ClassBasedTestDescriptor.instantiateAndPostProcessTestInstance(ClassBasedTestDescriptor.java:333) ~[junit-jupiter-engine-6.0.3.jar:6.0.3]
	at org.junit.jupiter.engine.descriptor.ClassBasedTestDescriptor.lambda$testInstancesProvider$1(ClassBasedTestDescriptor.java:322) ~[junit-jupiter-engine-6.0.3.jar:6.0.3]
	at java.base/java.util.Optional.orElseGet(Optional.java:364) ~[na:na]
	at org.junit.jupiter.engine.descriptor.ClassBasedTestDescriptor.lambda$testInstancesProvider$0(ClassBasedTestDescriptor.java:321) ~[junit-jupiter-engine-6.0.3.jar:6.0.3]
	at org.junit.jupiter.engine.execution.TestInstancesProvider.getTestInstances(TestInstancesProvider.java:27) ~[junit-jupiter-engine-6.0.3.jar:6.0.3]
	at org.junit.jupiter.engine.descriptor.TestMethodTestDescriptor.lambda$prepare$0(TestMethodTestDescriptor.java:127) ~[junit-jupiter-engine-6.0.3.jar:6.0.3]
	at org.junit.platform.engine.support.hierarchical.ThrowableCollector.execute(ThrowableCollector.java:74) ~[junit-platform-engine-6.0.3.jar:6.0.3]
	at org.junit.jupiter.engine.descriptor.TestMethodTestDescriptor.prepare(TestMethodTestDescriptor.java:126) ~[junit-jupiter-engine-6.0.3.jar:6.0.3]
	at org.junit.jupiter.engine.descriptor.TestMethodTestDescriptor.prepare(TestMethodTestDescriptor.java:70) ~[junit-jupiter-engine-6.0.3.jar:6.0.3]
	at org.junit.platform.engine.support.hierarchical.NodeTestTask.lambda$prepare$0(NodeTestTask.java:144) ~[junit-platform-engine-6.0.3.jar:6.0.3]
	at org.junit.platform.engine.support.hierarchical.ThrowableCollector.execute(ThrowableCollector.java:74) ~[junit-platform-engine-6.0.3.jar:6.0.3]
	at org.junit.platform.engine.support.hierarchical.NodeTestTask.prepare(NodeTestTask.java:144) ~[junit-platform-engine-6.0.3.jar:6.0.3]
	at org.junit.platform.engine.support.hierarchical.NodeTestTask.execute(NodeTestTask.java:110) ~[junit-platform-engine-6.0.3.jar:6.0.3]
	at java.base/java.util.ArrayList.forEach(ArrayList.java:1597) ~[na:na]
	at org.junit.platform.engine.support.hierarchical.SameThreadHierarchicalTestExecutorService.invokeAll(SameThreadHierarchicalTestExecutorService.java:42) ~[junit-platform-engine-6.0.3.jar:6.0.3]
	at org.junit.platform.engine.support.hierarchical.NodeTestTask.lambda$executeRecursively$2(NodeTestTask.java:180) ~[junit-platform-engine-6.0.3.jar:6.0.3]
	at org.junit.platform.engine.support.hierarchical.ThrowableCollector.execute(ThrowableCollector.java:74) ~[junit-platform-engine-6.0.3.jar:6.0.3]
	at org.junit.platform.engine.support.hierarchical.NodeTestTask.lambda$executeRecursively$1(NodeTestTask.java:166) ~[junit-platform-engine-6.0.3.jar:6.0.3]
	at org.junit.platform.engine.support.hierarchical.Node.around(Node.java:138) ~[junit-platform-engine-6.0.3.jar:6.0.3]
	at org.junit.platform.engine.support.hierarchical.NodeTestTask.lambda$executeRecursively$0(NodeTestTask.java:164) ~[junit-platform-engine-6.0.3.jar:6.0.3]
	at org.junit.platform.engine.support.hierarchical.ThrowableCollector.execute(ThrowableCollector.java:74) ~[junit-platform-engine-6.0.3.jar:6.0.3]
	at org.junit.platform.engine.support.hierarchical.NodeTestTask.executeRecursively(NodeTestTask.java:163) ~[junit-platform-engine-6.0.3.jar:6.0.3]
	at org.junit.platform.engine.support.hierarchical.NodeTestTask.execute(NodeTestTask.java:116) ~[junit-platform-engine-6.0.3.jar:6.0.3]
	at java.base/java.util.ArrayList.forEach(ArrayList.java:1597) ~[na:na]
	at org.junit.platform.engine.support.hierarchical.SameThreadHierarchicalTestExecutorService.invokeAll(SameThreadHierarchicalTestExecutorService.java:42) ~[junit-platform-engine-6.0.3.jar:6.0.3]
	at org.junit.platform.engine.support.hierarchical.NodeTestTask.lambda$executeRecursively$2(NodeTestTask.java:180) ~[junit-platform-engine-6.0.3.jar:6.0.3]
	at org.junit.platform.engine.support.hierarchical.ThrowableCollector.execute(ThrowableCollector.java:74) ~[junit-platform-engine-6.0.3.jar:6.0.3]
	at org.junit.platform.engine.support.hierarchical.NodeTestTask.lambda$executeRecursively$1(NodeTestTask.java:166) ~[junit-platform-engine-6.0.3.jar:6.0.3]
	at org.junit.platform.engine.support.hierarchical.Node.around(Node.java:138) ~[junit-platform-engine-6.0.3.jar:6.0.3]
	at org.junit.platform.engine.support.hierarchical.NodeTestTask.lambda$executeRecursively$0(NodeTestTask.java:164) ~[junit-platform-engine-6.0.3.jar:6.0.3]
	at org.junit.platform.engine.support.hierarchical.ThrowableCollector.execute(ThrowableCollector.java:74) ~[junit-platform-engine-6.0.3.jar:6.0.3]
	at org.junit.platform.engine.support.hierarchical.NodeTestTask.executeRecursively(NodeTestTask.java:163) ~[junit-platform-engine-6.0.3.jar:6.0.3]
	at org.junit.platform.engine.support.hierarchical.NodeTestTask.execute(NodeTestTask.java:116) ~[junit-platform-engine-6.0.3.jar:6.0.3]
	at org.junit.platform.engine.support.hierarchical.SameThreadHierarchicalTestExecutorService.submit(SameThreadHierarchicalTestExecutorService.java:36) ~[junit-platform-engine-6.0.3.jar:6.0.3]
	at org.junit.platform.engine.support.hierarchical.HierarchicalTestExecutor.execute(HierarchicalTestExecutor.java:52) ~[junit-platform-engine-6.0.3.jar:6.0.3]
	at org.junit.platform.engine.support.hierarchical.HierarchicalTestEngine.execute(HierarchicalTestEngine.java:58) ~[junit-platform-engine-6.0.3.jar:6.0.3]
	at org.junit.platform.launcher.core.EngineExecutionOrchestrator.executeEngine(EngineExecutionOrchestrator.java:246) ~[junit-platform-launcher-6.0.3.jar:6.0.3]
	at org.junit.platform.launcher.core.EngineExecutionOrchestrator.failOrExecuteEngine(EngineExecutionOrchestrator.java:218) ~[junit-platform-launcher-6.0.3.jar:6.0.3]
	at org.junit.platform.launcher.core.EngineExecutionOrchestrator.execute(EngineExecutionOrchestrator.java:179) ~[junit-platform-launcher-6.0.3.jar:6.0.3]
	at org.junit.platform.launcher.core.EngineExecutionOrchestrator.execute(EngineExecutionOrchestrator.java:108) ~[junit-platform-launcher-6.0.3.jar:6.0.3]
	at org.junit.platform.launcher.core.EngineExecutionOrchestrator.lambda$execute$0(EngineExecutionOrchestrator.java:66) ~[junit-platform-launcher-6.0.3.jar:6.0.3]
	at org.junit.platform.launcher.core.EngineExecutionOrchestrator.withInterceptedStreams(EngineExecutionOrchestrator.java:157) ~[junit-platform-launcher-6.0.3.jar:6.0.3]
	at org.junit.platform.launcher.core.EngineExecutionOrchestrator.execute(EngineExecutionOrchestrator.java:65) ~[junit-platform-launcher-6.0.3.jar:6.0.3]
	at org.junit.platform.launcher.core.DefaultLauncher.execute(DefaultLauncher.java:125) ~[junit-platform-launcher-6.0.3.jar:6.0.3]
	at org.junit.platform.launcher.core.DefaultLauncher.execute(DefaultLauncher.java:114) ~[junit-platform-launcher-6.0.3.jar:6.0.3]
	at org.junit.platform.launcher.core.DelegatingLauncher.execute(DelegatingLauncher.java:58) ~[junit-platform-launcher-6.0.3.jar:6.0.3]
	at org.junit.platform.launcher.core.InterceptingLauncher.lambda$execute$2(InterceptingLauncher.java:57) ~[junit-platform-launcher-6.0.3.jar:6.0.3]
	at org.junit.platform.launcher.core.ClasspathAlignmentCheckingLauncherInterceptor.intercept(ClasspathAlignmentCheckingLauncherInterceptor.java:25) ~[junit-platform-launcher-6.0.3.jar:6.0.3]
	at org.junit.platform.launcher.core.InterceptingLauncher.execute(InterceptingLauncher.java:56) ~[junit-platform-launcher-6.0.3.jar:6.0.3]
	at org.junit.platform.launcher.core.DelegatingLauncher.execute(DelegatingLauncher.java:58) ~[junit-platform-launcher-6.0.3.jar:6.0.3]
	at java.base/jdk.internal.reflect.DirectMethodHandleAccessor.invoke(DirectMethodHandleAccessor.java:103) ~[na:na]
	at java.base/java.lang.reflect.Method.invoke(Method.java:580) ~[na:na]
	at org.apache.maven.surefire.api.util.ReflectionUtils.invokeMethodWithArray(ReflectionUtils.java:125) ~[surefire-api-3.5.6.jar:3.5.6]
	at org.apache.maven.surefire.junitplatform.LauncherAdapter.executeWithCancellationToken(LauncherAdapter.java:68) ~[surefire-junit-platform-3.5.6.jar:3.5.6]
	at org.apache.maven.surefire.junitplatform.LauncherAdapter.execute(LauncherAdapter.java:54) ~[surefire-junit-platform-3.5.6.jar:3.5.6]
	at org.apache.maven.surefire.junitplatform.JUnitPlatformProvider.execute(JUnitPlatformProvider.java:203) ~[surefire-junit-platform-3.5.6.jar:3.5.6]
	at org.apache.maven.surefire.junitplatform.JUnitPlatformProvider.invokeAllTests(JUnitPlatformProvider.java:168) ~[surefire-junit-platform-3.5.6.jar:3.5.6]
	at org.apache.maven.surefire.junitplatform.JUnitPlatformProvider.invoke(JUnitPlatformProvider.java:136) ~[surefire-junit-platform-3.5.6.jar:3.5.6]
	at org.apache.maven.surefire.booter.ForkedBooter.runSuitesInProcess(ForkedBooter.java:385) ~[surefire-booter-3.5.6.jar:3.5.6]
	at org.apache.maven.surefire.booter.ForkedBooter.execute(ForkedBooter.java:162) ~[surefire-booter-3.5.6.jar:3.5.6]
	at org.apache.maven.surefire.booter.ForkedBooter.run(ForkedBooter.java:507) ~[surefire-booter-3.5.6.jar:3.5.6]
	at org.apache.maven.surefire.booter.ForkedBooter.main(ForkedBooter.java:495) ~[surefire-booter-3.5.6.jar:3.5.6]

2026-10-10T18:08:40.544+05:30  WARN 15707 --- [taskflow] [main] o.s.test.context.TestContextManager      : Caught exception while allowing TestExecutionListener [org.springframework.test.context.bean.override.BeanOverrideTestExecutionListener] to prepare test instance [com.example.taskflow.controller.TaskControllerTest@72c1515c]

java.lang.IllegalStateException: ApplicationContext failure threshold (1) exceeded: skipping repeated attempt to load context for [WebMergedContextConfiguration@2787e051 testClass = com.example.taskflow.controller.TaskControllerTest, locations = [], classes = [com.example.taskflow.TaskflowApplication], contextInitializerClasses = [], activeProfiles = [], propertySourceDescriptors = [], propertySourceProperties = ["org.springframework.boot.webmvc.test.autoconfigure.WebMvcTestContextBootstrapper=true"], contextCustomizers = [org.springframework.boot.webmvc.test.autoconfigure.WebDriverContextCustomizer@2a2da905, org.springframework.boot.web.server.context.SpringBootTestRandomPortContextCustomizer@302fec27, [ImportsContextCustomizer@2db51c5b key = [org.springframework.boot.data.autoconfigure.web.DataWebAutoConfiguration, org.springframework.boot.autoconfigure.task.TaskExecutionAutoConfiguration, org.springframework.boot.webmvc.autoconfigure.error.ErrorMvcAutoConfiguration, org.springframework.boot.validation.autoconfigure.ValidationAutoConfiguration, org.springframework.boot.webmvc.autoconfigure.WebMvcAutoConfiguration, org.springframework.boot.http.converter.autoconfigure.HttpMessageConvertersAutoConfiguration, org.springframework.boot.webmvc.test.autoconfigure.MockMvcWebDriverAutoConfiguration, org.springframework.boot.jackson.autoconfigure.JacksonAutoConfiguration, org.springframework.boot.webmvc.test.autoconfigure.MockMvcWebClientAutoConfiguration, org.springframework.boot.autoconfigure.context.MessageSourceAutoConfiguration, org.springframework.boot.servlet.autoconfigure.HttpEncodingAutoConfiguration, org.springframework.boot.webmvc.test.autoconfigure.MockMvcAutoConfiguration]], org.springframework.boot.test.context.PropertyMappingContextCustomizer@2d298995, org.springframework.boot.test.context.filter.ExcludeFilterContextCustomizer@677dbd89, org.springframework.boot.test.context.filter.annotation.TypeExcludeFiltersContextCustomizer@f60d0050, org.springframework.boot.test.json.DuplicateJsonObjectContextCustomizerFactory$DuplicateJsonObjectContextCustomizer@5707c1cb, org.springframework.boot.test.autoconfigure.OnFailureConditionReportContextCustomizerFactory$OnFailureConditionReportContextCustomizer@ecf9049, org.springframework.boot.test.autoconfigure.OverrideAutoConfigurationContextCustomizerFactory$DisableAutoConfigurationContextCustomizer@6d511b5f, org.springframework.test.context.bean.override.BeanOverrideContextCustomizer@48789ba6, org.springframework.test.context.support.DynamicPropertiesContextCustomizer@0, org.springframework.boot.testcontainers.service.connection.ServiceConnectionContextCustomizer@0, org.springframework.boot.test.context.SpringBootTestAnnotation@48d9ff29], resourceBasePath = "src/main/webapp", contextLoader = org.springframework.boot.test.context.SpringBootContextLoader, parent = null]
	at org.springframework.test.context.cache.DefaultCacheAwareContextLoaderDelegate.loadContext(DefaultCacheAwareContextLoaderDelegate.java:157) ~[spring-test-7.0.9.jar:7.0.9]
	at org.springframework.test.context.support.DefaultTestContext.getApplicationContext(DefaultTestContext.java:128) ~[spring-test-7.0.9.jar:7.0.9]
	at org.springframework.test.context.bean.override.BeanOverrideTestExecutionListener.injectFields(BeanOverrideTestExecutionListener.java:107) ~[spring-test-7.0.9.jar:7.0.9]
	at org.springframework.test.context.bean.override.BeanOverrideTestExecutionListener.prepareTestInstance(BeanOverrideTestExecutionListener.java:70) ~[spring-test-7.0.9.jar:7.0.9]
	at org.springframework.test.context.TestContextManager.prepareTestInstance(TestContextManager.java:260) ~[spring-test-7.0.9.jar:7.0.9]
	at org.springframework.test.context.junit.jupiter.SpringExtension.postProcessTestInstance(SpringExtension.java:242) ~[spring-test-7.0.9.jar:7.0.9]
	at org.junit.jupiter.engine.descriptor.ClassBasedTestDescriptor.lambda$invokeTestInstancePostProcessors$1(ClassBasedTestDescriptor.java:423) ~[junit-jupiter-engine-6.0.3.jar:6.0.3]
	at org.junit.jupiter.engine.descriptor.ClassBasedTestDescriptor.executeAndMaskThrowable(ClassBasedTestDescriptor.java:428) ~[junit-jupiter-engine-6.0.3.jar:6.0.3]
	at org.junit.jupiter.engine.descriptor.ClassBasedTestDescriptor.lambda$invokeTestInstancePostProcessors$0(ClassBasedTestDescriptor.java:422) ~[junit-jupiter-engine-6.0.3.jar:6.0.3]
	at java.base/java.util.stream.ForEachOps$ForEachOp$OfRef.accept(ForEachOps.java:184) ~[na:na]
	at java.base/java.util.stream.ReferencePipeline$3$1.accept(ReferencePipeline.java:212) ~[na:na]
	at java.base/java.util.stream.ReferencePipeline$2$1.accept(ReferencePipeline.java:194) ~[na:na]
	at java.base/java.util.stream.ReferencePipeline$3$1.accept(ReferencePipeline.java:212) ~[na:na]
	at java.base/java.util.ArrayList$ArrayListSpliterator.forEachRemaining(ArrayList.java:1709) ~[na:na]
	at java.base/java.util.stream.AbstractPipeline.copyInto(AbstractPipeline.java:556) ~[na:na]
	at java.base/java.util.stream.AbstractPipeline.wrapAndCopyInto(AbstractPipeline.java:546) ~[na:na]
	at java.base/java.util.stream.ForEachOps$ForEachOp.evaluateSequential(ForEachOps.java:151) ~[na:na]
	at java.base/java.util.stream.ForEachOps$ForEachOp$OfRef.evaluateSequential(ForEachOps.java:174) ~[na:na]
	at java.base/java.util.stream.AbstractPipeline.evaluate(AbstractPipeline.java:265) ~[na:na]
	at java.base/java.util.stream.ReferencePipeline.forEach(ReferencePipeline.java:611) ~[na:na]
	at org.junit.jupiter.engine.descriptor.ClassBasedTestDescriptor.invokeTestInstancePostProcessors(ClassBasedTestDescriptor.java:422) ~[junit-jupiter-engine-6.0.3.jar:6.0.3]
	at org.junit.jupiter.engine.descriptor.ClassBasedTestDescriptor.lambda$instantiateAndPostProcessTestInstance$0(ClassBasedTestDescriptor.java:334) ~[junit-jupiter-engine-6.0.3.jar:6.0.3]
	at org.junit.platform.engine.support.hierarchical.ThrowableCollector.execute(ThrowableCollector.java:74) ~[junit-platform-engine-6.0.3.jar:6.0.3]
	at org.junit.jupiter.engine.descriptor.ClassBasedTestDescriptor.instantiateAndPostProcessTestInstance(ClassBasedTestDescriptor.java:333) ~[junit-jupiter-engine-6.0.3.jar:6.0.3]
	at org.junit.jupiter.engine.descriptor.ClassBasedTestDescriptor.lambda$testInstancesProvider$1(ClassBasedTestDescriptor.java:322) ~[junit-jupiter-engine-6.0.3.jar:6.0.3]
	at java.base/java.util.Optional.orElseGet(Optional.java:364) ~[na:na]
	at org.junit.jupiter.engine.descriptor.ClassBasedTestDescriptor.lambda$testInstancesProvider$0(ClassBasedTestDescriptor.java:321) ~[junit-jupiter-engine-6.0.3.jar:6.0.3]
	at org.junit.jupiter.engine.execution.TestInstancesProvider.getTestInstances(TestInstancesProvider.java:27) ~[junit-jupiter-engine-6.0.3.jar:6.0.3]
	at org.junit.jupiter.engine.descriptor.TestMethodTestDescriptor.lambda$prepare$0(TestMethodTestDescriptor.java:127) ~[junit-jupiter-engine-6.0.3.jar:6.0.3]
	at org.junit.platform.engine.support.hierarchical.ThrowableCollector.execute(ThrowableCollector.java:74) ~[junit-platform-engine-6.0.3.jar:6.0.3]
	at org.junit.jupiter.engine.descriptor.TestMethodTestDescriptor.prepare(TestMethodTestDescriptor.java:126) ~[junit-jupiter-engine-6.0.3.jar:6.0.3]
	at org.junit.jupiter.engine.descriptor.TestMethodTestDescriptor.prepare(TestMethodTestDescriptor.java:70) ~[junit-jupiter-engine-6.0.3.jar:6.0.3]
	at org.junit.platform.engine.support.hierarchical.NodeTestTask.lambda$prepare$0(NodeTestTask.java:144) ~[junit-platform-engine-6.0.3.jar:6.0.3]
	at org.junit.platform.engine.support.hierarchical.ThrowableCollector.execute(ThrowableCollector.java:74) ~[junit-platform-engine-6.0.3.jar:6.0.3]
	at org.junit.platform.engine.support.hierarchical.NodeTestTask.prepare(NodeTestTask.java:144) ~[junit-platform-engine-6.0.3.jar:6.0.3]
	at org.junit.platform.engine.support.hierarchical.NodeTestTask.execute(NodeTestTask.java:110) ~[junit-platform-engine-6.0.3.jar:6.0.3]
	at java.base/java.util.ArrayList.forEach(ArrayList.java:1597) ~[na:na]
	at org.junit.platform.engine.support.hierarchical.SameThreadHierarchicalTestExecutorService.invokeAll(SameThreadHierarchicalTestExecutorService.java:42) ~[junit-platform-engine-6.0.3.jar:6.0.3]
	at org.junit.platform.engine.support.hierarchical.NodeTestTask.lambda$executeRecursively$2(NodeTestTask.java:180) ~[junit-platform-engine-6.0.3.jar:6.0.3]
	at org.junit.platform.engine.support.hierarchical.ThrowableCollector.execute(ThrowableCollector.java:74) ~[junit-platform-engine-6.0.3.jar:6.0.3]
	at org.junit.platform.engine.support.hierarchical.NodeTestTask.lambda$executeRecursively$1(NodeTestTask.java:166) ~[junit-platform-engine-6.0.3.jar:6.0.3]
	at org.junit.platform.engine.support.hierarchical.Node.around(Node.java:138) ~[junit-platform-engine-6.0.3.jar:6.0.3]
	at org.junit.platform.engine.support.hierarchical.NodeTestTask.lambda$executeRecursively$0(NodeTestTask.java:164) ~[junit-platform-engine-6.0.3.jar:6.0.3]
	at org.junit.platform.engine.support.hierarchical.ThrowableCollector.execute(ThrowableCollector.java:74) ~[junit-platform-engine-6.0.3.jar:6.0.3]
	at org.junit.platform.engine.support.hierarchical.NodeTestTask.executeRecursively(NodeTestTask.java:163) ~[junit-platform-engine-6.0.3.jar:6.0.3]
	at org.junit.platform.engine.support.hierarchical.NodeTestTask.execute(NodeTestTask.java:116) ~[junit-platform-engine-6.0.3.jar:6.0.3]
	at java.base/java.util.ArrayList.forEach(ArrayList.java:1597) ~[na:na]
	at org.junit.platform.engine.support.hierarchical.SameThreadHierarchicalTestExecutorService.invokeAll(SameThreadHierarchicalTestExecutorService.java:42) ~[junit-platform-engine-6.0.3.jar:6.0.3]
	at org.junit.platform.engine.support.hierarchical.NodeTestTask.lambda$executeRecursively$2(NodeTestTask.java:180) ~[junit-platform-engine-6.0.3.jar:6.0.3]
	at org.junit.platform.engine.support.hierarchical.ThrowableCollector.execute(ThrowableCollector.java:74) ~[junit-platform-engine-6.0.3.jar:6.0.3]
	at org.junit.platform.engine.support.hierarchical.NodeTestTask.lambda$executeRecursively$1(NodeTestTask.java:166) ~[junit-platform-engine-6.0.3.jar:6.0.3]
	at org.junit.platform.engine.support.hierarchical.Node.around(Node.java:138) ~[junit-platform-engine-6.0.3.jar:6.0.3]
	at org.junit.platform.engine.support.hierarchical.NodeTestTask.lambda$executeRecursively$0(NodeTestTask.java:164) ~[junit-platform-engine-6.0.3.jar:6.0.3]
	at org.junit.platform.engine.support.hierarchical.ThrowableCollector.execute(ThrowableCollector.java:74) ~[junit-platform-engine-6.0.3.jar:6.0.3]
	at org.junit.platform.engine.support.hierarchical.NodeTestTask.executeRecursively(NodeTestTask.java:163) ~[junit-platform-engine-6.0.3.jar:6.0.3]
	at org.junit.platform.engine.support.hierarchical.NodeTestTask.execute(NodeTestTask.java:116) ~[junit-platform-engine-6.0.3.jar:6.0.3]
	at org.junit.platform.engine.support.hierarchical.SameThreadHierarchicalTestExecutorService.submit(SameThreadHierarchicalTestExecutorService.java:36) ~[junit-platform-engine-6.0.3.jar:6.0.3]
	at org.junit.platform.engine.support.hierarchical.HierarchicalTestExecutor.execute(HierarchicalTestExecutor.java:52) ~[junit-platform-engine-6.0.3.jar:6.0.3]
	at org.junit.platform.engine.support.hierarchical.HierarchicalTestEngine.execute(HierarchicalTestEngine.java:58) ~[junit-platform-engine-6.0.3.jar:6.0.3]
	at org.junit.platform.launcher.core.EngineExecutionOrchestrator.executeEngine(EngineExecutionOrchestrator.java:246) ~[junit-platform-launcher-6.0.3.jar:6.0.3]
	at org.junit.platform.launcher.core.EngineExecutionOrchestrator.failOrExecuteEngine(EngineExecutionOrchestrator.java:218) ~[junit-platform-launcher-6.0.3.jar:6.0.3]
	at org.junit.platform.launcher.core.EngineExecutionOrchestrator.execute(EngineExecutionOrchestrator.java:179) ~[junit-platform-launcher-6.0.3.jar:6.0.3]
	at org.junit.platform.launcher.core.EngineExecutionOrchestrator.execute(EngineExecutionOrchestrator.java:108) ~[junit-platform-launcher-6.0.3.jar:6.0.3]
	at org.junit.platform.launcher.core.EngineExecutionOrchestrator.lambda$execute$0(EngineExecutionOrchestrator.java:66) ~[junit-platform-launcher-6.0.3.jar:6.0.3]
	at org.junit.platform.launcher.core.EngineExecutionOrchestrator.withInterceptedStreams(EngineExecutionOrchestrator.java:157) ~[junit-platform-launcher-6.0.3.jar:6.0.3]
	at org.junit.platform.launcher.core.EngineExecutionOrchestrator.execute(EngineExecutionOrchestrator.java:65) ~[junit-platform-launcher-6.0.3.jar:6.0.3]
	at org.junit.platform.launcher.core.DefaultLauncher.execute(DefaultLauncher.java:125) ~[junit-platform-launcher-6.0.3.jar:6.0.3]
	at org.junit.platform.launcher.core.DefaultLauncher.execute(DefaultLauncher.java:114) ~[junit-platform-launcher-6.0.3.jar:6.0.3]
	at org.junit.platform.launcher.core.DelegatingLauncher.execute(DelegatingLauncher.java:58) ~[junit-platform-launcher-6.0.3.jar:6.0.3]
	at org.junit.platform.launcher.core.InterceptingLauncher.lambda$execute$2(InterceptingLauncher.java:57) ~[junit-platform-launcher-6.0.3.jar:6.0.3]
	at org.junit.platform.launcher.core.ClasspathAlignmentCheckingLauncherInterceptor.intercept(ClasspathAlignmentCheckingLauncherInterceptor.java:25) ~[junit-platform-launcher-6.0.3.jar:6.0.3]
	at org.junit.platform.launcher.core.InterceptingLauncher.execute(InterceptingLauncher.java:56) ~[junit-platform-launcher-6.0.3.jar:6.0.3]
	at org.junit.platform.launcher.core.DelegatingLauncher.execute(DelegatingLauncher.java:58) ~[junit-platform-launcher-6.0.3.jar:6.0.3]
	at java.base/jdk.internal.reflect.DirectMethodHandleAccessor.invoke(DirectMethodHandleAccessor.java:103) ~[na:na]
	at java.base/java.lang.reflect.Method.invoke(Method.java:580) ~[na:na]
	at org.apache.maven.surefire.api.util.ReflectionUtils.invokeMethodWithArray(ReflectionUtils.java:125) ~[surefire-api-3.5.6.jar:3.5.6]
	at org.apache.maven.surefire.junitplatform.LauncherAdapter.executeWithCancellationToken(LauncherAdapter.java:68) ~[surefire-junit-platform-3.5.6.jar:3.5.6]
	at org.apache.maven.surefire.junitplatform.LauncherAdapter.execute(LauncherAdapter.java:54) ~[surefire-junit-platform-3.5.6.jar:3.5.6]
	at org.apache.maven.surefire.junitplatform.JUnitPlatformProvider.execute(JUnitPlatformProvider.java:203) ~[surefire-junit-platform-3.5.6.jar:3.5.6]
	at org.apache.maven.surefire.junitplatform.JUnitPlatformProvider.invokeAllTests(JUnitPlatformProvider.java:168) ~[surefire-junit-platform-3.5.6.jar:3.5.6]
	at org.apache.maven.surefire.junitplatform.JUnitPlatformProvider.invoke(JUnitPlatformProvider.java:136) ~[surefire-junit-platform-3.5.6.jar:3.5.6]
	at org.apache.maven.surefire.booter.ForkedBooter.runSuitesInProcess(ForkedBooter.java:385) ~[surefire-booter-3.5.6.jar:3.5.6]
	at org.apache.maven.surefire.booter.ForkedBooter.execute(ForkedBooter.java:162) ~[surefire-booter-3.5.6.jar:3.5.6]
	at org.apache.maven.surefire.booter.ForkedBooter.run(ForkedBooter.java:507) ~[surefire-booter-3.5.6.jar:3.5.6]
	at org.apache.maven.surefire.booter.ForkedBooter.main(ForkedBooter.java:495) ~[surefire-booter-3.5.6.jar:3.5.6]

2026-10-10T18:08:40.550+05:30  WARN 15707 --- [taskflow] [main] o.s.test.context.TestContextManager      : Caught exception while allowing TestExecutionListener [org.springframework.test.context.bean.override.BeanOverrideTestExecutionListener] to prepare test instance [com.example.taskflow.controller.TaskControllerTest@47d054db]

java.lang.IllegalStateException: ApplicationContext failure threshold (1) exceeded: skipping repeated attempt to load context for [WebMergedContextConfiguration@2787e051 testClass = com.example.taskflow.controller.TaskControllerTest, locations = [], classes = [com.example.taskflow.TaskflowApplication], contextInitializerClasses = [], activeProfiles = [], propertySourceDescriptors = [], propertySourceProperties = ["org.springframework.boot.webmvc.test.autoconfigure.WebMvcTestContextBootstrapper=true"], contextCustomizers = [org.springframework.boot.webmvc.test.autoconfigure.WebDriverContextCustomizer@2a2da905, org.springframework.boot.web.server.context.SpringBootTestRandomPortContextCustomizer@302fec27, [ImportsContextCustomizer@2db51c5b key = [org.springframework.boot.data.autoconfigure.web.DataWebAutoConfiguration, org.springframework.boot.autoconfigure.task.TaskExecutionAutoConfiguration, org.springframework.boot.webmvc.autoconfigure.error.ErrorMvcAutoConfiguration, org.springframework.boot.validation.autoconfigure.ValidationAutoConfiguration, org.springframework.boot.webmvc.autoconfigure.WebMvcAutoConfiguration, org.springframework.boot.http.converter.autoconfigure.HttpMessageConvertersAutoConfiguration, org.springframework.boot.webmvc.test.autoconfigure.MockMvcWebDriverAutoConfiguration, org.springframework.boot.jackson.autoconfigure.JacksonAutoConfiguration, org.springframework.boot.webmvc.test.autoconfigure.MockMvcWebClientAutoConfiguration, org.springframework.boot.autoconfigure.context.MessageSourceAutoConfiguration, org.springframework.boot.servlet.autoconfigure.HttpEncodingAutoConfiguration, org.springframework.boot.webmvc.test.autoconfigure.MockMvcAutoConfiguration]], org.springframework.boot.test.context.PropertyMappingContextCustomizer@2d298995, org.springframework.boot.test.context.filter.ExcludeFilterContextCustomizer@677dbd89, org.springframework.boot.test.context.filter.annotation.TypeExcludeFiltersContextCustomizer@f60d0050, org.springframework.boot.test.json.DuplicateJsonObjectContextCustomizerFactory$DuplicateJsonObjectContextCustomizer@5707c1cb, org.springframework.boot.test.autoconfigure.OnFailureConditionReportContextCustomizerFactory$OnFailureConditionReportContextCustomizer@ecf9049, org.springframework.boot.test.autoconfigure.OverrideAutoConfigurationContextCustomizerFactory$DisableAutoConfigurationContextCustomizer@6d511b5f, org.springframework.test.context.bean.override.BeanOverrideContextCustomizer@48789ba6, org.springframework.test.context.support.DynamicPropertiesContextCustomizer@0, org.springframework.boot.testcontainers.service.connection.ServiceConnectionContextCustomizer@0, org.springframework.boot.test.context.SpringBootTestAnnotation@48d9ff29], resourceBasePath = "src/main/webapp", contextLoader = org.springframework.boot.test.context.SpringBootContextLoader, parent = null]
	at org.springframework.test.context.cache.DefaultCacheAwareContextLoaderDelegate.loadContext(DefaultCacheAwareContextLoaderDelegate.java:157) ~[spring-test-7.0.9.jar:7.0.9]
	at org.springframework.test.context.support.DefaultTestContext.getApplicationContext(DefaultTestContext.java:128) ~[spring-test-7.0.9.jar:7.0.9]
	at org.springframework.test.context.bean.override.BeanOverrideTestExecutionListener.injectFields(BeanOverrideTestExecutionListener.java:107) ~[spring-test-7.0.9.jar:7.0.9]
	at org.springframework.test.context.bean.override.BeanOverrideTestExecutionListener.prepareTestInstance(BeanOverrideTestExecutionListener.java:70) ~[spring-test-7.0.9.jar:7.0.9]
	at org.springframework.test.context.TestContextManager.prepareTestInstance(TestContextManager.java:260) ~[spring-test-7.0.9.jar:7.0.9]
	at org.springframework.test.context.junit.jupiter.SpringExtension.postProcessTestInstance(SpringExtension.java:242) ~[spring-test-7.0.9.jar:7.0.9]
	at org.junit.jupiter.engine.descriptor.ClassBasedTestDescriptor.lambda$invokeTestInstancePostProcessors$1(ClassBasedTestDescriptor.java:423) ~[junit-jupiter-engine-6.0.3.jar:6.0.3]
	at org.junit.jupiter.engine.descriptor.ClassBasedTestDescriptor.executeAndMaskThrowable(ClassBasedTestDescriptor.java:428) ~[junit-jupiter-engine-6.0.3.jar:6.0.3]
	at org.junit.jupiter.engine.descriptor.ClassBasedTestDescriptor.lambda$invokeTestInstancePostProcessors$0(ClassBasedTestDescriptor.java:422) ~[junit-jupiter-engine-6.0.3.jar:6.0.3]
	at java.base/java.util.stream.ForEachOps$ForEachOp$OfRef.accept(ForEachOps.java:184) ~[na:na]
	at java.base/java.util.stream.ReferencePipeline$3$1.accept(ReferencePipeline.java:212) ~[na:na]
	at java.base/java.util.stream.ReferencePipeline$2$1.accept(ReferencePipeline.java:194) ~[na:na]
	at java.base/java.util.stream.ReferencePipeline$3$1.accept(ReferencePipeline.java:212) ~[na:na]
	at java.base/java.util.ArrayList$ArrayListSpliterator.forEachRemaining(ArrayList.java:1709) ~[na:na]
	at java.base/java.util.stream.AbstractPipeline.copyInto(AbstractPipeline.java:556) ~[na:na]
	at java.base/java.util.stream.AbstractPipeline.wrapAndCopyInto(AbstractPipeline.java:546) ~[na:na]
	at java.base/java.util.stream.ForEachOps$ForEachOp.evaluateSequential(ForEachOps.java:151) ~[na:na]
	at java.base/java.util.stream.ForEachOps$ForEachOp$OfRef.evaluateSequential(ForEachOps.java:174) ~[na:na]
	at java.base/java.util.stream.AbstractPipeline.evaluate(AbstractPipeline.java:265) ~[na:na]
	at java.base/java.util.stream.ReferencePipeline.forEach(ReferencePipeline.java:611) ~[na:na]
	at org.junit.jupiter.engine.descriptor.ClassBasedTestDescriptor.invokeTestInstancePostProcessors(ClassBasedTestDescriptor.java:422) ~[junit-jupiter-engine-6.0.3.jar:6.0.3]
	at org.junit.jupiter.engine.descriptor.ClassBasedTestDescriptor.lambda$instantiateAndPostProcessTestInstance$0(ClassBasedTestDescriptor.java:334) ~[junit-jupiter-engine-6.0.3.jar:6.0.3]
	at org.junit.platform.engine.support.hierarchical.ThrowableCollector.execute(ThrowableCollector.java:74) ~[junit-platform-engine-6.0.3.jar:6.0.3]
	at org.junit.jupiter.engine.descriptor.ClassBasedTestDescriptor.instantiateAndPostProcessTestInstance(ClassBasedTestDescriptor.java:333) ~[junit-jupiter-engine-6.0.3.jar:6.0.3]
	at org.junit.jupiter.engine.descriptor.ClassBasedTestDescriptor.lambda$testInstancesProvider$1(ClassBasedTestDescriptor.java:322) ~[junit-jupiter-engine-6.0.3.jar:6.0.3]
	at java.base/java.util.Optional.orElseGet(Optional.java:364) ~[na:na]
	at org.junit.jupiter.engine.descriptor.ClassBasedTestDescriptor.lambda$testInstancesProvider$0(ClassBasedTestDescriptor.java:321) ~[junit-jupiter-engine-6.0.3.jar:6.0.3]
	at org.junit.jupiter.engine.execution.TestInstancesProvider.getTestInstances(TestInstancesProvider.java:27) ~[junit-jupiter-engine-6.0.3.jar:6.0.3]
	at org.junit.jupiter.engine.descriptor.TestMethodTestDescriptor.lambda$prepare$0(TestMethodTestDescriptor.java:127) ~[junit-jupiter-engine-6.0.3.jar:6.0.3]
	at org.junit.platform.engine.support.hierarchical.ThrowableCollector.execute(ThrowableCollector.java:74) ~[junit-platform-engine-6.0.3.jar:6.0.3]
	at org.junit.jupiter.engine.descriptor.TestMethodTestDescriptor.prepare(TestMethodTestDescriptor.java:126) ~[junit-jupiter-engine-6.0.3.jar:6.0.3]
	at org.junit.jupiter.engine.descriptor.TestMethodTestDescriptor.prepare(TestMethodTestDescriptor.java:70) ~[junit-jupiter-engine-6.0.3.jar:6.0.3]
	at org.junit.platform.engine.support.hierarchical.NodeTestTask.lambda$prepare$0(NodeTestTask.java:144) ~[junit-platform-engine-6.0.3.jar:6.0.3]
	at org.junit.platform.engine.support.hierarchical.ThrowableCollector.execute(ThrowableCollector.java:74) ~[junit-platform-engine-6.0.3.jar:6.0.3]
	at org.junit.platform.engine.support.hierarchical.NodeTestTask.prepare(NodeTestTask.java:144) ~[junit-platform-engine-6.0.3.jar:6.0.3]
	at org.junit.platform.engine.support.hierarchical.NodeTestTask.execute(NodeTestTask.java:110) ~[junit-platform-engine-6.0.3.jar:6.0.3]
	at java.base/java.util.ArrayList.forEach(ArrayList.java:1597) ~[na:na]
	at org.junit.platform.engine.support.hierarchical.SameThreadHierarchicalTestExecutorService.invokeAll(SameThreadHierarchicalTestExecutorService.java:42) ~[junit-platform-engine-6.0.3.jar:6.0.3]
	at org.junit.platform.engine.support.hierarchical.NodeTestTask.lambda$executeRecursively$2(NodeTestTask.java:180) ~[junit-platform-engine-6.0.3.jar:6.0.3]
	at org.junit.platform.engine.support.hierarchical.ThrowableCollector.execute(ThrowableCollector.java:74) ~[junit-platform-engine-6.0.3.jar:6.0.3]
	at org.junit.platform.engine.support.hierarchical.NodeTestTask.lambda$executeRecursively$1(NodeTestTask.java:166) ~[junit-platform-engine-6.0.3.jar:6.0.3]
	at org.junit.platform.engine.support.hierarchical.Node.around(Node.java:138) ~[junit-platform-engine-6.0.3.jar:6.0.3]
	at org.junit.platform.engine.support.hierarchical.NodeTestTask.lambda$executeRecursively$0(NodeTestTask.java:164) ~[junit-platform-engine-6.0.3.jar:6.0.3]
	at org.junit.platform.engine.support.hierarchical.ThrowableCollector.execute(ThrowableCollector.java:74) ~[junit-platform-engine-6.0.3.jar:6.0.3]
	at org.junit.platform.engine.support.hierarchical.NodeTestTask.executeRecursively(NodeTestTask.java:163) ~[junit-platform-engine-6.0.3.jar:6.0.3]
	at org.junit.platform.engine.support.hierarchical.NodeTestTask.execute(NodeTestTask.java:116) ~[junit-platform-engine-6.0.3.jar:6.0.3]
	at java.base/java.util.ArrayList.forEach(ArrayList.java:1597) ~[na:na]
	at org.junit.platform.engine.support.hierarchical.SameThreadHierarchicalTestExecutorService.invokeAll(SameThreadHierarchicalTestExecutorService.java:42) ~[junit-platform-engine-6.0.3.jar:6.0.3]
	at org.junit.platform.engine.support.hierarchical.NodeTestTask.lambda$executeRecursively$2(NodeTestTask.java:180) ~[junit-platform-engine-6.0.3.jar:6.0.3]
	at org.junit.platform.engine.support.hierarchical.ThrowableCollector.execute(ThrowableCollector.java:74) ~[junit-platform-engine-6.0.3.jar:6.0.3]
	at org.junit.platform.engine.support.hierarchical.NodeTestTask.lambda$executeRecursively$1(NodeTestTask.java:166) ~[junit-platform-engine-6.0.3.jar:6.0.3]
	at org.junit.platform.engine.support.hierarchical.Node.around(Node.java:138) ~[junit-platform-engine-6.0.3.jar:6.0.3]
	at org.junit.platform.engine.support.hierarchical.NodeTestTask.lambda$executeRecursively$0(NodeTestTask.java:164) ~[junit-platform-engine-6.0.3.jar:6.0.3]
	at org.junit.platform.engine.support.hierarchical.ThrowableCollector.execute(ThrowableCollector.java:74) ~[junit-platform-engine-6.0.3.jar:6.0.3]
	at org.junit.platform.engine.support.hierarchical.NodeTestTask.executeRecursively(NodeTestTask.java:163) ~[junit-platform-engine-6.0.3.jar:6.0.3]
	at org.junit.platform.engine.support.hierarchical.NodeTestTask.execute(NodeTestTask.java:116) ~[junit-platform-engine-6.0.3.jar:6.0.3]
	at org.junit.platform.engine.support.hierarchical.SameThreadHierarchicalTestExecutorService.submit(SameThreadHierarchicalTestExecutorService.java:36) ~[junit-platform-engine-6.0.3.jar:6.0.3]
	at org.junit.platform.engine.support.hierarchical.HierarchicalTestExecutor.execute(HierarchicalTestExecutor.java:52) ~[junit-platform-engine-6.0.3.jar:6.0.3]
	at org.junit.platform.engine.support.hierarchical.HierarchicalTestEngine.execute(HierarchicalTestEngine.java:58) ~[junit-platform-engine-6.0.3.jar:6.0.3]
	at org.junit.platform.launcher.core.EngineExecutionOrchestrator.executeEngine(EngineExecutionOrchestrator.java:246) ~[junit-platform-launcher-6.0.3.jar:6.0.3]
	at org.junit.platform.launcher.core.EngineExecutionOrchestrator.failOrExecuteEngine(EngineExecutionOrchestrator.java:218) ~[junit-platform-launcher-6.0.3.jar:6.0.3]
	at org.junit.platform.launcher.core.EngineExecutionOrchestrator.execute(EngineExecutionOrchestrator.java:179) ~[junit-platform-launcher-6.0.3.jar:6.0.3]
	at org.junit.platform.launcher.core.EngineExecutionOrchestrator.execute(EngineExecutionOrchestrator.java:108) ~[junit-platform-launcher-6.0.3.jar:6.0.3]
	at org.junit.platform.launcher.core.EngineExecutionOrchestrator.lambda$execute$0(EngineExecutionOrchestrator.java:66) ~[junit-platform-launcher-6.0.3.jar:6.0.3]
	at org.junit.platform.launcher.core.EngineExecutionOrchestrator.withInterceptedStreams(EngineExecutionOrchestrator.java:157) ~[junit-platform-launcher-6.0.3.jar:6.0.3]
	at org.junit.platform.launcher.core.EngineExecutionOrchestrator.execute(EngineExecutionOrchestrator.java:65) ~[junit-platform-launcher-6.0.3.jar:6.0.3]
	at org.junit.platform.launcher.core.DefaultLauncher.execute(DefaultLauncher.java:125) ~[junit-platform-launcher-6.0.3.jar:6.0.3]
	at org.junit.platform.launcher.core.DefaultLauncher.execute(DefaultLauncher.java:114) ~[junit-platform-launcher-6.0.3.jar:6.0.3]
	at org.junit.platform.launcher.core.DelegatingLauncher.execute(DelegatingLauncher.java:58) ~[junit-platform-launcher-6.0.3.jar:6.0.3]
	at org.junit.platform.launcher.core.InterceptingLauncher.lambda$execute$2(InterceptingLauncher.java:57) ~[junit-platform-launcher-6.0.3.jar:6.0.3]
	at org.junit.platform.launcher.core.ClasspathAlignmentCheckingLauncherInterceptor.intercept(ClasspathAlignmentCheckingLauncherInterceptor.java:25) ~[junit-platform-launcher-6.0.3.jar:6.0.3]
	at org.junit.platform.launcher.core.InterceptingLauncher.execute(InterceptingLauncher.java:56) ~[junit-platform-launcher-6.0.3.jar:6.0.3]
	at org.junit.platform.launcher.core.DelegatingLauncher.execute(DelegatingLauncher.java:58) ~[junit-platform-launcher-6.0.3.jar:6.0.3]
	at java.base/jdk.internal.reflect.DirectMethodHandleAccessor.invoke(DirectMethodHandleAccessor.java:103) ~[na:na]
	at java.base/java.lang.reflect.Method.invoke(Method.java:580) ~[na:na]
	at org.apache.maven.surefire.api.util.ReflectionUtils.invokeMethodWithArray(ReflectionUtils.java:125) ~[surefire-api-3.5.6.jar:3.5.6]
	at org.apache.maven.surefire.junitplatform.LauncherAdapter.executeWithCancellationToken(LauncherAdapter.java:68) ~[surefire-junit-platform-3.5.6.jar:3.5.6]
	at org.apache.maven.surefire.junitplatform.LauncherAdapter.execute(LauncherAdapter.java:54) ~[surefire-junit-platform-3.5.6.jar:3.5.6]
	at org.apache.maven.surefire.junitplatform.JUnitPlatformProvider.execute(JUnitPlatformProvider.java:203) ~[surefire-junit-platform-3.5.6.jar:3.5.6]
	at org.apache.maven.surefire.junitplatform.JUnitPlatformProvider.invokeAllTests(JUnitPlatformProvider.java:168) ~[surefire-junit-platform-3.5.6.jar:3.5.6]
	at org.apache.maven.surefire.junitplatform.JUnitPlatformProvider.invoke(JUnitPlatformProvider.java:136) ~[surefire-junit-platform-3.5.6.jar:3.5.6]
	at org.apache.maven.surefire.booter.ForkedBooter.runSuitesInProcess(ForkedBooter.java:385) ~[surefire-booter-3.5.6.jar:3.5.6]
	at org.apache.maven.surefire.booter.ForkedBooter.execute(ForkedBooter.java:162) ~[surefire-booter-3.5.6.jar:3.5.6]
	at org.apache.maven.surefire.booter.ForkedBooter.run(ForkedBooter.java:507) ~[surefire-booter-3.5.6.jar:3.5.6]
	at org.apache.maven.surefire.booter.ForkedBooter.main(ForkedBooter.java:495) ~[surefire-booter-3.5.6.jar:3.5.6]

2026-10-10T18:08:40.720+05:30 DEBUG 15707 --- [taskflow] [main] c.example.taskflow.services.TaskService  : Finding task with id: 1
2026-10-10T18:08:40.740+05:30  INFO 15707 --- [taskflow] [main] c.example.taskflow.services.TaskService  : Creating task with title: Learn Mockito
2026-10-10T18:08:40.740+05:30  INFO 15707 --- [taskflow] [main] c.example.taskflow.services.TaskService  : Task created successfully with id: 1
2026-10-10T18:08:40.742+05:30 DEBUG 15707 --- [taskflow] [main] c.example.taskflow.services.TaskService  : Finding task with id: 1
2026-10-10T18:08:40.744+05:30 DEBUG 15707 --- [taskflow] [main] c.example.taskflow.services.TaskService  : Finding task with id: 999
2026-10-10T18:08:40.745+05:30  WARN 15707 --- [taskflow] [main] c.example.taskflow.services.TaskService  : Task not found with id: 999
2026-10-10T18:08:40.757+05:30  INFO 15707 --- [taskflow] [SpringApplicationShutdownHook] j.LocalContainerEntityManagerFactoryBean : Closing JPA EntityManagerFactory for persistence unit 'default'
2026-10-10T18:08:40.768+05:30  INFO 15707 --- [taskflow] [SpringApplicationShutdownHook] j.LocalContainerEntityManagerFactoryBean : Closing JPA EntityManagerFactory for persistence unit 'default'
2026-10-10T18:08:40.769+05:30  INFO 15707 --- [taskflow] [SpringApplicationShutdownHook] com.zaxxer.hikari.HikariDataSource       : HikariPool-1 - Shutdown initiated...
2026-10-10T18:08:40.771+05:30  INFO 15707 --- [taskflow] [SpringApplicationShutdownHook] com.zaxxer.hikari.HikariDataSource       : HikariPool-1 - Shutdown completed.
2026-10-10T18:08:40.780+05:30  INFO 15707 --- [taskflow] [SpringApplicationShutdownHook] j.LocalContainerEntityManagerFactoryBean : Closing JPA EntityManagerFactory for persistence unit 'default'
2026-10-10T18:08:40.782+05:30  INFO 15707 --- [taskflow] [SpringApplicationShutdownHook] com.zaxxer.hikari.HikariDataSource       : HikariPool-2 - Shutdown initiated...
2026-10-10T18:08:41.105+05:30  INFO 15707 --- [taskflow] [SpringApplicationShutdownHook] com.zaxxer.hikari.HikariDataSource       : HikariPool-2 - Shutdown completed.
2026-10-10T18:08:41.109+05:30  INFO 15707 --- [taskflow] [SpringApplicationShutdownHook] j.LocalContainerEntityManagerFactoryBean : Closing JPA EntityManagerFactory for persistence unit 'default'
2026-10-10T18:08:41.110+05:30  INFO 15707 --- [taskflow] [SpringApplicationShutdownHook] com.zaxxer.hikari.HikariDataSource       : HikariPool-3 - Shutdown initiated...
2026-10-10T18:08:41.464+05:30  INFO 15707 --- [taskflow] [SpringApplicationShutdownHook] com.zaxxer.hikari.HikariDataSource       : HikariPool-3 - Shutdown completed.
2026-10-10T18:13:31.622+05:30  INFO 16033 --- [taskflow] [main] c.e.t.i.TaskApiIntegrationTest           : Starting TaskApiIntegrationTest using Java 22.0.2 with PID 16033 (started by janidubomal in /Users/janidubomal/Downloads/taskflow)
2026-10-10T18:13:31.622+05:30 DEBUG 16033 --- [taskflow] [main] c.e.t.i.TaskApiIntegrationTest           : Running with Spring Boot v4.1.1, Spring v7.0.9
2026-10-10T18:13:31.623+05:30  INFO 16033 --- [taskflow] [main] c.e.t.i.TaskApiIntegrationTest           : The following 1 profile is active: "dev"
2026-10-10T18:13:31.945+05:30  INFO 16033 --- [taskflow] [main] .s.d.r.c.RepositoryConfigurationDelegate : Bootstrapping Spring Data JPA repositories in DEFAULT mode.
2026-10-10T18:13:31.965+05:30  INFO 16033 --- [taskflow] [main] .s.d.r.c.RepositoryConfigurationDelegate : Finished Spring Data repository scanning in 15 ms. Found 1 JPA repository interface.
2026-10-10T18:13:32.309+05:30  INFO 16033 --- [taskflow] [main] org.flywaydb.core.FlywayExecutor         : Database: jdbc:postgresql://localhost:52809/test?loggerLevel=OFF (PostgreSQL 16.15)
2026-10-10T18:13:32.337+05:30  INFO 16033 --- [taskflow] [main] o.f.c.i.s.JdbcTableSchemaHistory         : Schema history table "public"."flyway_schema_history" does not exist yet
2026-10-10T18:13:32.339+05:30  INFO 16033 --- [taskflow] [main] o.f.core.internal.command.DbValidate     : Successfully validated 2 migrations (execution time 00:00.007s)
2026-10-10T18:13:32.349+05:30  INFO 16033 --- [taskflow] [main] o.f.c.i.s.JdbcTableSchemaHistory         : Creating Schema History table "public"."flyway_schema_history" ...
2026-10-10T18:13:32.394+05:30  INFO 16033 --- [taskflow] [main] o.f.core.internal.command.DbMigrate      : Current version of schema "public": << Empty Schema >>
2026-10-10T18:13:32.397+05:30  INFO 16033 --- [taskflow] [main] o.f.core.internal.command.DbMigrate      : Migrating schema "public" to version "1 - create tasks table"
2026-10-10T18:13:32.414+05:30  INFO 16033 --- [taskflow] [main] o.f.core.internal.command.DbMigrate      : Migrating schema "public" to version "2 - add priority to tasks"
2026-10-10T18:13:32.422+05:30  INFO 16033 --- [taskflow] [main] o.f.core.internal.command.DbMigrate      : Successfully applied 2 migrations to schema "public", now at version v2 (execution time 00:00.010s)
2026-10-10T18:13:32.465+05:30  INFO 16033 --- [taskflow] [main] org.hibernate.orm.jpa                    : HHH008540: Processing PersistenceUnitInfo [name: default]
2026-10-10T18:13:32.496+05:30  INFO 16033 --- [taskflow] [main] org.hibernate.orm.core                   : HHH000001: Hibernate ORM core version 7.4.5.Final
2026-10-10T18:13:32.685+05:30  INFO 16033 --- [taskflow] [main] o.s.o.j.p.SpringPersistenceUnitInfo      : No LoadTimeWeaver setup: ignoring JPA class transformer
2026-10-10T18:13:32.698+05:30  INFO 16033 --- [taskflow] [main] com.zaxxer.hikari.HikariDataSource       : HikariPool-1 - Starting...
2026-10-10T18:13:32.715+05:30  INFO 16033 --- [taskflow] [main] com.zaxxer.hikari.pool.HikariPool        : HikariPool-1 - Added connection org.postgresql.jdbc.PgConnection@73f0b216
2026-10-10T18:13:32.716+05:30  INFO 16033 --- [taskflow] [main] com.zaxxer.hikari.HikariDataSource       : HikariPool-1 - Start completed.
2026-10-10T18:13:32.751+05:30  INFO 16033 --- [taskflow] [main] org.hibernate.orm.connections.pooling    : HHH10001005: Database info:
	Database JDBC URL [jdbc:postgresql://localhost:52809/test?loggerLevel=OFF]
	Database driver: PostgreSQL JDBC Driver
	Database dialect: PostgreSQLDialect
	Database version: 16.15
	Default catalog/schema: test/public
	Autocommit mode: undefined/unknown
	Isolation level: READ_COMMITTED [default READ_COMMITTED]
	JDBC fetch size: none
	Pool: DataSourceConnectionProvider
	Minimum pool size: undefined/unknown
	Maximum pool size: undefined/unknown
2026-10-10T18:13:33.094+05:30  INFO 16033 --- [taskflow] [main] org.hibernate.orm.core                   : HHH000489: No JTA platform available (set 'hibernate.transaction.jta.platform' to enable JTA platform integration)
2026-10-10T18:13:33.129+05:30  INFO 16033 --- [taskflow] [main] j.LocalContainerEntityManagerFactoryBean : Initialized JPA EntityManagerFactory for persistence unit 'default'
2026-10-10T18:13:33.163+05:30  INFO 16033 --- [taskflow] [main] o.s.d.j.r.query.QueryEnhancerFactories   : Hibernate is in classpath; If applicable, HQL parser will be used.
2026-10-10T18:13:33.307+05:30  WARN 16033 --- [taskflow] [main] JpaBaseConfiguration$JpaWebConfiguration : spring.jpa.open-in-view is enabled by default. Therefore, database queries may be performed during view rendering. Explicitly configure spring.jpa.open-in-view to disable this warning
2026-10-10T18:13:33.529+05:30  INFO 16033 --- [taskflow] [main] o.s.b.t.m.w.SpringBootMockServletContext : Initializing Spring TestDispatcherServlet ''
2026-10-10T18:13:33.529+05:30  INFO 16033 --- [taskflow] [main] o.s.t.web.servlet.TestDispatcherServlet  : Initializing Servlet ''
2026-10-10T18:13:33.531+05:30  INFO 16033 --- [taskflow] [main] o.s.b.a.e.web.EndpointLinksResolver      : Exposing 4 endpoints beneath base path '/actuator'
2026-10-10T18:13:33.535+05:30  INFO 16033 --- [taskflow] [main] o.s.t.web.servlet.TestDispatcherServlet  : Completed initialization in 6 ms
2026-10-10T18:13:33.559+05:30  INFO 16033 --- [taskflow] [main] c.e.t.i.TaskApiIntegrationTest           : Started TaskApiIntegrationTest in 2.089 seconds (process running for 4.591)
2026-10-10T18:13:33.964+05:30  INFO 16033 --- [taskflow] [main] c.example.taskflow.services.TaskService  : Creating task with title: Learn Spring Boot
2026-10-10T18:13:33.977+05:30  INFO 16033 --- [taskflow] [main] c.example.taskflow.services.TaskService  : Task created successfully with id: 1
2026-10-10T18:13:33.991+05:30  INFO 16033 --- [taskflow] [main] c.example.taskflow.services.TaskService  : Creating task with title: Learn Docker
2026-10-10T18:13:33.993+05:30  INFO 16033 --- [taskflow] [main] c.example.taskflow.services.TaskService  : Task created successfully with id: 2
2026-10-10T18:13:34.167+05:30 DEBUG 16033 --- [taskflow] [main] c.example.taskflow.services.TaskService  : Finding task with id: 999
2026-10-10T18:13:34.171+05:30  WARN 16033 --- [taskflow] [main] c.example.taskflow.services.TaskService  : Task not found with id: 999
2026-10-10T18:13:34.182+05:30  INFO 16033 --- [taskflow] [main] c.example.taskflow.services.TaskService  : Creating task with title: Learn Testcontainers
2026-10-10T18:13:34.183+05:30  INFO 16033 --- [taskflow] [main] c.example.taskflow.services.TaskService  : Task created successfully with id: 3
2026-10-10T18:13:34.218+05:30  INFO 16033 --- [taskflow] [main] c.example.taskflow.services.TaskService  : Creating task with title: Learn Integration Testing
2026-10-10T18:13:34.220+05:30  INFO 16033 --- [taskflow] [main] c.example.taskflow.services.TaskService  : Task created successfully with id: 4
2026-10-10T18:13:34.230+05:30  INFO 16033 --- [taskflow] [main] c.example.taskflow.services.TaskService  : Creating task with title: Delete this task
2026-10-10T18:13:34.232+05:30  INFO 16033 --- [taskflow] [main] c.example.taskflow.services.TaskService  : Task created successfully with id: 5
2026-10-10T18:13:34.255+05:30  INFO 16033 --- [taskflow] [main] c.example.taskflow.services.TaskService  : Creating task with title: Finish Spring Testing
2026-10-10T18:13:34.257+05:30  INFO 16033 --- [taskflow] [main] c.example.taskflow.services.TaskService  : Task created successfully with id: 6
2026-10-10T18:13:34.484+05:30  INFO 16033 --- [taskflow] [SpringApplicationShutdownHook] j.LocalContainerEntityManagerFactoryBean : Closing JPA EntityManagerFactory for persistence unit 'default'
2026-10-10T18:13:34.487+05:30  INFO 16033 --- [taskflow] [SpringApplicationShutdownHook] com.zaxxer.hikari.HikariDataSource       : HikariPool-1 - Shutdown initiated...
2026-10-10T18:13:34.489+05:30  INFO 16033 --- [taskflow] [SpringApplicationShutdownHook] com.zaxxer.hikari.HikariDataSource       : HikariPool-1 - Shutdown completed.
2026-10-10T18:15:13.286+05:30  INFO 16247 --- [taskflow] [main] c.e.t.i.TaskApiIntegrationTest           : Starting TaskApiIntegrationTest using Java 22.0.2 with PID 16247 (started by janidubomal in /Users/janidubomal/Downloads/taskflow)
2026-10-10T18:15:13.287+05:30 DEBUG 16247 --- [taskflow] [main] c.e.t.i.TaskApiIntegrationTest           : Running with Spring Boot v4.1.1, Spring v7.0.9
2026-10-10T18:15:13.287+05:30  INFO 16247 --- [taskflow] [main] c.e.t.i.TaskApiIntegrationTest           : The following 1 profile is active: "dev"
2026-10-10T18:15:13.589+05:30  INFO 16247 --- [taskflow] [main] .s.d.r.c.RepositoryConfigurationDelegate : Bootstrapping Spring Data JPA repositories in DEFAULT mode.
2026-10-10T18:15:13.609+05:30  INFO 16247 --- [taskflow] [main] .s.d.r.c.RepositoryConfigurationDelegate : Finished Spring Data repository scanning in 15 ms. Found 1 JPA repository interface.
2026-10-10T18:15:13.948+05:30  INFO 16247 --- [taskflow] [main] org.flywaydb.core.FlywayExecutor         : Database: jdbc:postgresql://localhost:52847/test?loggerLevel=OFF (PostgreSQL 16.15)
2026-10-10T18:15:13.982+05:30  INFO 16247 --- [taskflow] [main] o.f.c.i.s.JdbcTableSchemaHistory         : Schema history table "public"."flyway_schema_history" does not exist yet
2026-10-10T18:15:13.984+05:30  INFO 16247 --- [taskflow] [main] o.f.core.internal.command.DbValidate     : Successfully validated 2 migrations (execution time 00:00.012s)
2026-10-10T18:15:13.991+05:30  INFO 16247 --- [taskflow] [main] o.f.c.i.s.JdbcTableSchemaHistory         : Creating Schema History table "public"."flyway_schema_history" ...
2026-10-10T18:15:14.033+05:30  INFO 16247 --- [taskflow] [main] o.f.core.internal.command.DbMigrate      : Current version of schema "public": << Empty Schema >>
2026-10-10T18:15:14.036+05:30  INFO 16247 --- [taskflow] [main] o.f.core.internal.command.DbMigrate      : Migrating schema "public" to version "1 - create tasks table"
2026-10-10T18:15:14.053+05:30  INFO 16247 --- [taskflow] [main] o.f.core.internal.command.DbMigrate      : Migrating schema "public" to version "2 - add priority to tasks"
2026-10-10T18:15:14.062+05:30  INFO 16247 --- [taskflow] [main] o.f.core.internal.command.DbMigrate      : Successfully applied 2 migrations to schema "public", now at version v2 (execution time 00:00.009s)
2026-10-10T18:15:14.105+05:30  INFO 16247 --- [taskflow] [main] org.hibernate.orm.jpa                    : HHH008540: Processing PersistenceUnitInfo [name: default]
2026-10-10T18:15:14.138+05:30  INFO 16247 --- [taskflow] [main] org.hibernate.orm.core                   : HHH000001: Hibernate ORM core version 7.4.5.Final
2026-10-10T18:15:14.323+05:30  INFO 16247 --- [taskflow] [main] o.s.o.j.p.SpringPersistenceUnitInfo      : No LoadTimeWeaver setup: ignoring JPA class transformer
2026-10-10T18:15:14.336+05:30  INFO 16247 --- [taskflow] [main] com.zaxxer.hikari.HikariDataSource       : HikariPool-1 - Starting...
2026-10-10T18:15:14.359+05:30  INFO 16247 --- [taskflow] [main] com.zaxxer.hikari.pool.HikariPool        : HikariPool-1 - Added connection org.postgresql.jdbc.PgConnection@3ed2a30c
2026-10-10T18:15:14.360+05:30  INFO 16247 --- [taskflow] [main] com.zaxxer.hikari.HikariDataSource       : HikariPool-1 - Start completed.
2026-10-10T18:15:14.395+05:30  INFO 16247 --- [taskflow] [main] org.hibernate.orm.connections.pooling    : HHH10001005: Database info:
	Database JDBC URL [jdbc:postgresql://localhost:52847/test?loggerLevel=OFF]
	Database driver: PostgreSQL JDBC Driver
	Database dialect: PostgreSQLDialect
	Database version: 16.15
	Default catalog/schema: test/public
	Autocommit mode: undefined/unknown
	Isolation level: READ_COMMITTED [default READ_COMMITTED]
	JDBC fetch size: none
	Pool: DataSourceConnectionProvider
	Minimum pool size: undefined/unknown
	Maximum pool size: undefined/unknown
2026-10-10T18:15:14.741+05:30  INFO 16247 --- [taskflow] [main] org.hibernate.orm.core                   : HHH000489: No JTA platform available (set 'hibernate.transaction.jta.platform' to enable JTA platform integration)
2026-10-10T18:15:14.774+05:30  INFO 16247 --- [taskflow] [main] j.LocalContainerEntityManagerFactoryBean : Initialized JPA EntityManagerFactory for persistence unit 'default'
2026-10-10T18:15:14.808+05:30  INFO 16247 --- [taskflow] [main] o.s.d.j.r.query.QueryEnhancerFactories   : Hibernate is in classpath; If applicable, HQL parser will be used.
2026-10-10T18:15:14.943+05:30  WARN 16247 --- [taskflow] [main] JpaBaseConfiguration$JpaWebConfiguration : spring.jpa.open-in-view is enabled by default. Therefore, database queries may be performed during view rendering. Explicitly configure spring.jpa.open-in-view to disable this warning
2026-10-10T18:15:15.140+05:30  INFO 16247 --- [taskflow] [main] o.s.b.t.m.w.SpringBootMockServletContext : Initializing Spring TestDispatcherServlet ''
2026-10-10T18:15:15.140+05:30  INFO 16247 --- [taskflow] [main] o.s.t.web.servlet.TestDispatcherServlet  : Initializing Servlet ''
2026-10-10T18:15:15.142+05:30  INFO 16247 --- [taskflow] [main] o.s.b.a.e.web.EndpointLinksResolver      : Exposing 4 endpoints beneath base path '/actuator'
2026-10-10T18:15:15.154+05:30  INFO 16247 --- [taskflow] [main] o.s.t.web.servlet.TestDispatcherServlet  : Completed initialization in 14 ms
2026-10-10T18:15:15.183+05:30  INFO 16247 --- [taskflow] [main] c.e.t.i.TaskApiIntegrationTest           : Started TaskApiIntegrationTest in 2.034 seconds (process running for 4.42)
2026-10-10T18:15:15.569+05:30  INFO 16247 --- [taskflow] [main] c.example.taskflow.services.TaskService  : Creating task with title: Learn Spring Boot
2026-10-10T18:15:15.582+05:30  INFO 16247 --- [taskflow] [main] c.example.taskflow.services.TaskService  : Task created successfully with id: 1
2026-10-10T18:15:15.594+05:30  INFO 16247 --- [taskflow] [main] c.example.taskflow.services.TaskService  : Creating task with title: Learn Docker
2026-10-10T18:15:15.596+05:30  INFO 16247 --- [taskflow] [main] c.example.taskflow.services.TaskService  : Task created successfully with id: 2
2026-10-10T18:15:15.776+05:30 DEBUG 16247 --- [taskflow] [main] c.example.taskflow.services.TaskService  : Finding task with id: 999
2026-10-10T18:15:15.779+05:30  WARN 16247 --- [taskflow] [main] c.example.taskflow.services.TaskService  : Task not found with id: 999
2026-10-10T18:15:15.791+05:30  INFO 16247 --- [taskflow] [main] c.example.taskflow.services.TaskService  : Creating task with title: Learn Testcontainers
2026-10-10T18:15:15.793+05:30  INFO 16247 --- [taskflow] [main] c.example.taskflow.services.TaskService  : Task created successfully with id: 3
2026-10-10T18:15:15.823+05:30  INFO 16247 --- [taskflow] [main] c.example.taskflow.services.TaskService  : Creating task with title: Learn Integration Testing
2026-10-10T18:15:15.824+05:30  INFO 16247 --- [taskflow] [main] c.example.taskflow.services.TaskService  : Task created successfully with id: 4
2026-10-10T18:15:15.835+05:30  INFO 16247 --- [taskflow] [main] c.example.taskflow.services.TaskService  : Creating task with title: Delete this task
2026-10-10T18:15:15.836+05:30  INFO 16247 --- [taskflow] [main] c.example.taskflow.services.TaskService  : Task created successfully with id: 5
2026-10-10T18:15:15.862+05:30  INFO 16247 --- [taskflow] [main] c.example.taskflow.services.TaskService  : Creating task with title: Finish Spring Testing
2026-10-10T18:15:15.863+05:30  INFO 16247 --- [taskflow] [main] c.example.taskflow.services.TaskService  : Task created successfully with id: 6
2026-10-10T18:15:16.086+05:30  INFO 16247 --- [taskflow] [SpringApplicationShutdownHook] j.LocalContainerEntityManagerFactoryBean : Closing JPA EntityManagerFactory for persistence unit 'default'
2026-10-10T18:15:16.090+05:30  INFO 16247 --- [taskflow] [SpringApplicationShutdownHook] com.zaxxer.hikari.HikariDataSource       : HikariPool-1 - Shutdown initiated...
2026-10-10T18:15:16.091+05:30  INFO 16247 --- [taskflow] [SpringApplicationShutdownHook] com.zaxxer.hikari.HikariDataSource       : HikariPool-1 - Shutdown completed.
2026-10-10T18:18:48.319+05:30  INFO 16552 --- [taskflow] [main] c.e.t.i.TaskApiIntegrationTest           : Starting TaskApiIntegrationTest using Java 22.0.2 with PID 16552 (started by janidubomal in /Users/janidubomal/Downloads/taskflow)
2026-10-10T18:18:48.320+05:30 DEBUG 16552 --- [taskflow] [main] c.e.t.i.TaskApiIntegrationTest           : Running with Spring Boot v4.1.1, Spring v7.0.9
2026-10-10T18:18:48.321+05:30  INFO 16552 --- [taskflow] [main] c.e.t.i.TaskApiIntegrationTest           : The following 1 profile is active: "dev"
2026-10-10T18:18:48.631+05:30  INFO 16552 --- [taskflow] [main] .s.d.r.c.RepositoryConfigurationDelegate : Bootstrapping Spring Data JPA repositories in DEFAULT mode.
2026-10-10T18:18:48.649+05:30  INFO 16552 --- [taskflow] [main] .s.d.r.c.RepositoryConfigurationDelegate : Finished Spring Data repository scanning in 14 ms. Found 1 JPA repository interface.
2026-10-10T18:18:48.978+05:30  INFO 16552 --- [taskflow] [main] org.flywaydb.core.FlywayExecutor         : Database: jdbc:postgresql://localhost:52892/test?loggerLevel=OFF (PostgreSQL 16.15)
2026-10-10T18:18:49.006+05:30  INFO 16552 --- [taskflow] [main] o.f.c.i.s.JdbcTableSchemaHistory         : Schema history table "public"."flyway_schema_history" does not exist yet
2026-10-10T18:18:49.008+05:30  INFO 16552 --- [taskflow] [main] o.f.core.internal.command.DbValidate     : Successfully validated 2 migrations (execution time 00:00.008s)
2026-10-10T18:18:49.019+05:30  INFO 16552 --- [taskflow] [main] o.f.c.i.s.JdbcTableSchemaHistory         : Creating Schema History table "public"."flyway_schema_history" ...
2026-10-10T18:18:49.062+05:30  INFO 16552 --- [taskflow] [main] o.f.core.internal.command.DbMigrate      : Current version of schema "public": << Empty Schema >>
2026-10-10T18:18:49.066+05:30  INFO 16552 --- [taskflow] [main] o.f.core.internal.command.DbMigrate      : Migrating schema "public" to version "1 - create tasks table"
2026-10-10T18:18:49.082+05:30  INFO 16552 --- [taskflow] [main] o.f.core.internal.command.DbMigrate      : Migrating schema "public" to version "2 - add priority to tasks"
2026-10-10T18:18:49.091+05:30  INFO 16552 --- [taskflow] [main] o.f.core.internal.command.DbMigrate      : Successfully applied 2 migrations to schema "public", now at version v2 (execution time 00:00.009s)
2026-10-10T18:18:49.134+05:30  INFO 16552 --- [taskflow] [main] org.hibernate.orm.jpa                    : HHH008540: Processing PersistenceUnitInfo [name: default]
2026-10-10T18:18:49.175+05:30  INFO 16552 --- [taskflow] [main] org.hibernate.orm.core                   : HHH000001: Hibernate ORM core version 7.4.5.Final
2026-10-10T18:18:49.361+05:30  INFO 16552 --- [taskflow] [main] o.s.o.j.p.SpringPersistenceUnitInfo      : No LoadTimeWeaver setup: ignoring JPA class transformer
2026-10-10T18:18:49.374+05:30  INFO 16552 --- [taskflow] [main] com.zaxxer.hikari.HikariDataSource       : HikariPool-1 - Starting...
2026-10-10T18:18:49.389+05:30  INFO 16552 --- [taskflow] [main] com.zaxxer.hikari.pool.HikariPool        : HikariPool-1 - Added connection org.postgresql.jdbc.PgConnection@73f0b216
2026-10-10T18:18:49.389+05:30  INFO 16552 --- [taskflow] [main] com.zaxxer.hikari.HikariDataSource       : HikariPool-1 - Start completed.
2026-10-10T18:18:49.426+05:30  INFO 16552 --- [taskflow] [main] org.hibernate.orm.connections.pooling    : HHH10001005: Database info:
	Database JDBC URL [jdbc:postgresql://localhost:52892/test?loggerLevel=OFF]
	Database driver: PostgreSQL JDBC Driver
	Database dialect: PostgreSQLDialect
	Database version: 16.15
	Default catalog/schema: test/public
	Autocommit mode: undefined/unknown
	Isolation level: READ_COMMITTED [default READ_COMMITTED]
	JDBC fetch size: none
	Pool: DataSourceConnectionProvider
	Minimum pool size: undefined/unknown
	Maximum pool size: undefined/unknown
2026-10-10T18:18:49.766+05:30  INFO 16552 --- [taskflow] [main] org.hibernate.orm.core                   : HHH000489: No JTA platform available (set 'hibernate.transaction.jta.platform' to enable JTA platform integration)
2026-10-10T18:18:49.796+05:30  INFO 16552 --- [taskflow] [main] j.LocalContainerEntityManagerFactoryBean : Initialized JPA EntityManagerFactory for persistence unit 'default'
2026-10-10T18:18:49.829+05:30  INFO 16552 --- [taskflow] [main] o.s.d.j.r.query.QueryEnhancerFactories   : Hibernate is in classpath; If applicable, HQL parser will be used.
2026-10-10T18:18:49.996+05:30  WARN 16552 --- [taskflow] [main] JpaBaseConfiguration$JpaWebConfiguration : spring.jpa.open-in-view is enabled by default. Therefore, database queries may be performed during view rendering. Explicitly configure spring.jpa.open-in-view to disable this warning
2026-10-10T18:18:50.219+05:30  INFO 16552 --- [taskflow] [main] o.s.b.t.m.w.SpringBootMockServletContext : Initializing Spring TestDispatcherServlet ''
2026-10-10T18:18:50.219+05:30  INFO 16552 --- [taskflow] [main] o.s.t.web.servlet.TestDispatcherServlet  : Initializing Servlet ''
2026-10-10T18:18:50.222+05:30  INFO 16552 --- [taskflow] [main] o.s.b.a.e.web.EndpointLinksResolver      : Exposing 4 endpoints beneath base path '/actuator'
2026-10-10T18:18:50.227+05:30  INFO 16552 --- [taskflow] [main] o.s.t.web.servlet.TestDispatcherServlet  : Completed initialization in 8 ms
2026-10-10T18:18:50.251+05:30  INFO 16552 --- [taskflow] [main] c.e.t.i.TaskApiIntegrationTest           : Started TaskApiIntegrationTest in 2.08 seconds (process running for 4.698)
2026-10-10T18:18:50.656+05:30  INFO 16552 --- [taskflow] [main] c.example.taskflow.services.TaskService  : Creating task with title: Learn Spring Boot
2026-10-10T18:18:50.670+05:30  INFO 16552 --- [taskflow] [main] c.example.taskflow.services.TaskService  : Task created successfully with id: 1
2026-10-10T18:18:50.682+05:30  INFO 16552 --- [taskflow] [main] c.example.taskflow.services.TaskService  : Creating task with title: Learn Docker
2026-10-10T18:18:50.684+05:30  INFO 16552 --- [taskflow] [main] c.example.taskflow.services.TaskService  : Task created successfully with id: 2
2026-10-10T18:18:50.860+05:30 DEBUG 16552 --- [taskflow] [main] c.example.taskflow.services.TaskService  : Finding task with id: 999
2026-10-10T18:18:50.869+05:30  WARN 16552 --- [taskflow] [main] c.example.taskflow.services.TaskService  : Task not found with id: 999
2026-10-10T18:18:50.881+05:30  INFO 16552 --- [taskflow] [main] c.example.taskflow.services.TaskService  : Creating task with title: Learn Testcontainers
2026-10-10T18:18:50.883+05:30  INFO 16552 --- [taskflow] [main] c.example.taskflow.services.TaskService  : Task created successfully with id: 3
2026-10-10T18:18:50.913+05:30  INFO 16552 --- [taskflow] [main] c.example.taskflow.services.TaskService  : Creating task with title: Learn Integration Testing
2026-10-10T18:18:50.915+05:30  INFO 16552 --- [taskflow] [main] c.example.taskflow.services.TaskService  : Task created successfully with id: 4
2026-10-10T18:18:50.926+05:30  INFO 16552 --- [taskflow] [main] c.example.taskflow.services.TaskService  : Creating task with title: Delete this task
2026-10-10T18:18:50.928+05:30  INFO 16552 --- [taskflow] [main] c.example.taskflow.services.TaskService  : Task created successfully with id: 5
2026-10-10T18:18:50.954+05:30  INFO 16552 --- [taskflow] [main] c.example.taskflow.services.TaskService  : Creating task with title: Finish Spring Testing
2026-10-10T18:18:50.956+05:30  INFO 16552 --- [taskflow] [main] c.example.taskflow.services.TaskService  : Task created successfully with id: 6
2026-10-10T18:18:51.206+05:30  INFO 16552 --- [taskflow] [SpringApplicationShutdownHook] j.LocalContainerEntityManagerFactoryBean : Closing JPA EntityManagerFactory for persistence unit 'default'
2026-10-10T18:18:51.227+05:30  INFO 16552 --- [taskflow] [SpringApplicationShutdownHook] com.zaxxer.hikari.HikariDataSource       : HikariPool-1 - Shutdown initiated...
2026-10-10T18:18:51.240+05:30  INFO 16552 --- [taskflow] [SpringApplicationShutdownHook] com.zaxxer.hikari.HikariDataSource       : HikariPool-1 - Shutdown completed.
2026-10-10T18:20:05.184+05:30  INFO 16757 --- [taskflow] [main] c.e.t.controller.TaskControllerTest      : Starting TaskControllerTest using Java 22.0.2 with PID 16757 (started by janidubomal in /Users/janidubomal/Downloads/taskflow)
2026-10-10T18:20:05.184+05:30 DEBUG 16757 --- [taskflow] [main] c.e.t.controller.TaskControllerTest      : Running with Spring Boot v4.1.1, Spring v7.0.9
2026-10-10T18:20:05.185+05:30  INFO 16757 --- [taskflow] [main] c.e.t.controller.TaskControllerTest      : The following 1 profile is active: "dev"
2026-10-10T18:20:05.989+05:30  INFO 16757 --- [taskflow] [main] o.s.b.t.m.w.SpringBootMockServletContext : Initializing Spring TestDispatcherServlet ''
2026-10-10T18:20:05.989+05:30  INFO 16757 --- [taskflow] [main] o.s.t.web.servlet.TestDispatcherServlet  : Initializing Servlet ''
2026-10-10T18:20:05.990+05:30  INFO 16757 --- [taskflow] [main] o.s.t.web.servlet.TestDispatcherServlet  : Completed initialization in 1 ms
2026-10-10T18:20:06.001+05:30  INFO 16757 --- [taskflow] [main] c.e.t.controller.TaskControllerTest      : Started TaskControllerTest in 1.003 seconds (process running for 1.572)
2026-10-10T18:21:18.080+05:30  INFO 16962 --- [taskflow] [main] c.e.t.controller.TaskControllerTest      : Starting TaskControllerTest using Java 22.0.2 with PID 16962 (started by janidubomal in /Users/janidubomal/Downloads/taskflow)
2026-10-10T18:21:18.081+05:30 DEBUG 16962 --- [taskflow] [main] c.e.t.controller.TaskControllerTest      : Running with Spring Boot v4.1.1, Spring v7.0.9
2026-10-10T18:21:18.081+05:30  INFO 16962 --- [taskflow] [main] c.e.t.controller.TaskControllerTest      : The following 1 profile is active: "dev"
2026-10-10T18:21:18.913+05:30  INFO 16962 --- [taskflow] [main] o.s.b.t.m.w.SpringBootMockServletContext : Initializing Spring TestDispatcherServlet ''
2026-10-10T18:21:18.914+05:30  INFO 16962 --- [taskflow] [main] o.s.t.web.servlet.TestDispatcherServlet  : Initializing Servlet ''
2026-10-10T18:21:18.914+05:30  INFO 16962 --- [taskflow] [main] o.s.t.web.servlet.TestDispatcherServlet  : Completed initialization in 0 ms
2026-10-10T18:21:18.926+05:30  INFO 16962 --- [taskflow] [main] c.e.t.controller.TaskControllerTest      : Started TaskControllerTest in 1.03 seconds (process running for 1.483)
2026-10-10T18:21:43.112+05:30  INFO 17132 --- [taskflow] [main] c.e.t.i.TaskApiIntegrationTest           : Starting TaskApiIntegrationTest using Java 22.0.2 with PID 17132 (started by janidubomal in /Users/janidubomal/Downloads/taskflow)
2026-10-10T18:21:43.112+05:30 DEBUG 17132 --- [taskflow] [main] c.e.t.i.TaskApiIntegrationTest           : Running with Spring Boot v4.1.1, Spring v7.0.9
2026-10-10T18:21:43.112+05:30  INFO 17132 --- [taskflow] [main] c.e.t.i.TaskApiIntegrationTest           : The following 1 profile is active: "dev"
2026-10-10T18:21:43.420+05:30  INFO 17132 --- [taskflow] [main] .s.d.r.c.RepositoryConfigurationDelegate : Bootstrapping Spring Data JPA repositories in DEFAULT mode.
2026-10-10T18:21:43.440+05:30  INFO 17132 --- [taskflow] [main] .s.d.r.c.RepositoryConfigurationDelegate : Finished Spring Data repository scanning in 16 ms. Found 1 JPA repository interface.
2026-10-10T18:21:43.777+05:30  INFO 17132 --- [taskflow] [main] org.flywaydb.core.FlywayExecutor         : Database: jdbc:postgresql://localhost:52944/test?loggerLevel=OFF (PostgreSQL 16.15)
2026-10-10T18:21:43.814+05:30  INFO 17132 --- [taskflow] [main] o.f.c.i.s.JdbcTableSchemaHistory         : Schema history table "public"."flyway_schema_history" does not exist yet
2026-10-10T18:21:43.816+05:30  INFO 17132 --- [taskflow] [main] o.f.core.internal.command.DbValidate     : Successfully validated 2 migrations (execution time 00:00.011s)
2026-10-10T18:21:43.830+05:30  INFO 17132 --- [taskflow] [main] o.f.c.i.s.JdbcTableSchemaHistory         : Creating Schema History table "public"."flyway_schema_history" ...
2026-10-10T18:21:43.868+05:30  INFO 17132 --- [taskflow] [main] o.f.core.internal.command.DbMigrate      : Current version of schema "public": << Empty Schema >>
2026-10-10T18:21:43.872+05:30  INFO 17132 --- [taskflow] [main] o.f.core.internal.command.DbMigrate      : Migrating schema "public" to version "1 - create tasks table"
2026-10-10T18:21:43.887+05:30  INFO 17132 --- [taskflow] [main] o.f.core.internal.command.DbMigrate      : Migrating schema "public" to version "2 - add priority to tasks"
2026-10-10T18:21:43.893+05:30  INFO 17132 --- [taskflow] [main] o.f.core.internal.command.DbMigrate      : Successfully applied 2 migrations to schema "public", now at version v2 (execution time 00:00.009s)
2026-10-10T18:21:43.936+05:30  INFO 17132 --- [taskflow] [main] org.hibernate.orm.jpa                    : HHH008540: Processing PersistenceUnitInfo [name: default]
2026-10-10T18:21:43.968+05:30  INFO 17132 --- [taskflow] [main] org.hibernate.orm.core                   : HHH000001: Hibernate ORM core version 7.4.5.Final
2026-10-10T18:21:44.152+05:30  INFO 17132 --- [taskflow] [main] o.s.o.j.p.SpringPersistenceUnitInfo      : No LoadTimeWeaver setup: ignoring JPA class transformer
2026-10-10T18:21:44.166+05:30  INFO 17132 --- [taskflow] [main] com.zaxxer.hikari.HikariDataSource       : HikariPool-1 - Starting...
2026-10-10T18:21:44.183+05:30  INFO 17132 --- [taskflow] [main] com.zaxxer.hikari.pool.HikariPool        : HikariPool-1 - Added connection org.postgresql.jdbc.PgConnection@3ed2a30c
2026-10-10T18:21:44.184+05:30  INFO 17132 --- [taskflow] [main] com.zaxxer.hikari.HikariDataSource       : HikariPool-1 - Start completed.
2026-10-10T18:21:44.218+05:30  INFO 17132 --- [taskflow] [main] org.hibernate.orm.connections.pooling    : HHH10001005: Database info:
	Database JDBC URL [jdbc:postgresql://localhost:52944/test?loggerLevel=OFF]
	Database driver: PostgreSQL JDBC Driver
	Database dialect: PostgreSQLDialect
	Database version: 16.15
	Default catalog/schema: test/public
	Autocommit mode: undefined/unknown
	Isolation level: READ_COMMITTED [default READ_COMMITTED]
	JDBC fetch size: none
	Pool: DataSourceConnectionProvider
	Minimum pool size: undefined/unknown
	Maximum pool size: undefined/unknown
2026-10-10T18:21:44.561+05:30  INFO 17132 --- [taskflow] [main] org.hibernate.orm.core                   : HHH000489: No JTA platform available (set 'hibernate.transaction.jta.platform' to enable JTA platform integration)
2026-10-10T18:21:44.592+05:30  INFO 17132 --- [taskflow] [main] j.LocalContainerEntityManagerFactoryBean : Initialized JPA EntityManagerFactory for persistence unit 'default'
2026-10-10T18:21:44.626+05:30  INFO 17132 --- [taskflow] [main] o.s.d.j.r.query.QueryEnhancerFactories   : Hibernate is in classpath; If applicable, HQL parser will be used.
2026-10-10T18:21:44.759+05:30  WARN 17132 --- [taskflow] [main] JpaBaseConfiguration$JpaWebConfiguration : spring.jpa.open-in-view is enabled by default. Therefore, database queries may be performed during view rendering. Explicitly configure spring.jpa.open-in-view to disable this warning
2026-10-10T18:21:44.962+05:30  INFO 17132 --- [taskflow] [main] o.s.b.t.m.w.SpringBootMockServletContext : Initializing Spring TestDispatcherServlet ''
2026-10-10T18:21:44.963+05:30  INFO 17132 --- [taskflow] [main] o.s.t.web.servlet.TestDispatcherServlet  : Initializing Servlet ''
2026-10-10T18:21:44.965+05:30  INFO 17132 --- [taskflow] [main] o.s.b.a.e.web.EndpointLinksResolver      : Exposing 4 endpoints beneath base path '/actuator'
2026-10-10T18:21:44.970+05:30  INFO 17132 --- [taskflow] [main] o.s.t.web.servlet.TestDispatcherServlet  : Completed initialization in 7 ms
2026-10-10T18:21:44.994+05:30  INFO 17132 --- [taskflow] [main] c.e.t.i.TaskApiIntegrationTest           : Started TaskApiIntegrationTest in 2.022 seconds (process running for 4.532)
2026-10-10T18:21:45.393+05:30  INFO 17132 --- [taskflow] [main] c.example.taskflow.services.TaskService  : Creating task with title: Learn Spring Boot
2026-10-10T18:21:45.406+05:30  INFO 17132 --- [taskflow] [main] c.example.taskflow.services.TaskService  : Task created successfully with id: 1
2026-10-10T18:21:45.419+05:30  INFO 17132 --- [taskflow] [main] c.example.taskflow.services.TaskService  : Creating task with title: Learn Docker
2026-10-10T18:21:45.431+05:30  INFO 17132 --- [taskflow] [main] c.example.taskflow.services.TaskService  : Task created successfully with id: 2
2026-10-10T18:21:45.614+05:30 DEBUG 17132 --- [taskflow] [main] c.example.taskflow.services.TaskService  : Finding task with id: 999
2026-10-10T18:21:45.618+05:30  WARN 17132 --- [taskflow] [main] c.example.taskflow.services.TaskService  : Task not found with id: 999
2026-10-10T18:21:45.629+05:30  INFO 17132 --- [taskflow] [main] c.example.taskflow.services.TaskService  : Creating task with title: Learn Testcontainers
2026-10-10T18:21:45.631+05:30  INFO 17132 --- [taskflow] [main] c.example.taskflow.services.TaskService  : Task created successfully with id: 3
2026-10-10T18:21:45.663+05:30  INFO 17132 --- [taskflow] [main] c.example.taskflow.services.TaskService  : Creating task with title: Learn Integration Testing
2026-10-10T18:21:45.664+05:30  INFO 17132 --- [taskflow] [main] c.example.taskflow.services.TaskService  : Task created successfully with id: 4
2026-10-10T18:21:45.675+05:30  INFO 17132 --- [taskflow] [main] c.example.taskflow.services.TaskService  : Creating task with title: Delete this task
2026-10-10T18:21:45.677+05:30  INFO 17132 --- [taskflow] [main] c.example.taskflow.services.TaskService  : Task created successfully with id: 5
2026-10-10T18:21:45.701+05:30  INFO 17132 --- [taskflow] [main] c.example.taskflow.services.TaskService  : Creating task with title: Finish Spring Testing
2026-10-10T18:21:45.702+05:30  INFO 17132 --- [taskflow] [main] c.example.taskflow.services.TaskService  : Task created successfully with id: 6
2026-10-10T18:21:45.708+05:30 DEBUG 17132 --- [taskflow] [main] c.example.taskflow.services.TaskService  : Finding task with id: 6
2026-10-10T18:21:45.955+05:30  INFO 17132 --- [taskflow] [SpringApplicationShutdownHook] j.LocalContainerEntityManagerFactoryBean : Closing JPA EntityManagerFactory for persistence unit 'default'
2026-10-10T18:21:45.958+05:30  INFO 17132 --- [taskflow] [SpringApplicationShutdownHook] com.zaxxer.hikari.HikariDataSource       : HikariPool-1 - Shutdown initiated...
2026-10-10T18:21:45.960+05:30  INFO 17132 --- [taskflow] [SpringApplicationShutdownHook] com.zaxxer.hikari.HikariDataSource       : HikariPool-1 - Shutdown completed.
2026-10-10T18:21:56.919+05:30  INFO 17275 --- [taskflow] [main] c.e.t.repository.TaskRepositoryTest      : Starting TaskRepositoryTest using Java 22.0.2 with PID 17275 (started by janidubomal in /Users/janidubomal/Downloads/taskflow)
2026-10-10T18:21:56.919+05:30 DEBUG 17275 --- [taskflow] [main] c.e.t.repository.TaskRepositoryTest      : Running with Spring Boot v4.1.1, Spring v7.0.9
2026-10-10T18:21:56.919+05:30  INFO 17275 --- [taskflow] [main] c.e.t.repository.TaskRepositoryTest      : The following 1 profile is active: "dev"
2026-10-10T18:21:57.081+05:30  INFO 17275 --- [taskflow] [main] .s.d.r.c.RepositoryConfigurationDelegate : Bootstrapping Spring Data JPA repositories in DEFAULT mode.
2026-10-10T18:21:57.110+05:30  INFO 17275 --- [taskflow] [main] .s.d.r.c.RepositoryConfigurationDelegate : Finished Spring Data repository scanning in 25 ms. Found 1 JPA repository interface.
2026-10-10T18:21:57.134+05:30  INFO 17275 --- [taskflow] [main] beddedDataSourceBeanFactoryPostProcessor : Replacing 'dataSource' DataSource bean with embedded version
2026-10-10T18:21:57.169+05:30  INFO 17275 --- [taskflow] [main] o.s.j.d.e.EmbeddedDatabaseFactory        : Starting embedded database: url='jdbc:h2:mem:18ffdebb-917f-4a33-a7ef-f4d974990126;DB_CLOSE_DELAY=-1;DB_CLOSE_ON_EXIT=false', username='sa'
2026-10-10T18:21:57.300+05:30  INFO 17275 --- [taskflow] [main] org.hibernate.orm.jpa                    : HHH008540: Processing PersistenceUnitInfo [name: default]
2026-10-10T18:21:57.331+05:30  INFO 17275 --- [taskflow] [main] org.hibernate.orm.core                   : HHH000001: Hibernate ORM core version 7.4.5.Final
2026-10-10T18:21:57.567+05:30  INFO 17275 --- [taskflow] [main] o.s.o.j.p.SpringPersistenceUnitInfo      : No LoadTimeWeaver setup: ignoring JPA class transformer
2026-10-10T18:21:57.602+05:30  INFO 17275 --- [taskflow] [main] org.hibernate.orm.connections.pooling    : HHH10001005: Database info:
	Database JDBC URL [jdbc:h2:mem:18ffdebb-917f-4a33-a7ef-f4d974990126]
	Database driver: H2 JDBC Driver
	Database dialect: H2Dialect
	Database version: 2.4.240
	Default catalog/schema: 18FFDEBB-917F-4A33-A7EF-F4D974990126/PUBLIC
	Autocommit mode: undefined/unknown
	Isolation level: READ_COMMITTED [default READ_COMMITTED]
	JDBC fetch size: 100
	Pool: DataSourceConnectionProvider
	Minimum pool size: undefined/unknown
	Maximum pool size: undefined/unknown
2026-10-10T18:21:57.936+05:30  INFO 17275 --- [taskflow] [main] org.hibernate.orm.core                   : HHH000489: No JTA platform available (set 'hibernate.transaction.jta.platform' to enable JTA platform integration)
2026-10-10T18:21:57.949+05:30  INFO 17275 --- [taskflow] [main] j.LocalContainerEntityManagerFactoryBean : Initialized JPA EntityManagerFactory for persistence unit 'default'
2026-10-10T18:21:57.992+05:30  INFO 17275 --- [taskflow] [main] o.s.d.j.r.query.QueryEnhancerFactories   : Hibernate is in classpath; If applicable, HQL parser will be used.
2026-10-10T18:21:58.068+05:30  INFO 17275 --- [taskflow] [main] c.e.t.repository.TaskRepositoryTest      : Started TaskRepositoryTest in 1.346 seconds (process running for 2.023)
2026-10-10T18:21:58.623+05:30  INFO 17275 --- [taskflow] [main] org.testcontainers.images.PullPolicy     : Image pull policy will be performed by: DefaultPullPolicy()
2026-10-10T18:21:58.624+05:30  INFO 17275 --- [taskflow] [main] o.t.utility.ImageNameSubstitutor         : Image name substitution will be performed by: DefaultImageNameSubstitutor (composite of 'ConfigurationFileImageNameSubstitutor' and 'PrefixingImageNameSubstitutor')
2026-10-10T18:21:58.629+05:30  INFO 17275 --- [taskflow] [main] org.testcontainers.DockerClientFactory   : Testcontainers version: 2.0.5
2026-10-10T18:21:58.743+05:30  INFO 17275 --- [taskflow] [main] o.t.d.DockerClientProviderStrategy       : Loaded org.testcontainers.dockerclient.UnixSocketClientProviderStrategy from ~/.testcontainers.properties, will try it first
2026-10-10T18:21:58.957+05:30  INFO 17275 --- [taskflow] [main] o.t.d.DockerClientProviderStrategy       : Found Docker environment with local Unix socket (unix:///var/run/docker.sock)
2026-10-10T18:21:58.958+05:30  INFO 17275 --- [taskflow] [main] org.testcontainers.DockerClientFactory   : Docker host IP address is localhost
2026-10-10T18:21:58.971+05:30  INFO 17275 --- [taskflow] [main] org.testcontainers.DockerClientFactory   : Connected to docker: 
  Server Version: 27.4.0
  API Version: 1.47
  Operating System: Docker Desktop
  Total Memory: 3919 MB
  Labels: 
    com.docker.desktop.address=unix:///Users/janidubomal/Library/Containers/com.docker.docker/Data/docker-cli.sock
2026-10-10T18:21:58.993+05:30  INFO 17275 --- [taskflow] [main] tc.testcontainers/ryuk:0.14.0            : Creating container for image: testcontainers/ryuk:0.14.0
2026-10-10T18:21:59.193+05:30  INFO 17275 --- [taskflow] [main] tc.testcontainers/ryuk:0.14.0            : Container testcontainers/ryuk:0.14.0 is starting: 02dbb05546f41cd364651d6ea868f7d383478aea7ef34612b104a11f38ba9de8
2026-10-10T18:21:59.510+05:30  INFO 17275 --- [taskflow] [main] tc.testcontainers/ryuk:0.14.0            : Container testcontainers/ryuk:0.14.0 started in PT0.517428S
2026-10-10T18:21:59.516+05:30  INFO 17275 --- [taskflow] [main] o.t.utility.RyukResourceReaper           : Ryuk started - will monitor and terminate Testcontainers containers on JVM exit
2026-10-10T18:21:59.516+05:30  INFO 17275 --- [taskflow] [main] org.testcontainers.DockerClientFactory   : Checking the system...
2026-10-10T18:21:59.516+05:30  INFO 17275 --- [taskflow] [main] org.testcontainers.DockerClientFactory   : ✔︎ Docker server version should be at least 1.6.0
2026-10-10T18:21:59.517+05:30  INFO 17275 --- [taskflow] [main] tc.postgres:16-alpine                    : Creating container for image: postgres:16-alpine
2026-10-10T18:21:59.537+05:30  INFO 17275 --- [taskflow] [main] tc.postgres:16-alpine                    : Container postgres:16-alpine is starting: 11f8316f6b44427f4acb74fb2f0db79d966bcbddb03bf7682dbf645aef7ab043
2026-10-10T18:22:00.505+05:30  INFO 17275 --- [taskflow] [main] tc.postgres:16-alpine                    : Container postgres:16-alpine started in PT0.988375S
2026-10-10T18:22:00.507+05:30  INFO 17275 --- [taskflow] [main] tc.postgres:16-alpine                    : Container is started (JDBC URL: jdbc:postgresql://localhost:52965/test?loggerLevel=OFF)
2026-10-10T18:22:00.517+05:30  INFO 17275 --- [taskflow] [main] t.c.s.AnnotationConfigContextLoaderUtils : Could not detect default configuration classes for test class [com.example.taskflow.integration.TaskRepositoryPostgresIntegrationTest]: TaskRepositoryPostgresIntegrationTest does not declare any static, non-private, non-final, nested classes annotated with @Configuration.
2026-10-10T18:22:00.535+05:30  INFO 17275 --- [taskflow] [main] .b.t.c.SpringBootTestContextBootstrapper : Found @SpringBootConfiguration com.example.taskflow.TaskflowApplication for test class com.example.taskflow.integration.TaskRepositoryPostgresIntegrationTest
2026-10-10T18:22:00.537+05:30  INFO 17275 --- [taskflow] [main] t.c.s.AnnotationConfigContextLoaderUtils : Could not detect default configuration classes for test class [com.example.taskflow.integration.TaskRepositoryPostgresIntegrationTest]: TaskRepositoryPostgresIntegrationTest does not declare any static, non-private, non-final, nested classes annotated with @Configuration.
2026-10-10T18:22:00.539+05:30  INFO 17275 --- [taskflow] [main] .b.t.c.SpringBootTestContextBootstrapper : Found @SpringBootConfiguration com.example.taskflow.TaskflowApplication for test class com.example.taskflow.integration.TaskRepositoryPostgresIntegrationTest
2026-10-10T18:22:00.547+05:30  INFO 17275 --- [taskflow] [main] o.s.b.d.r.RestartApplicationListener     : Restart disabled due to context in which it is running
2026-10-10T18:22:00.567+05:30  INFO 17275 --- [taskflow] [main] .i.TaskRepositoryPostgresIntegrationTest : Starting TaskRepositoryPostgresIntegrationTest using Java 22.0.2 with PID 17275 (started by janidubomal in /Users/janidubomal/Downloads/taskflow)
2026-10-10T18:22:00.567+05:30 DEBUG 17275 --- [taskflow] [main] .i.TaskRepositoryPostgresIntegrationTest : Running with Spring Boot v4.1.1, Spring v7.0.9
2026-10-10T18:22:00.568+05:30  INFO 17275 --- [taskflow] [main] .i.TaskRepositoryPostgresIntegrationTest : The following 1 profile is active: "dev"
2026-10-10T18:22:00.749+05:30  INFO 17275 --- [taskflow] [main] .s.d.r.c.RepositoryConfigurationDelegate : Bootstrapping Spring Data JPA repositories in DEFAULT mode.
2026-10-10T18:22:00.753+05:30  INFO 17275 --- [taskflow] [main] .s.d.r.c.RepositoryConfigurationDelegate : Finished Spring Data repository scanning in 3 ms. Found 1 JPA repository interface.
2026-10-10T18:22:01.033+05:30  INFO 17275 --- [taskflow] [main] org.flywaydb.core.FlywayExecutor         : Database: jdbc:postgresql://localhost:52965/test?loggerLevel=OFF (PostgreSQL 16.15)
2026-10-10T18:22:01.062+05:30  INFO 17275 --- [taskflow] [main] o.f.c.i.s.JdbcTableSchemaHistory         : Schema history table "public"."flyway_schema_history" does not exist yet
2026-10-10T18:22:01.064+05:30  INFO 17275 --- [taskflow] [main] o.f.core.internal.command.DbValidate     : Successfully validated 2 migrations (execution time 00:00.007s)
2026-10-10T18:22:01.074+05:30  INFO 17275 --- [taskflow] [main] o.f.c.i.s.JdbcTableSchemaHistory         : Creating Schema History table "public"."flyway_schema_history" ...
2026-10-10T18:22:01.103+05:30  INFO 17275 --- [taskflow] [main] o.f.core.internal.command.DbMigrate      : Current version of schema "public": << Empty Schema >>
2026-10-10T18:22:01.107+05:30  INFO 17275 --- [taskflow] [main] o.f.core.internal.command.DbMigrate      : Migrating schema "public" to version "1 - create tasks table"
2026-10-10T18:22:01.123+05:30  INFO 17275 --- [taskflow] [main] o.f.core.internal.command.DbMigrate      : Migrating schema "public" to version "2 - add priority to tasks"
2026-10-10T18:22:01.135+05:30  INFO 17275 --- [taskflow] [main] o.f.core.internal.command.DbMigrate      : Successfully applied 2 migrations to schema "public", now at version v2 (execution time 00:00.008s)
2026-10-10T18:22:01.154+05:30  INFO 17275 --- [taskflow] [main] org.hibernate.orm.jpa                    : HHH008540: Processing PersistenceUnitInfo [name: default]
2026-10-10T18:22:01.169+05:30  INFO 17275 --- [taskflow] [main] o.s.o.j.p.SpringPersistenceUnitInfo      : No LoadTimeWeaver setup: ignoring JPA class transformer
2026-10-10T18:22:01.169+05:30  INFO 17275 --- [taskflow] [main] com.zaxxer.hikari.HikariDataSource       : HikariPool-1 - Starting...
2026-10-10T18:22:01.183+05:30  INFO 17275 --- [taskflow] [main] com.zaxxer.hikari.pool.HikariPool        : HikariPool-1 - Added connection org.postgresql.jdbc.PgConnection@b0e7bde
2026-10-10T18:22:01.183+05:30  INFO 17275 --- [taskflow] [main] com.zaxxer.hikari.HikariDataSource       : HikariPool-1 - Start completed.
2026-10-10T18:22:01.195+05:30  INFO 17275 --- [taskflow] [main] org.hibernate.orm.connections.pooling    : HHH10001005: Database info:
	Database JDBC URL [jdbc:postgresql://localhost:52965/test?loggerLevel=OFF]
	Database driver: PostgreSQL JDBC Driver
	Database dialect: PostgreSQLDialect
	Database version: 16.15
	Default catalog/schema: test/public
	Autocommit mode: undefined/unknown
	Isolation level: READ_COMMITTED [default READ_COMMITTED]
	JDBC fetch size: none
	Pool: DataSourceConnectionProvider
	Minimum pool size: undefined/unknown
	Maximum pool size: undefined/unknown
2026-10-10T18:22:01.221+05:30  INFO 17275 --- [taskflow] [main] org.hibernate.orm.core                   : HHH000489: No JTA platform available (set 'hibernate.transaction.jta.platform' to enable JTA platform integration)
2026-10-10T18:22:01.250+05:30  INFO 17275 --- [taskflow] [main] j.LocalContainerEntityManagerFactoryBean : Initialized JPA EntityManagerFactory for persistence unit 'default'
2026-10-10T18:22:01.333+05:30  WARN 17275 --- [taskflow] [main] JpaBaseConfiguration$JpaWebConfiguration : spring.jpa.open-in-view is enabled by default. Therefore, database queries may be performed during view rendering. Explicitly configure spring.jpa.open-in-view to disable this warning
2026-10-10T18:22:01.524+05:30  INFO 17275 --- [taskflow] [main] o.s.b.a.e.web.EndpointLinksResolver      : Exposing 4 endpoints beneath base path '/actuator'
2026-10-10T18:22:01.550+05:30  INFO 17275 --- [taskflow] [main] .i.TaskRepositoryPostgresIntegrationTest : Started TaskRepositoryPostgresIntegrationTest in 1.003 seconds (process running for 5.505)
2026-10-10T18:22:01.895+05:30  INFO 17275 --- [taskflow] [main] tc.postgres:16-alpine                    : Creating container for image: postgres:16-alpine
2026-10-10T18:22:01.952+05:30  INFO 17275 --- [taskflow] [main] tc.postgres:16-alpine                    : Container postgres:16-alpine is starting: 498a10a25949daeed62ee77a10c55cb938111880805eb47f876d3ea2a57391ec
2026-10-10T18:22:03.074+05:30  INFO 17275 --- [taskflow] [main] tc.postgres:16-alpine                    : Container postgres:16-alpine started in PT1.17934S
2026-10-10T18:22:03.090+05:30  INFO 17275 --- [taskflow] [main] tc.postgres:16-alpine                    : Container is started (JDBC URL: jdbc:postgresql://localhost:52980/test?loggerLevel=OFF)
2026-10-10T18:22:03.099+05:30  INFO 17275 --- [taskflow] [main] t.c.s.AnnotationConfigContextLoaderUtils : Could not detect default configuration classes for test class [com.example.taskflow.integration.TaskApiIntegrationTest]: TaskApiIntegrationTest does not declare any static, non-private, non-final, nested classes annotated with @Configuration.
2026-10-10T18:22:03.110+05:30  INFO 17275 --- [taskflow] [main] .b.t.c.SpringBootTestContextBootstrapper : Found @SpringBootConfiguration com.example.taskflow.TaskflowApplication for test class com.example.taskflow.integration.TaskApiIntegrationTest
2026-10-10T18:22:03.111+05:30  INFO 17275 --- [taskflow] [main] t.c.s.AnnotationConfigContextLoaderUtils : Could not detect default configuration classes for test class [com.example.taskflow.integration.TaskApiIntegrationTest]: TaskApiIntegrationTest does not declare any static, non-private, non-final, nested classes annotated with @Configuration.
2026-10-10T18:22:03.115+05:30  INFO 17275 --- [taskflow] [main] .b.t.c.SpringBootTestContextBootstrapper : Found @SpringBootConfiguration com.example.taskflow.TaskflowApplication for test class com.example.taskflow.integration.TaskApiIntegrationTest
2026-10-10T18:22:03.130+05:30  INFO 17275 --- [taskflow] [main] o.s.b.d.r.RestartApplicationListener     : Restart disabled due to context in which it is running
2026-10-10T18:22:03.149+05:30  INFO 17275 --- [taskflow] [main] c.e.t.i.TaskApiIntegrationTest           : Starting TaskApiIntegrationTest using Java 22.0.2 with PID 17275 (started by janidubomal in /Users/janidubomal/Downloads/taskflow)
2026-10-10T18:22:03.149+05:30 DEBUG 17275 --- [taskflow] [main] c.e.t.i.TaskApiIntegrationTest           : Running with Spring Boot v4.1.1, Spring v7.0.9
2026-10-10T18:22:03.149+05:30  INFO 17275 --- [taskflow] [main] c.e.t.i.TaskApiIntegrationTest           : The following 1 profile is active: "dev"
2026-10-10T18:22:03.241+05:30  INFO 17275 --- [taskflow] [main] .s.d.r.c.RepositoryConfigurationDelegate : Bootstrapping Spring Data JPA repositories in DEFAULT mode.
2026-10-10T18:22:03.249+05:30  INFO 17275 --- [taskflow] [main] .s.d.r.c.RepositoryConfigurationDelegate : Finished Spring Data repository scanning in 3 ms. Found 1 JPA repository interface.
2026-10-10T18:22:03.378+05:30  INFO 17275 --- [taskflow] [main] org.flywaydb.core.FlywayExecutor         : Database: jdbc:postgresql://localhost:52980/test?loggerLevel=OFF (PostgreSQL 16.15)
2026-10-10T18:22:03.388+05:30  INFO 17275 --- [taskflow] [main] o.f.c.i.s.JdbcTableSchemaHistory         : Schema history table "public"."flyway_schema_history" does not exist yet
2026-10-10T18:22:03.389+05:30  INFO 17275 --- [taskflow] [main] o.f.core.internal.command.DbValidate     : Successfully validated 2 migrations (execution time 00:00.002s)
2026-10-10T18:22:03.394+05:30  INFO 17275 --- [taskflow] [main] o.f.c.i.s.JdbcTableSchemaHistory         : Creating Schema History table "public"."flyway_schema_history" ...
2026-10-10T18:22:03.410+05:30  INFO 17275 --- [taskflow] [main] o.f.core.internal.command.DbMigrate      : Current version of schema "public": << Empty Schema >>
2026-10-10T18:22:03.412+05:30  INFO 17275 --- [taskflow] [main] o.f.core.internal.command.DbMigrate      : Migrating schema "public" to version "1 - create tasks table"
2026-10-10T18:22:03.421+05:30  INFO 17275 --- [taskflow] [main] o.f.core.internal.command.DbMigrate      : Migrating schema "public" to version "2 - add priority to tasks"
2026-10-10T18:22:03.427+05:30  INFO 17275 --- [taskflow] [main] o.f.core.internal.command.DbMigrate      : Successfully applied 2 migrations to schema "public", now at version v2 (execution time 00:00.004s)
2026-10-10T18:22:03.436+05:30  INFO 17275 --- [taskflow] [main] org.hibernate.orm.jpa                    : HHH008540: Processing PersistenceUnitInfo [name: default]
2026-10-10T18:22:03.444+05:30  INFO 17275 --- [taskflow] [main] o.s.o.j.p.SpringPersistenceUnitInfo      : No LoadTimeWeaver setup: ignoring JPA class transformer
2026-10-10T18:22:03.444+05:30  INFO 17275 --- [taskflow] [main] com.zaxxer.hikari.HikariDataSource       : HikariPool-2 - Starting...
2026-10-10T18:22:03.450+05:30  INFO 17275 --- [taskflow] [main] com.zaxxer.hikari.pool.HikariPool        : HikariPool-2 - Added connection org.postgresql.jdbc.PgConnection@940fe23
2026-10-10T18:22:03.450+05:30  INFO 17275 --- [taskflow] [main] com.zaxxer.hikari.HikariDataSource       : HikariPool-2 - Start completed.
2026-10-10T18:22:03.454+05:30  INFO 17275 --- [taskflow] [main] org.hibernate.orm.connections.pooling    : HHH10001005: Database info:
	Database JDBC URL [jdbc:postgresql://localhost:52980/test?loggerLevel=OFF]
	Database driver: PostgreSQL JDBC Driver
	Database dialect: PostgreSQLDialect
	Database version: 16.15
	Default catalog/schema: test/public
	Autocommit mode: undefined/unknown
	Isolation level: READ_COMMITTED [default READ_COMMITTED]
	JDBC fetch size: none
	Pool: DataSourceConnectionProvider
	Minimum pool size: undefined/unknown
	Maximum pool size: undefined/unknown
2026-10-10T18:22:03.471+05:30  INFO 17275 --- [taskflow] [main] org.hibernate.orm.core                   : HHH000489: No JTA platform available (set 'hibernate.transaction.jta.platform' to enable JTA platform integration)
2026-10-10T18:22:03.479+05:30  INFO 17275 --- [taskflow] [main] j.LocalContainerEntityManagerFactoryBean : Initialized JPA EntityManagerFactory for persistence unit 'default'
2026-10-10T18:22:03.499+05:30  WARN 17275 --- [taskflow] [main] JpaBaseConfiguration$JpaWebConfiguration : spring.jpa.open-in-view is enabled by default. Therefore, database queries may be performed during view rendering. Explicitly configure spring.jpa.open-in-view to disable this warning
2026-10-10T18:22:03.554+05:30  INFO 17275 --- [taskflow] [main] o.s.b.t.m.w.SpringBootMockServletContext : Initializing Spring TestDispatcherServlet ''
2026-10-10T18:22:03.555+05:30  INFO 17275 --- [taskflow] [main] o.s.t.web.servlet.TestDispatcherServlet  : Initializing Servlet ''
2026-10-10T18:22:03.556+05:30  INFO 17275 --- [taskflow] [main] o.s.b.a.e.web.EndpointLinksResolver      : Exposing 4 endpoints beneath base path '/actuator'
2026-10-10T18:22:03.558+05:30  INFO 17275 --- [taskflow] [main] o.s.t.web.servlet.TestDispatcherServlet  : Completed initialization in 3 ms
2026-10-10T18:22:03.565+05:30  INFO 17275 --- [taskflow] [main] c.e.t.i.TaskApiIntegrationTest           : Started TaskApiIntegrationTest in 0.436 seconds (process running for 7.52)
2026-10-10T18:22:03.619+05:30  INFO 17275 --- [taskflow] [main] c.example.taskflow.services.TaskService  : Creating task with title: Learn Spring Boot
2026-10-10T18:22:03.625+05:30  INFO 17275 --- [taskflow] [main] c.example.taskflow.services.TaskService  : Task created successfully with id: 1
2026-10-10T18:22:03.638+05:30  INFO 17275 --- [taskflow] [main] c.example.taskflow.services.TaskService  : Creating task with title: Learn Docker
2026-10-10T18:22:03.640+05:30  INFO 17275 --- [taskflow] [main] c.example.taskflow.services.TaskService  : Task created successfully with id: 2
2026-10-10T18:22:03.679+05:30 DEBUG 17275 --- [taskflow] [main] c.example.taskflow.services.TaskService  : Finding task with id: 999
2026-10-10T18:22:03.681+05:30  WARN 17275 --- [taskflow] [main] c.example.taskflow.services.TaskService  : Task not found with id: 999
2026-10-10T18:22:03.693+05:30  INFO 17275 --- [taskflow] [main] c.example.taskflow.services.TaskService  : Creating task with title: Learn Testcontainers
2026-10-10T18:22:03.695+05:30  INFO 17275 --- [taskflow] [main] c.example.taskflow.services.TaskService  : Task created successfully with id: 3
2026-10-10T18:22:03.720+05:30  INFO 17275 --- [taskflow] [main] c.example.taskflow.services.TaskService  : Creating task with title: Learn Integration Testing
2026-10-10T18:22:03.721+05:30  INFO 17275 --- [taskflow] [main] c.example.taskflow.services.TaskService  : Task created successfully with id: 4
2026-10-10T18:22:03.736+05:30  INFO 17275 --- [taskflow] [main] c.example.taskflow.services.TaskService  : Creating task with title: Delete this task
2026-10-10T18:22:03.738+05:30  INFO 17275 --- [taskflow] [main] c.example.taskflow.services.TaskService  : Task created successfully with id: 5
2026-10-10T18:22:03.772+05:30  INFO 17275 --- [taskflow] [main] c.example.taskflow.services.TaskService  : Creating task with title: Finish Spring Testing
2026-10-10T18:22:03.774+05:30  INFO 17275 --- [taskflow] [main] c.example.taskflow.services.TaskService  : Task created successfully with id: 6
2026-10-10T18:22:03.791+05:30 DEBUG 17275 --- [taskflow] [main] c.example.taskflow.services.TaskService  : Finding task with id: 6
2026-10-10T18:22:03.997+05:30  INFO 17275 --- [taskflow] [main] tc.postgres:16-alpine                    : Creating container for image: postgres:16-alpine
2026-10-10T18:22:04.047+05:30  INFO 17275 --- [taskflow] [main] tc.postgres:16-alpine                    : Container postgres:16-alpine is starting: 0ce936d2931b15ce3e34cea4ae0889cb3351ac4c9c6893fe4b740001de89e4b3
2026-10-10T18:22:05.065+05:30  INFO 17275 --- [taskflow] [main] tc.postgres:16-alpine                    : Container postgres:16-alpine started in PT1.068405S
2026-10-10T18:22:05.067+05:30  INFO 17275 --- [taskflow] [main] tc.postgres:16-alpine                    : Container is started (JDBC URL: jdbc:postgresql://localhost:52999/test?loggerLevel=OFF)
2026-10-10T18:22:05.074+05:30  INFO 17275 --- [taskflow] [main] t.c.s.AnnotationConfigContextLoaderUtils : Could not detect default configuration classes for test class [com.example.taskflow.TaskflowApplicationTests]: TaskflowApplicationTests does not declare any static, non-private, non-final, nested classes annotated with @Configuration.
2026-10-10T18:22:05.092+05:30  INFO 17275 --- [taskflow] [main] .b.t.c.SpringBootTestContextBootstrapper : Found @SpringBootConfiguration com.example.taskflow.TaskflowApplication for test class com.example.taskflow.TaskflowApplicationTests
2026-10-10T18:22:05.093+05:30  INFO 17275 --- [taskflow] [main] t.c.s.AnnotationConfigContextLoaderUtils : Could not detect default configuration classes for test class [com.example.taskflow.TaskflowApplicationTests]: TaskflowApplicationTests does not declare any static, non-private, non-final, nested classes annotated with @Configuration.
2026-10-10T18:22:05.094+05:30  INFO 17275 --- [taskflow] [main] .b.t.c.SpringBootTestContextBootstrapper : Found @SpringBootConfiguration com.example.taskflow.TaskflowApplication for test class com.example.taskflow.TaskflowApplicationTests
2026-10-10T18:22:05.121+05:30  INFO 17275 --- [taskflow] [main] o.s.b.d.r.RestartApplicationListener     : Restart disabled due to context in which it is running
2026-10-10T18:22:05.146+05:30  INFO 17275 --- [taskflow] [main] c.e.taskflow.TaskflowApplicationTests    : Starting TaskflowApplicationTests using Java 22.0.2 with PID 17275 (started by janidubomal in /Users/janidubomal/Downloads/taskflow)
2026-10-10T18:22:05.146+05:30 DEBUG 17275 --- [taskflow] [main] c.e.taskflow.TaskflowApplicationTests    : Running with Spring Boot v4.1.1, Spring v7.0.9
2026-10-10T18:22:05.146+05:30  INFO 17275 --- [taskflow] [main] c.e.taskflow.TaskflowApplicationTests    : The following 1 profile is active: "dev"
2026-10-10T18:22:05.229+05:30  INFO 17275 --- [taskflow] [main] .s.d.r.c.RepositoryConfigurationDelegate : Bootstrapping Spring Data JPA repositories in DEFAULT mode.
2026-10-10T18:22:05.236+05:30  INFO 17275 --- [taskflow] [main] .s.d.r.c.RepositoryConfigurationDelegate : Finished Spring Data repository scanning in 2 ms. Found 1 JPA repository interface.
2026-10-10T18:22:05.334+05:30  INFO 17275 --- [taskflow] [main] org.flywaydb.core.FlywayExecutor         : Database: jdbc:postgresql://localhost:52999/test?loggerLevel=OFF (PostgreSQL 16.15)
2026-10-10T18:22:05.343+05:30  INFO 17275 --- [taskflow] [main] o.f.c.i.s.JdbcTableSchemaHistory         : Schema history table "public"."flyway_schema_history" does not exist yet
2026-10-10T18:22:05.343+05:30  INFO 17275 --- [taskflow] [main] o.f.core.internal.command.DbValidate     : Successfully validated 2 migrations (execution time 00:00.002s)
2026-10-10T18:22:05.348+05:30  INFO 17275 --- [taskflow] [main] o.f.c.i.s.JdbcTableSchemaHistory         : Creating Schema History table "public"."flyway_schema_history" ...
2026-10-10T18:22:05.367+05:30  INFO 17275 --- [taskflow] [main] o.f.core.internal.command.DbMigrate      : Current version of schema "public": << Empty Schema >>
2026-10-10T18:22:05.369+05:30  INFO 17275 --- [taskflow] [main] o.f.core.internal.command.DbMigrate      : Migrating schema "public" to version "1 - create tasks table"
2026-10-10T18:22:05.378+05:30  INFO 17275 --- [taskflow] [main] o.f.core.internal.command.DbMigrate      : Migrating schema "public" to version "2 - add priority to tasks"
2026-10-10T18:22:05.383+05:30  INFO 17275 --- [taskflow] [main] o.f.core.internal.command.DbMigrate      : Successfully applied 2 migrations to schema "public", now at version v2 (execution time 00:00.004s)
2026-10-10T18:22:05.390+05:30  INFO 17275 --- [taskflow] [main] org.hibernate.orm.jpa                    : HHH008540: Processing PersistenceUnitInfo [name: default]
2026-10-10T18:22:05.398+05:30  INFO 17275 --- [taskflow] [main] o.s.o.j.p.SpringPersistenceUnitInfo      : No LoadTimeWeaver setup: ignoring JPA class transformer
2026-10-10T18:22:05.398+05:30  INFO 17275 --- [taskflow] [main] com.zaxxer.hikari.HikariDataSource       : HikariPool-3 - Starting...
2026-10-10T18:22:05.404+05:30  INFO 17275 --- [taskflow] [main] com.zaxxer.hikari.pool.HikariPool        : HikariPool-3 - Added connection org.postgresql.jdbc.PgConnection@121e3c62
2026-10-10T18:22:05.404+05:30  INFO 17275 --- [taskflow] [main] com.zaxxer.hikari.HikariDataSource       : HikariPool-3 - Start completed.
2026-10-10T18:22:05.408+05:30  INFO 17275 --- [taskflow] [main] org.hibernate.orm.connections.pooling    : HHH10001005: Database info:
	Database JDBC URL [jdbc:postgresql://localhost:52999/test?loggerLevel=OFF]
	Database driver: PostgreSQL JDBC Driver
	Database dialect: PostgreSQLDialect
	Database version: 16.15
	Default catalog/schema: test/public
	Autocommit mode: undefined/unknown
	Isolation level: READ_COMMITTED [default READ_COMMITTED]
	JDBC fetch size: none
	Pool: DataSourceConnectionProvider
	Minimum pool size: undefined/unknown
	Maximum pool size: undefined/unknown
2026-10-10T18:22:05.420+05:30  INFO 17275 --- [taskflow] [main] org.hibernate.orm.core                   : HHH000489: No JTA platform available (set 'hibernate.transaction.jta.platform' to enable JTA platform integration)
2026-10-10T18:22:05.429+05:30  INFO 17275 --- [taskflow] [main] j.LocalContainerEntityManagerFactoryBean : Initialized JPA EntityManagerFactory for persistence unit 'default'
2026-10-10T18:22:05.444+05:30  WARN 17275 --- [taskflow] [main] JpaBaseConfiguration$JpaWebConfiguration : spring.jpa.open-in-view is enabled by default. Therefore, database queries may be performed during view rendering. Explicitly configure spring.jpa.open-in-view to disable this warning
2026-10-10T18:22:05.480+05:30  INFO 17275 --- [taskflow] [main] o.s.b.a.e.web.EndpointLinksResolver      : Exposing 4 endpoints beneath base path '/actuator'
2026-10-10T18:22:05.486+05:30  INFO 17275 --- [taskflow] [main] c.e.taskflow.TaskflowApplicationTests    : Started TaskflowApplicationTests in 0.365 seconds (process running for 9.441)
2026-10-10T18:22:05.618+05:30  INFO 17275 --- [taskflow] [main] t.c.s.AnnotationConfigContextLoaderUtils : Could not detect default configuration classes for test class [com.example.taskflow.controller.TaskControllerTest]: TaskControllerTest does not declare any static, non-private, non-final, nested classes annotated with @Configuration.
2026-10-10T18:22:05.628+05:30  INFO 17275 --- [taskflow] [main] .b.t.c.SpringBootTestContextBootstrapper : Found @SpringBootConfiguration com.example.taskflow.TaskflowApplication for test class com.example.taskflow.controller.TaskControllerTest
2026-10-10T18:22:05.628+05:30  INFO 17275 --- [taskflow] [main] t.c.s.AnnotationConfigContextLoaderUtils : Could not detect default configuration classes for test class [com.example.taskflow.controller.TaskControllerTest]: TaskControllerTest does not declare any static, non-private, non-final, nested classes annotated with @Configuration.
2026-10-10T18:22:05.631+05:30  INFO 17275 --- [taskflow] [main] .b.t.c.SpringBootTestContextBootstrapper : Found @SpringBootConfiguration com.example.taskflow.TaskflowApplication for test class com.example.taskflow.controller.TaskControllerTest
2026-10-10T18:22:05.634+05:30  INFO 17275 --- [taskflow] [main] o.s.b.d.r.RestartApplicationListener     : Restart disabled due to context in which it is running
2026-10-10T18:22:05.670+05:30  INFO 17275 --- [taskflow] [main] c.e.t.controller.TaskControllerTest      : Starting TaskControllerTest using Java 22.0.2 with PID 17275 (started by janidubomal in /Users/janidubomal/Downloads/taskflow)
2026-10-10T18:22:05.670+05:30 DEBUG 17275 --- [taskflow] [main] c.e.t.controller.TaskControllerTest      : Running with Spring Boot v4.1.1, Spring v7.0.9
2026-10-10T18:22:05.670+05:30  INFO 17275 --- [taskflow] [main] c.e.t.controller.TaskControllerTest      : The following 1 profile is active: "dev"
2026-10-10T18:22:05.939+05:30  INFO 17275 --- [taskflow] [main] o.s.b.t.m.w.SpringBootMockServletContext : Initializing Spring TestDispatcherServlet ''
2026-10-10T18:22:05.940+05:30  INFO 17275 --- [taskflow] [main] o.s.t.web.servlet.TestDispatcherServlet  : Initializing Servlet ''
2026-10-10T18:22:05.941+05:30  INFO 17275 --- [taskflow] [main] o.s.t.web.servlet.TestDispatcherServlet  : Completed initialization in 1 ms
2026-10-10T18:22:05.947+05:30  INFO 17275 --- [taskflow] [main] c.e.t.controller.TaskControllerTest      : Started TaskControllerTest in 0.313 seconds (process running for 9.903)
2026-10-10T18:22:06.165+05:30 DEBUG 17275 --- [taskflow] [main] c.example.taskflow.services.TaskService  : Finding task with id: 1
2026-10-10T18:22:06.176+05:30  INFO 17275 --- [taskflow] [main] c.example.taskflow.services.TaskService  : Creating task with title: Learn Mockito
2026-10-10T18:22:06.176+05:30  INFO 17275 --- [taskflow] [main] c.example.taskflow.services.TaskService  : Task created successfully with id: 1
2026-10-10T18:22:06.179+05:30 DEBUG 17275 --- [taskflow] [main] c.example.taskflow.services.TaskService  : Finding task with id: 1
2026-10-10T18:22:06.184+05:30 DEBUG 17275 --- [taskflow] [main] c.example.taskflow.services.TaskService  : Finding task with id: 999
2026-10-10T18:22:06.185+05:30  WARN 17275 --- [taskflow] [main] c.example.taskflow.services.TaskService  : Task not found with id: 999
2026-10-10T18:22:06.206+05:30  INFO 17275 --- [taskflow] [SpringApplicationShutdownHook] j.LocalContainerEntityManagerFactoryBean : Closing JPA EntityManagerFactory for persistence unit 'default'
2026-10-10T18:22:06.214+05:30  INFO 17275 --- [taskflow] [SpringApplicationShutdownHook] j.LocalContainerEntityManagerFactoryBean : Closing JPA EntityManagerFactory for persistence unit 'default'
2026-10-10T18:22:06.215+05:30  INFO 17275 --- [taskflow] [SpringApplicationShutdownHook] com.zaxxer.hikari.HikariDataSource       : HikariPool-1 - Shutdown initiated...
2026-10-10T18:22:06.217+05:30  INFO 17275 --- [taskflow] [SpringApplicationShutdownHook] com.zaxxer.hikari.HikariDataSource       : HikariPool-1 - Shutdown completed.
2026-10-10T18:22:06.219+05:30  INFO 17275 --- [taskflow] [SpringApplicationShutdownHook] j.LocalContainerEntityManagerFactoryBean : Closing JPA EntityManagerFactory for persistence unit 'default'
2026-10-10T18:22:06.220+05:30  INFO 17275 --- [taskflow] [SpringApplicationShutdownHook] com.zaxxer.hikari.HikariDataSource       : HikariPool-2 - Shutdown initiated...
2026-10-10T18:22:06.445+05:30  INFO 17275 --- [taskflow] [SpringApplicationShutdownHook] com.zaxxer.hikari.HikariDataSource       : HikariPool-2 - Shutdown completed.
2026-10-10T18:22:06.449+05:30  INFO 17275 --- [taskflow] [SpringApplicationShutdownHook] j.LocalContainerEntityManagerFactoryBean : Closing JPA EntityManagerFactory for persistence unit 'default'
2026-10-10T18:22:06.450+05:30  INFO 17275 --- [taskflow] [SpringApplicationShutdownHook] com.zaxxer.hikari.HikariDataSource       : HikariPool-3 - Shutdown initiated...
2026-10-10T18:22:06.802+05:30  INFO 17275 --- [taskflow] [SpringApplicationShutdownHook] com.zaxxer.hikari.HikariDataSource       : HikariPool-3 - Shutdown completed.
2026-10-10T18:29:46.173+05:30  INFO 17906 --- [taskflow] [main] c.e.t.repository.TaskRepositoryTest      : Starting TaskRepositoryTest using Java 22.0.2 with PID 17906 (started by janidubomal in /Users/janidubomal/Downloads/taskflow)
2026-10-10T18:29:46.174+05:30 DEBUG 17906 --- [taskflow] [main] c.e.t.repository.TaskRepositoryTest      : Running with Spring Boot v4.1.1, Spring v7.0.9
2026-10-10T18:29:46.174+05:30  INFO 17906 --- [taskflow] [main] c.e.t.repository.TaskRepositoryTest      : The following 1 profile is active: "dev"
2026-10-10T18:29:46.331+05:30  INFO 17906 --- [taskflow] [main] .s.d.r.c.RepositoryConfigurationDelegate : Bootstrapping Spring Data JPA repositories in DEFAULT mode.
2026-10-10T18:29:46.351+05:30  INFO 17906 --- [taskflow] [main] .s.d.r.c.RepositoryConfigurationDelegate : Finished Spring Data repository scanning in 16 ms. Found 1 JPA repository interface.
2026-10-10T18:29:46.378+05:30  INFO 17906 --- [taskflow] [main] beddedDataSourceBeanFactoryPostProcessor : Replacing 'dataSource' DataSource bean with embedded version
2026-10-10T18:29:46.426+05:30  INFO 17906 --- [taskflow] [main] o.s.j.d.e.EmbeddedDatabaseFactory        : Starting embedded database: url='jdbc:h2:mem:72173d11-ab41-4f1d-aa7f-d1cfe48c1509;DB_CLOSE_DELAY=-1;DB_CLOSE_ON_EXIT=false', username='sa'
2026-10-10T18:29:46.550+05:30  INFO 17906 --- [taskflow] [main] org.hibernate.orm.jpa                    : HHH008540: Processing PersistenceUnitInfo [name: default]
2026-10-10T18:29:46.584+05:30  INFO 17906 --- [taskflow] [main] org.hibernate.orm.core                   : HHH000001: Hibernate ORM core version 7.4.5.Final
2026-10-10T18:29:46.773+05:30  INFO 17906 --- [taskflow] [main] o.s.o.j.p.SpringPersistenceUnitInfo      : No LoadTimeWeaver setup: ignoring JPA class transformer
2026-10-10T18:29:46.809+05:30  INFO 17906 --- [taskflow] [main] org.hibernate.orm.connections.pooling    : HHH10001005: Database info:
	Database JDBC URL [jdbc:h2:mem:72173d11-ab41-4f1d-aa7f-d1cfe48c1509]
	Database driver: H2 JDBC Driver
	Database dialect: H2Dialect
	Database version: 2.4.240
	Default catalog/schema: 72173D11-AB41-4F1D-AA7F-D1CFE48C1509/PUBLIC
	Autocommit mode: undefined/unknown
	Isolation level: READ_COMMITTED [default READ_COMMITTED]
	JDBC fetch size: 100
	Pool: DataSourceConnectionProvider
	Minimum pool size: undefined/unknown
	Maximum pool size: undefined/unknown
2026-10-10T18:29:47.148+05:30  INFO 17906 --- [taskflow] [main] org.hibernate.orm.core                   : HHH000489: No JTA platform available (set 'hibernate.transaction.jta.platform' to enable JTA platform integration)
2026-10-10T18:29:47.162+05:30  INFO 17906 --- [taskflow] [main] j.LocalContainerEntityManagerFactoryBean : Initialized JPA EntityManagerFactory for persistence unit 'default'
2026-10-10T18:29:47.204+05:30  INFO 17906 --- [taskflow] [main] o.s.d.j.r.query.QueryEnhancerFactories   : Hibernate is in classpath; If applicable, HQL parser will be used.
2026-10-10T18:29:47.287+05:30  INFO 17906 --- [taskflow] [main] c.e.t.repository.TaskRepositoryTest      : Started TaskRepositoryTest in 1.305 seconds (process running for 1.818)
2026-10-10T18:29:47.872+05:30  INFO 17906 --- [taskflow] [main] org.testcontainers.images.PullPolicy     : Image pull policy will be performed by: DefaultPullPolicy()
2026-10-10T18:29:47.873+05:30  INFO 17906 --- [taskflow] [main] o.t.utility.ImageNameSubstitutor         : Image name substitution will be performed by: DefaultImageNameSubstitutor (composite of 'ConfigurationFileImageNameSubstitutor' and 'PrefixingImageNameSubstitutor')
2026-10-10T18:29:47.878+05:30  INFO 17906 --- [taskflow] [main] org.testcontainers.DockerClientFactory   : Testcontainers version: 2.0.5
2026-10-10T18:29:47.992+05:30  INFO 17906 --- [taskflow] [main] o.t.d.DockerClientProviderStrategy       : Loaded org.testcontainers.dockerclient.UnixSocketClientProviderStrategy from ~/.testcontainers.properties, will try it first
2026-10-10T18:29:48.203+05:30  INFO 17906 --- [taskflow] [main] o.t.d.DockerClientProviderStrategy       : Found Docker environment with local Unix socket (unix:///var/run/docker.sock)
2026-10-10T18:29:48.204+05:30  INFO 17906 --- [taskflow] [main] org.testcontainers.DockerClientFactory   : Docker host IP address is localhost
2026-10-10T18:29:48.215+05:30  INFO 17906 --- [taskflow] [main] org.testcontainers.DockerClientFactory   : Connected to docker: 
  Server Version: 27.4.0
  API Version: 1.47
  Operating System: Docker Desktop
  Total Memory: 3919 MB
  Labels: 
    com.docker.desktop.address=unix:///Users/janidubomal/Library/Containers/com.docker.docker/Data/docker-cli.sock
2026-10-10T18:29:48.236+05:30  INFO 17906 --- [taskflow] [main] tc.testcontainers/ryuk:0.14.0            : Creating container for image: testcontainers/ryuk:0.14.0
2026-10-10T18:29:48.509+05:30  INFO 17906 --- [taskflow] [main] tc.testcontainers/ryuk:0.14.0            : Container testcontainers/ryuk:0.14.0 is starting: 0f065beece7b6720ff69d852511dbfb3b1ee450c1ed931672461baba060d934b
2026-10-10T18:29:48.945+05:30  INFO 17906 --- [taskflow] [main] tc.testcontainers/ryuk:0.14.0            : Container testcontainers/ryuk:0.14.0 started in PT0.709577S
2026-10-10T18:29:48.955+05:30  INFO 17906 --- [taskflow] [main] o.t.utility.RyukResourceReaper           : Ryuk started - will monitor and terminate Testcontainers containers on JVM exit
2026-10-10T18:29:48.955+05:30  INFO 17906 --- [taskflow] [main] org.testcontainers.DockerClientFactory   : Checking the system...
2026-10-10T18:29:48.956+05:30  INFO 17906 --- [taskflow] [main] org.testcontainers.DockerClientFactory   : ✔︎ Docker server version should be at least 1.6.0
2026-10-10T18:29:48.956+05:30  INFO 17906 --- [taskflow] [main] tc.postgres:16-alpine                    : Creating container for image: postgres:16-alpine
2026-10-10T18:29:48.991+05:30  INFO 17906 --- [taskflow] [main] tc.postgres:16-alpine                    : Container postgres:16-alpine is starting: b93c8407e6d49e6212e135b520c7c7b042aae2de922663f5c6c72811233d81a5
2026-10-10T18:29:50.092+05:30  INFO 17906 --- [taskflow] [main] tc.postgres:16-alpine                    : Container postgres:16-alpine started in PT1.135628S
2026-10-10T18:29:50.096+05:30  INFO 17906 --- [taskflow] [main] tc.postgres:16-alpine                    : Container is started (JDBC URL: jdbc:postgresql://localhost:53101/test?loggerLevel=OFF)
2026-10-10T18:29:50.118+05:30  INFO 17906 --- [taskflow] [main] t.c.s.AnnotationConfigContextLoaderUtils : Could not detect default configuration classes for test class [com.example.taskflow.integration.TaskRepositoryPostgresIntegrationTest]: TaskRepositoryPostgresIntegrationTest does not declare any static, non-private, non-final, nested classes annotated with @Configuration.
2026-10-10T18:29:50.155+05:30  INFO 17906 --- [taskflow] [main] .b.t.c.SpringBootTestContextBootstrapper : Found @SpringBootConfiguration com.example.taskflow.TaskflowApplication for test class com.example.taskflow.integration.TaskRepositoryPostgresIntegrationTest
2026-10-10T18:29:50.158+05:30  INFO 17906 --- [taskflow] [main] t.c.s.AnnotationConfigContextLoaderUtils : Could not detect default configuration classes for test class [com.example.taskflow.integration.TaskRepositoryPostgresIntegrationTest]: TaskRepositoryPostgresIntegrationTest does not declare any static, non-private, non-final, nested classes annotated with @Configuration.
2026-10-10T18:29:50.161+05:30  INFO 17906 --- [taskflow] [main] .b.t.c.SpringBootTestContextBootstrapper : Found @SpringBootConfiguration com.example.taskflow.TaskflowApplication for test class com.example.taskflow.integration.TaskRepositoryPostgresIntegrationTest
2026-10-10T18:29:50.173+05:30  INFO 17906 --- [taskflow] [main] o.s.b.d.r.RestartApplicationListener     : Restart disabled due to context in which it is running
2026-10-10T18:29:50.189+05:30  INFO 17906 --- [taskflow] [main] .i.TaskRepositoryPostgresIntegrationTest : Starting TaskRepositoryPostgresIntegrationTest using Java 22.0.2 with PID 17906 (started by janidubomal in /Users/janidubomal/Downloads/taskflow)
2026-10-10T18:29:50.189+05:30 DEBUG 17906 --- [taskflow] [main] .i.TaskRepositoryPostgresIntegrationTest : Running with Spring Boot v4.1.1, Spring v7.0.9
2026-10-10T18:29:50.189+05:30  INFO 17906 --- [taskflow] [main] .i.TaskRepositoryPostgresIntegrationTest : The following 1 profile is active: "dev"
2026-10-10T18:29:50.444+05:30  INFO 17906 --- [taskflow] [main] .s.d.r.c.RepositoryConfigurationDelegate : Bootstrapping Spring Data JPA repositories in DEFAULT mode.
2026-10-10T18:29:50.450+05:30  INFO 17906 --- [taskflow] [main] .s.d.r.c.RepositoryConfigurationDelegate : Finished Spring Data repository scanning in 3 ms. Found 1 JPA repository interface.
2026-10-10T18:29:50.775+05:30  INFO 17906 --- [taskflow] [main] org.flywaydb.core.FlywayExecutor         : Database: jdbc:postgresql://localhost:53101/test?loggerLevel=OFF (PostgreSQL 16.15)
2026-10-10T18:29:50.799+05:30  INFO 17906 --- [taskflow] [main] o.f.c.i.s.JdbcTableSchemaHistory         : Schema history table "public"."flyway_schema_history" does not exist yet
2026-10-10T18:29:50.800+05:30  INFO 17906 --- [taskflow] [main] o.f.core.internal.command.DbValidate     : Successfully validated 2 migrations (execution time 00:00.006s)
2026-10-10T18:29:50.808+05:30  INFO 17906 --- [taskflow] [main] o.f.c.i.s.JdbcTableSchemaHistory         : Creating Schema History table "public"."flyway_schema_history" ...
2026-10-10T18:29:50.856+05:30  INFO 17906 --- [taskflow] [main] o.f.core.internal.command.DbMigrate      : Current version of schema "public": << Empty Schema >>
2026-10-10T18:29:50.865+05:30  INFO 17906 --- [taskflow] [main] o.f.core.internal.command.DbMigrate      : Migrating schema "public" to version "1 - create tasks table"
2026-10-10T18:29:50.885+05:30  INFO 17906 --- [taskflow] [main] o.f.core.internal.command.DbMigrate      : Migrating schema "public" to version "2 - add priority to tasks"
2026-10-10T18:29:50.892+05:30  INFO 17906 --- [taskflow] [main] o.f.core.internal.command.DbMigrate      : Successfully applied 2 migrations to schema "public", now at version v2 (execution time 00:00.008s)
2026-10-10T18:29:50.905+05:30  INFO 17906 --- [taskflow] [main] org.hibernate.orm.jpa                    : HHH008540: Processing PersistenceUnitInfo [name: default]
2026-10-10T18:29:50.915+05:30  INFO 17906 --- [taskflow] [main] o.s.o.j.p.SpringPersistenceUnitInfo      : No LoadTimeWeaver setup: ignoring JPA class transformer
2026-10-10T18:29:50.915+05:30  INFO 17906 --- [taskflow] [main] com.zaxxer.hikari.HikariDataSource       : HikariPool-1 - Starting...
2026-10-10T18:29:50.930+05:30  INFO 17906 --- [taskflow] [main] com.zaxxer.hikari.pool.HikariPool        : HikariPool-1 - Added connection org.postgresql.jdbc.PgConnection@5cb63d05
2026-10-10T18:29:50.931+05:30  INFO 17906 --- [taskflow] [main] com.zaxxer.hikari.HikariDataSource       : HikariPool-1 - Start completed.
2026-10-10T18:29:50.942+05:30  INFO 17906 --- [taskflow] [main] org.hibernate.orm.connections.pooling    : HHH10001005: Database info:
	Database JDBC URL [jdbc:postgresql://localhost:53101/test?loggerLevel=OFF]
	Database driver: PostgreSQL JDBC Driver
	Database dialect: PostgreSQLDialect
	Database version: 16.15
	Default catalog/schema: test/public
	Autocommit mode: undefined/unknown
	Isolation level: READ_COMMITTED [default READ_COMMITTED]
	JDBC fetch size: none
	Pool: DataSourceConnectionProvider
	Minimum pool size: undefined/unknown
	Maximum pool size: undefined/unknown
2026-10-10T18:29:50.973+05:30  INFO 17906 --- [taskflow] [main] org.hibernate.orm.core                   : HHH000489: No JTA platform available (set 'hibernate.transaction.jta.platform' to enable JTA platform integration)
2026-10-10T18:29:50.989+05:30  INFO 17906 --- [taskflow] [main] j.LocalContainerEntityManagerFactoryBean : Initialized JPA EntityManagerFactory for persistence unit 'default'
2026-10-10T18:29:51.102+05:30  WARN 17906 --- [taskflow] [main] JpaBaseConfiguration$JpaWebConfiguration : spring.jpa.open-in-view is enabled by default. Therefore, database queries may be performed during view rendering. Explicitly configure spring.jpa.open-in-view to disable this warning
2026-10-10T18:29:51.343+05:30  INFO 17906 --- [taskflow] [main] o.s.b.a.e.web.EndpointLinksResolver      : Exposing 4 endpoints beneath base path '/actuator'
2026-10-10T18:29:51.372+05:30  INFO 17906 --- [taskflow] [main] .i.TaskRepositoryPostgresIntegrationTest : Started TaskRepositoryPostgresIntegrationTest in 1.2 seconds (process running for 5.904)
2026-10-10T18:29:51.410+05:30  WARN 17906 --- [taskflow] [main] o.s.core.events.SpringDocAppInitializer  : SpringDoc /v3/api-docs endpoint is enabled by default. To disable it in production, set the property 'springdoc.api-docs.enabled=false'
2026-10-10T18:29:51.410+05:30  WARN 17906 --- [taskflow] [main] o.s.core.events.SpringDocAppInitializer  : SpringDoc /swagger-ui.html endpoint is enabled by default. To disable it in production, set the property 'springdoc.swagger-ui.enabled=false'
2026-10-10T18:29:51.667+05:30  INFO 17906 --- [taskflow] [main] tc.postgres:16-alpine                    : Creating container for image: postgres:16-alpine
2026-10-10T18:29:51.724+05:30  INFO 17906 --- [taskflow] [main] tc.postgres:16-alpine                    : Container postgres:16-alpine is starting: 8f9b744826798dec4202c89c2b562e8b6a05a4086eca8b9b8f9bfdf755400174
2026-10-10T18:29:52.697+05:30  INFO 17906 --- [taskflow] [main] tc.postgres:16-alpine                    : Container postgres:16-alpine started in PT1.030544S
2026-10-10T18:29:52.701+05:30  INFO 17906 --- [taskflow] [main] tc.postgres:16-alpine                    : Container is started (JDBC URL: jdbc:postgresql://localhost:53117/test?loggerLevel=OFF)
2026-10-10T18:29:52.713+05:30  INFO 17906 --- [taskflow] [main] t.c.s.AnnotationConfigContextLoaderUtils : Could not detect default configuration classes for test class [com.example.taskflow.integration.TaskApiIntegrationTest]: TaskApiIntegrationTest does not declare any static, non-private, non-final, nested classes annotated with @Configuration.
2026-10-10T18:29:52.731+05:30  INFO 17906 --- [taskflow] [main] .b.t.c.SpringBootTestContextBootstrapper : Found @SpringBootConfiguration com.example.taskflow.TaskflowApplication for test class com.example.taskflow.integration.TaskApiIntegrationTest
2026-10-10T18:29:52.735+05:30  INFO 17906 --- [taskflow] [main] t.c.s.AnnotationConfigContextLoaderUtils : Could not detect default configuration classes for test class [com.example.taskflow.integration.TaskApiIntegrationTest]: TaskApiIntegrationTest does not declare any static, non-private, non-final, nested classes annotated with @Configuration.
2026-10-10T18:29:52.739+05:30  INFO 17906 --- [taskflow] [main] .b.t.c.SpringBootTestContextBootstrapper : Found @SpringBootConfiguration com.example.taskflow.TaskflowApplication for test class com.example.taskflow.integration.TaskApiIntegrationTest
2026-10-10T18:29:52.747+05:30  INFO 17906 --- [taskflow] [main] o.s.b.d.r.RestartApplicationListener     : Restart disabled due to context in which it is running
2026-10-10T18:29:52.767+05:30  INFO 17906 --- [taskflow] [main] c.e.t.i.TaskApiIntegrationTest           : Starting TaskApiIntegrationTest using Java 22.0.2 with PID 17906 (started by janidubomal in /Users/janidubomal/Downloads/taskflow)
2026-10-10T18:29:52.767+05:30 DEBUG 17906 --- [taskflow] [main] c.e.t.i.TaskApiIntegrationTest           : Running with Spring Boot v4.1.1, Spring v7.0.9
2026-10-10T18:29:52.767+05:30  INFO 17906 --- [taskflow] [main] c.e.t.i.TaskApiIntegrationTest           : The following 1 profile is active: "dev"
2026-10-10T18:29:52.883+05:30  INFO 17906 --- [taskflow] [main] .s.d.r.c.RepositoryConfigurationDelegate : Bootstrapping Spring Data JPA repositories in DEFAULT mode.
2026-10-10T18:29:52.889+05:30  INFO 17906 --- [taskflow] [main] .s.d.r.c.RepositoryConfigurationDelegate : Finished Spring Data repository scanning in 2 ms. Found 1 JPA repository interface.
2026-10-10T18:29:52.989+05:30  INFO 17906 --- [taskflow] [main] org.flywaydb.core.FlywayExecutor         : Database: jdbc:postgresql://localhost:53117/test?loggerLevel=OFF (PostgreSQL 16.15)
2026-10-10T18:29:52.999+05:30  INFO 17906 --- [taskflow] [main] o.f.c.i.s.JdbcTableSchemaHistory         : Schema history table "public"."flyway_schema_history" does not exist yet
2026-10-10T18:29:53.000+05:30  INFO 17906 --- [taskflow] [main] o.f.core.internal.command.DbValidate     : Successfully validated 2 migrations (execution time 00:00.002s)
2026-10-10T18:29:53.006+05:30  INFO 17906 --- [taskflow] [main] o.f.c.i.s.JdbcTableSchemaHistory         : Creating Schema History table "public"."flyway_schema_history" ...
2026-10-10T18:29:53.024+05:30  INFO 17906 --- [taskflow] [main] o.f.core.internal.command.DbMigrate      : Current version of schema "public": << Empty Schema >>
2026-10-10T18:29:53.027+05:30  INFO 17906 --- [taskflow] [main] o.f.core.internal.command.DbMigrate      : Migrating schema "public" to version "1 - create tasks table"
2026-10-10T18:29:53.038+05:30  INFO 17906 --- [taskflow] [main] o.f.core.internal.command.DbMigrate      : Migrating schema "public" to version "2 - add priority to tasks"
2026-10-10T18:29:53.047+05:30  INFO 17906 --- [taskflow] [main] o.f.core.internal.command.DbMigrate      : Successfully applied 2 migrations to schema "public", now at version v2 (execution time 00:00.011s)
2026-10-10T18:29:53.054+05:30  INFO 17906 --- [taskflow] [main] org.hibernate.orm.jpa                    : HHH008540: Processing PersistenceUnitInfo [name: default]
2026-10-10T18:29:53.073+05:30  INFO 17906 --- [taskflow] [main] o.s.o.j.p.SpringPersistenceUnitInfo      : No LoadTimeWeaver setup: ignoring JPA class transformer
2026-10-10T18:29:53.074+05:30  INFO 17906 --- [taskflow] [main] com.zaxxer.hikari.HikariDataSource       : HikariPool-2 - Starting...
2026-10-10T18:29:53.079+05:30  INFO 17906 --- [taskflow] [main] com.zaxxer.hikari.pool.HikariPool        : HikariPool-2 - Added connection org.postgresql.jdbc.PgConnection@215512b9
2026-10-10T18:29:53.079+05:30  INFO 17906 --- [taskflow] [main] com.zaxxer.hikari.HikariDataSource       : HikariPool-2 - Start completed.
2026-10-10T18:29:53.083+05:30  INFO 17906 --- [taskflow] [main] org.hibernate.orm.connections.pooling    : HHH10001005: Database info:
	Database JDBC URL [jdbc:postgresql://localhost:53117/test?loggerLevel=OFF]
	Database driver: PostgreSQL JDBC Driver
	Database dialect: PostgreSQLDialect
	Database version: 16.15
	Default catalog/schema: test/public
	Autocommit mode: undefined/unknown
	Isolation level: READ_COMMITTED [default READ_COMMITTED]
	JDBC fetch size: none
	Pool: DataSourceConnectionProvider
	Minimum pool size: undefined/unknown
	Maximum pool size: undefined/unknown
2026-10-10T18:29:53.096+05:30  INFO 17906 --- [taskflow] [main] org.hibernate.orm.core                   : HHH000489: No JTA platform available (set 'hibernate.transaction.jta.platform' to enable JTA platform integration)
2026-10-10T18:29:53.104+05:30  INFO 17906 --- [taskflow] [main] j.LocalContainerEntityManagerFactoryBean : Initialized JPA EntityManagerFactory for persistence unit 'default'
2026-10-10T18:29:53.130+05:30  WARN 17906 --- [taskflow] [main] JpaBaseConfiguration$JpaWebConfiguration : spring.jpa.open-in-view is enabled by default. Therefore, database queries may be performed during view rendering. Explicitly configure spring.jpa.open-in-view to disable this warning
2026-10-10T18:29:53.203+05:30  INFO 17906 --- [taskflow] [main] o.s.b.t.m.w.SpringBootMockServletContext : Initializing Spring TestDispatcherServlet ''
2026-10-10T18:29:53.204+05:30  INFO 17906 --- [taskflow] [main] o.s.t.web.servlet.TestDispatcherServlet  : Initializing Servlet ''
2026-10-10T18:29:53.204+05:30  INFO 17906 --- [taskflow] [main] o.s.b.a.e.web.EndpointLinksResolver      : Exposing 4 endpoints beneath base path '/actuator'
2026-10-10T18:29:53.206+05:30  INFO 17906 --- [taskflow] [main] o.s.t.web.servlet.TestDispatcherServlet  : Completed initialization in 2 ms
2026-10-10T18:29:53.223+05:30  INFO 17906 --- [taskflow] [main] c.e.t.i.TaskApiIntegrationTest           : Started TaskApiIntegrationTest in 0.476 seconds (process running for 7.755)
2026-10-10T18:29:53.224+05:30  WARN 17906 --- [taskflow] [main] o.s.core.events.SpringDocAppInitializer  : SpringDoc /v3/api-docs endpoint is enabled by default. To disable it in production, set the property 'springdoc.api-docs.enabled=false'
2026-10-10T18:29:53.224+05:30  WARN 17906 --- [taskflow] [main] o.s.core.events.SpringDocAppInitializer  : SpringDoc /swagger-ui.html endpoint is enabled by default. To disable it in production, set the property 'springdoc.swagger-ui.enabled=false'
2026-10-10T18:29:53.328+05:30  INFO 17906 --- [taskflow] [main] c.example.taskflow.services.TaskService  : Creating task with title: Learn Spring Boot
2026-10-10T18:29:53.331+05:30  INFO 17906 --- [taskflow] [main] c.example.taskflow.services.TaskService  : Task created successfully with id: 1
2026-10-10T18:29:53.366+05:30  INFO 17906 --- [taskflow] [main] c.example.taskflow.services.TaskService  : Creating task with title: Learn Docker
2026-10-10T18:29:53.368+05:30  INFO 17906 --- [taskflow] [main] c.example.taskflow.services.TaskService  : Task created successfully with id: 2
2026-10-10T18:29:53.404+05:30 DEBUG 17906 --- [taskflow] [main] c.example.taskflow.services.TaskService  : Finding task with id: 999
2026-10-10T18:29:53.407+05:30  WARN 17906 --- [taskflow] [main] c.example.taskflow.services.TaskService  : Task not found with id: 999
2026-10-10T18:29:53.420+05:30  INFO 17906 --- [taskflow] [main] c.example.taskflow.services.TaskService  : Creating task with title: Learn Testcontainers
2026-10-10T18:29:53.421+05:30  INFO 17906 --- [taskflow] [main] c.example.taskflow.services.TaskService  : Task created successfully with id: 3
2026-10-10T18:29:53.446+05:30  INFO 17906 --- [taskflow] [main] c.example.taskflow.services.TaskService  : Creating task with title: Learn Integration Testing
2026-10-10T18:29:53.447+05:30  INFO 17906 --- [taskflow] [main] c.example.taskflow.services.TaskService  : Task created successfully with id: 4
2026-10-10T18:29:53.458+05:30  INFO 17906 --- [taskflow] [main] c.example.taskflow.services.TaskService  : Creating task with title: Delete this task
2026-10-10T18:29:53.459+05:30  INFO 17906 --- [taskflow] [main] c.example.taskflow.services.TaskService  : Task created successfully with id: 5
2026-10-10T18:29:53.478+05:30  INFO 17906 --- [taskflow] [main] c.example.taskflow.services.TaskService  : Creating task with title: Finish Spring Testing
2026-10-10T18:29:53.479+05:30  INFO 17906 --- [taskflow] [main] c.example.taskflow.services.TaskService  : Task created successfully with id: 6
2026-10-10T18:29:53.487+05:30 DEBUG 17906 --- [taskflow] [main] c.example.taskflow.services.TaskService  : Finding task with id: 6
2026-10-10T18:29:53.767+05:30  INFO 17906 --- [taskflow] [main] tc.postgres:16-alpine                    : Creating container for image: postgres:16-alpine
2026-10-10T18:29:53.854+05:30  INFO 17906 --- [taskflow] [main] tc.postgres:16-alpine                    : Container postgres:16-alpine is starting: dac70050b20592b3b206a1f34cbaff3115f609d7f31a68e52066039b79bd1f7e
2026-10-10T18:29:54.819+05:30  INFO 17906 --- [taskflow] [main] tc.postgres:16-alpine                    : Container postgres:16-alpine started in PT1.051802S
2026-10-10T18:29:54.822+05:30  INFO 17906 --- [taskflow] [main] tc.postgres:16-alpine                    : Container is started (JDBC URL: jdbc:postgresql://localhost:53136/test?loggerLevel=OFF)
2026-10-10T18:29:54.834+05:30  INFO 17906 --- [taskflow] [main] t.c.s.AnnotationConfigContextLoaderUtils : Could not detect default configuration classes for test class [com.example.taskflow.TaskflowApplicationTests]: TaskflowApplicationTests does not declare any static, non-private, non-final, nested classes annotated with @Configuration.
2026-10-10T18:29:54.854+05:30  INFO 17906 --- [taskflow] [main] .b.t.c.SpringBootTestContextBootstrapper : Found @SpringBootConfiguration com.example.taskflow.TaskflowApplication for test class com.example.taskflow.TaskflowApplicationTests
2026-10-10T18:29:54.855+05:30  INFO 17906 --- [taskflow] [main] t.c.s.AnnotationConfigContextLoaderUtils : Could not detect default configuration classes for test class [com.example.taskflow.TaskflowApplicationTests]: TaskflowApplicationTests does not declare any static, non-private, non-final, nested classes annotated with @Configuration.
2026-10-10T18:29:54.857+05:30  INFO 17906 --- [taskflow] [main] .b.t.c.SpringBootTestContextBootstrapper : Found @SpringBootConfiguration com.example.taskflow.TaskflowApplication for test class com.example.taskflow.TaskflowApplicationTests
2026-10-10T18:29:54.870+05:30  INFO 17906 --- [taskflow] [main] o.s.b.d.r.RestartApplicationListener     : Restart disabled due to context in which it is running
2026-10-10T18:29:54.893+05:30  INFO 17906 --- [taskflow] [main] c.e.taskflow.TaskflowApplicationTests    : Starting TaskflowApplicationTests using Java 22.0.2 with PID 17906 (started by janidubomal in /Users/janidubomal/Downloads/taskflow)
2026-10-10T18:29:54.893+05:30 DEBUG 17906 --- [taskflow] [main] c.e.taskflow.TaskflowApplicationTests    : Running with Spring Boot v4.1.1, Spring v7.0.9
2026-10-10T18:29:54.893+05:30  INFO 17906 --- [taskflow] [main] c.e.taskflow.TaskflowApplicationTests    : The following 1 profile is active: "dev"
2026-10-10T18:29:54.999+05:30  INFO 17906 --- [taskflow] [main] .s.d.r.c.RepositoryConfigurationDelegate : Bootstrapping Spring Data JPA repositories in DEFAULT mode.
2026-10-10T18:29:55.002+05:30  INFO 17906 --- [taskflow] [main] .s.d.r.c.RepositoryConfigurationDelegate : Finished Spring Data repository scanning in 2 ms. Found 1 JPA repository interface.
2026-10-10T18:29:55.088+05:30  INFO 17906 --- [taskflow] [main] org.flywaydb.core.FlywayExecutor         : Database: jdbc:postgresql://localhost:53136/test?loggerLevel=OFF (PostgreSQL 16.15)
2026-10-10T18:29:55.097+05:30  INFO 17906 --- [taskflow] [main] o.f.c.i.s.JdbcTableSchemaHistory         : Schema history table "public"."flyway_schema_history" does not exist yet
2026-10-10T18:29:55.097+05:30  INFO 17906 --- [taskflow] [main] o.f.core.internal.command.DbValidate     : Successfully validated 2 migrations (execution time 00:00.002s)
2026-10-10T18:29:55.103+05:30  INFO 17906 --- [taskflow] [main] o.f.c.i.s.JdbcTableSchemaHistory         : Creating Schema History table "public"."flyway_schema_history" ...
2026-10-10T18:29:55.116+05:30  INFO 17906 --- [taskflow] [main] o.f.core.internal.command.DbMigrate      : Current version of schema "public": << Empty Schema >>
2026-10-10T18:29:55.117+05:30  INFO 17906 --- [taskflow] [main] o.f.core.internal.command.DbMigrate      : Migrating schema "public" to version "1 - create tasks table"
2026-10-10T18:29:55.126+05:30  INFO 17906 --- [taskflow] [main] o.f.core.internal.command.DbMigrate      : Migrating schema "public" to version "2 - add priority to tasks"
2026-10-10T18:29:55.131+05:30  INFO 17906 --- [taskflow] [main] o.f.core.internal.command.DbMigrate      : Successfully applied 2 migrations to schema "public", now at version v2 (execution time 00:00.004s)
2026-10-10T18:29:55.137+05:30  INFO 17906 --- [taskflow] [main] org.hibernate.orm.jpa                    : HHH008540: Processing PersistenceUnitInfo [name: default]
2026-10-10T18:29:55.145+05:30  INFO 17906 --- [taskflow] [main] o.s.o.j.p.SpringPersistenceUnitInfo      : No LoadTimeWeaver setup: ignoring JPA class transformer
2026-10-10T18:29:55.145+05:30  INFO 17906 --- [taskflow] [main] com.zaxxer.hikari.HikariDataSource       : HikariPool-3 - Starting...
2026-10-10T18:29:55.152+05:30  INFO 17906 --- [taskflow] [main] com.zaxxer.hikari.pool.HikariPool        : HikariPool-3 - Added connection org.postgresql.jdbc.PgConnection@38c203a6
2026-10-10T18:29:55.152+05:30  INFO 17906 --- [taskflow] [main] com.zaxxer.hikari.HikariDataSource       : HikariPool-3 - Start completed.
2026-10-10T18:29:55.156+05:30  INFO 17906 --- [taskflow] [main] org.hibernate.orm.connections.pooling    : HHH10001005: Database info:
	Database JDBC URL [jdbc:postgresql://localhost:53136/test?loggerLevel=OFF]
	Database driver: PostgreSQL JDBC Driver
	Database dialect: PostgreSQLDialect
	Database version: 16.15
	Default catalog/schema: test/public
	Autocommit mode: undefined/unknown
	Isolation level: READ_COMMITTED [default READ_COMMITTED]
	JDBC fetch size: none
	Pool: DataSourceConnectionProvider
	Minimum pool size: undefined/unknown
	Maximum pool size: undefined/unknown
2026-10-10T18:29:55.177+05:30  INFO 17906 --- [taskflow] [main] org.hibernate.orm.core                   : HHH000489: No JTA platform available (set 'hibernate.transaction.jta.platform' to enable JTA platform integration)
2026-10-10T18:29:55.186+05:30  INFO 17906 --- [taskflow] [main] j.LocalContainerEntityManagerFactoryBean : Initialized JPA EntityManagerFactory for persistence unit 'default'
2026-10-10T18:29:55.207+05:30  WARN 17906 --- [taskflow] [main] JpaBaseConfiguration$JpaWebConfiguration : spring.jpa.open-in-view is enabled by default. Therefore, database queries may be performed during view rendering. Explicitly configure spring.jpa.open-in-view to disable this warning
2026-10-10T18:29:55.252+05:30  INFO 17906 --- [taskflow] [main] o.s.b.a.e.web.EndpointLinksResolver      : Exposing 4 endpoints beneath base path '/actuator'
2026-10-10T18:29:55.257+05:30  INFO 17906 --- [taskflow] [main] c.e.taskflow.TaskflowApplicationTests    : Started TaskflowApplicationTests in 0.387 seconds (process running for 9.789)
2026-10-10T18:29:55.258+05:30  WARN 17906 --- [taskflow] [main] o.s.core.events.SpringDocAppInitializer  : SpringDoc /v3/api-docs endpoint is enabled by default. To disable it in production, set the property 'springdoc.api-docs.enabled=false'
2026-10-10T18:29:55.258+05:30  WARN 17906 --- [taskflow] [main] o.s.core.events.SpringDocAppInitializer  : SpringDoc /swagger-ui.html endpoint is enabled by default. To disable it in production, set the property 'springdoc.swagger-ui.enabled=false'
2026-10-10T18:29:55.416+05:30  INFO 17906 --- [taskflow] [main] t.c.s.AnnotationConfigContextLoaderUtils : Could not detect default configuration classes for test class [com.example.taskflow.controller.TaskControllerTest]: TaskControllerTest does not declare any static, non-private, non-final, nested classes annotated with @Configuration.
2026-10-10T18:29:55.427+05:30  INFO 17906 --- [taskflow] [main] .b.t.c.SpringBootTestContextBootstrapper : Found @SpringBootConfiguration com.example.taskflow.TaskflowApplication for test class com.example.taskflow.controller.TaskControllerTest
2026-10-10T18:29:55.427+05:30  INFO 17906 --- [taskflow] [main] t.c.s.AnnotationConfigContextLoaderUtils : Could not detect default configuration classes for test class [com.example.taskflow.controller.TaskControllerTest]: TaskControllerTest does not declare any static, non-private, non-final, nested classes annotated with @Configuration.
2026-10-10T18:29:55.429+05:30  INFO 17906 --- [taskflow] [main] .b.t.c.SpringBootTestContextBootstrapper : Found @SpringBootConfiguration com.example.taskflow.TaskflowApplication for test class com.example.taskflow.controller.TaskControllerTest
2026-10-10T18:29:55.431+05:30  INFO 17906 --- [taskflow] [main] o.s.b.d.r.RestartApplicationListener     : Restart disabled due to context in which it is running
2026-10-10T18:29:55.460+05:30  INFO 17906 --- [taskflow] [main] c.e.t.controller.TaskControllerTest      : Starting TaskControllerTest using Java 22.0.2 with PID 17906 (started by janidubomal in /Users/janidubomal/Downloads/taskflow)
2026-10-10T18:29:55.460+05:30 DEBUG 17906 --- [taskflow] [main] c.e.t.controller.TaskControllerTest      : Running with Spring Boot v4.1.1, Spring v7.0.9
2026-10-10T18:29:55.460+05:30  INFO 17906 --- [taskflow] [main] c.e.t.controller.TaskControllerTest      : The following 1 profile is active: "dev"
2026-10-10T18:29:55.764+05:30  INFO 17906 --- [taskflow] [main] o.s.b.t.m.w.SpringBootMockServletContext : Initializing Spring TestDispatcherServlet ''
2026-10-10T18:29:55.765+05:30  INFO 17906 --- [taskflow] [main] o.s.t.web.servlet.TestDispatcherServlet  : Initializing Servlet ''
2026-10-10T18:29:55.767+05:30  INFO 17906 --- [taskflow] [main] o.s.t.web.servlet.TestDispatcherServlet  : Completed initialization in 2 ms
2026-10-10T18:29:55.777+05:30  INFO 17906 --- [taskflow] [main] c.e.t.controller.TaskControllerTest      : Started TaskControllerTest in 0.346 seconds (process running for 10.309)
2026-10-10T18:29:55.992+05:30 DEBUG 17906 --- [taskflow] [main] c.example.taskflow.services.TaskService  : Finding task with id: 1
2026-10-10T18:29:56.000+05:30  INFO 17906 --- [taskflow] [main] c.example.taskflow.services.TaskService  : Creating task with title: Learn Mockito
2026-10-10T18:29:56.001+05:30  INFO 17906 --- [taskflow] [main] c.example.taskflow.services.TaskService  : Task created successfully with id: 1
2026-10-10T18:29:56.003+05:30 DEBUG 17906 --- [taskflow] [main] c.example.taskflow.services.TaskService  : Finding task with id: 1
2026-10-10T18:29:56.005+05:30 DEBUG 17906 --- [taskflow] [main] c.example.taskflow.services.TaskService  : Finding task with id: 999
2026-10-10T18:29:56.005+05:30  WARN 17906 --- [taskflow] [main] c.example.taskflow.services.TaskService  : Task not found with id: 999
2026-10-10T18:29:56.035+05:30  INFO 17906 --- [taskflow] [SpringApplicationShutdownHook] j.LocalContainerEntityManagerFactoryBean : Closing JPA EntityManagerFactory for persistence unit 'default'
2026-10-10T18:29:56.049+05:30  INFO 17906 --- [taskflow] [SpringApplicationShutdownHook] j.LocalContainerEntityManagerFactoryBean : Closing JPA EntityManagerFactory for persistence unit 'default'
2026-10-10T18:29:56.049+05:30  INFO 17906 --- [taskflow] [SpringApplicationShutdownHook] com.zaxxer.hikari.HikariDataSource       : HikariPool-1 - Shutdown initiated...
2026-10-10T18:29:56.051+05:30  INFO 17906 --- [taskflow] [SpringApplicationShutdownHook] com.zaxxer.hikari.HikariDataSource       : HikariPool-1 - Shutdown completed.
2026-10-10T18:29:56.054+05:30  INFO 17906 --- [taskflow] [SpringApplicationShutdownHook] j.LocalContainerEntityManagerFactoryBean : Closing JPA EntityManagerFactory for persistence unit 'default'
2026-10-10T18:29:56.054+05:30  INFO 17906 --- [taskflow] [SpringApplicationShutdownHook] com.zaxxer.hikari.HikariDataSource       : HikariPool-2 - Shutdown initiated...
2026-10-10T18:29:56.117+05:30  INFO 17906 --- [taskflow] [SpringApplicationShutdownHook] com.zaxxer.hikari.HikariDataSource       : HikariPool-2 - Shutdown completed.
2026-10-10T18:29:56.120+05:30  INFO 17906 --- [taskflow] [SpringApplicationShutdownHook] j.LocalContainerEntityManagerFactoryBean : Closing JPA EntityManagerFactory for persistence unit 'default'
2026-10-10T18:29:56.121+05:30  INFO 17906 --- [taskflow] [SpringApplicationShutdownHook] com.zaxxer.hikari.HikariDataSource       : HikariPool-3 - Shutdown initiated...
2026-10-10T18:29:56.594+05:30  INFO 17906 --- [taskflow] [SpringApplicationShutdownHook] com.zaxxer.hikari.HikariDataSource       : HikariPool-3 - Shutdown completed.
2026-10-10T18:30:20.490+05:30  INFO 18088 --- [taskflow] [restartedMain] c.example.taskflow.TaskflowApplication   : Starting TaskflowApplication using Java 22.0.2 with PID 18088 (/Users/janidubomal/Downloads/taskflow/target/classes started by janidubomal in /Users/janidubomal/Downloads/taskflow)
2026-10-10T18:30:20.492+05:30 DEBUG 18088 --- [taskflow] [restartedMain] c.example.taskflow.TaskflowApplication   : Running with Spring Boot v4.1.1, Spring v7.0.9
2026-10-10T18:30:20.492+05:30  INFO 18088 --- [taskflow] [restartedMain] c.example.taskflow.TaskflowApplication   : The following 1 profile is active: "dev"
2026-10-10T18:30:20.513+05:30  INFO 18088 --- [taskflow] [restartedMain] .e.DevToolsPropertyDefaultsPostProcessor : Devtools property defaults active! Set 'spring.devtools.add-properties' to 'false' to disable
2026-10-10T18:30:20.513+05:30  INFO 18088 --- [taskflow] [restartedMain] .e.DevToolsPropertyDefaultsPostProcessor : For additional web related logging consider setting the 'logging.level.web' property to 'DEBUG'
2026-10-10T18:30:20.866+05:30  INFO 18088 --- [taskflow] [restartedMain] .s.d.r.c.RepositoryConfigurationDelegate : Bootstrapping Spring Data JPA repositories in DEFAULT mode.
2026-10-10T18:30:20.885+05:30  INFO 18088 --- [taskflow] [restartedMain] .s.d.r.c.RepositoryConfigurationDelegate : Finished Spring Data repository scanning in 15 ms. Found 1 JPA repository interface.
2026-10-10T18:30:21.091+05:30  INFO 18088 --- [taskflow] [restartedMain] o.s.boot.tomcat.TomcatWebServer          : Tomcat initialized with port 8080 (http)
2026-10-10T18:30:21.099+05:30  INFO 18088 --- [taskflow] [restartedMain] o.apache.catalina.core.StandardService   : Starting service [Tomcat]
2026-10-10T18:30:21.099+05:30  INFO 18088 --- [taskflow] [restartedMain] o.apache.catalina.core.StandardEngine    : Starting Servlet engine: [Apache Tomcat/11.0.24]
2026-10-10T18:30:21.113+05:30  INFO 18088 --- [taskflow] [restartedMain] b.w.c.s.WebApplicationContextInitializer : Root WebApplicationContext: initialization completed in 600 ms
2026-10-10T18:30:21.246+05:30  INFO 18088 --- [taskflow] [restartedMain] com.zaxxer.hikari.HikariDataSource       : HikariPool-1 - Starting...
2026-10-10T18:30:21.335+05:30  INFO 18088 --- [taskflow] [restartedMain] com.zaxxer.hikari.pool.HikariPool        : HikariPool-1 - Added connection org.postgresql.jdbc.PgConnection@30ad959
2026-10-10T18:30:21.336+05:30  INFO 18088 --- [taskflow] [restartedMain] com.zaxxer.hikari.HikariDataSource       : HikariPool-1 - Start completed.
2026-10-10T18:30:21.347+05:30  INFO 18088 --- [taskflow] [restartedMain] org.flywaydb.core.FlywayExecutor         : Database: jdbc:postgresql://localhost:5432/taskflow (PostgreSQL 17.2)
2026-10-10T18:30:21.389+05:30  INFO 18088 --- [taskflow] [restartedMain] o.f.core.internal.command.DbValidate     : Successfully validated 2 migrations (execution time 00:00.019s)
2026-10-10T18:30:21.409+05:30  INFO 18088 --- [taskflow] [restartedMain] o.f.core.internal.command.DbMigrate      : Current version of schema "public": 2
2026-10-10T18:30:21.410+05:30  INFO 18088 --- [taskflow] [restartedMain] o.f.core.internal.command.DbMigrate      : Schema "public" is up to date. No migration necessary.
2026-10-10T18:30:21.447+05:30  INFO 18088 --- [taskflow] [restartedMain] org.hibernate.orm.jpa                    : HHH008540: Processing PersistenceUnitInfo [name: default]
2026-10-10T18:30:21.477+05:30  INFO 18088 --- [taskflow] [restartedMain] org.hibernate.orm.core                   : HHH000001: Hibernate ORM core version 7.4.5.Final
2026-10-10T18:30:21.654+05:30  INFO 18088 --- [taskflow] [restartedMain] o.s.o.j.p.SpringPersistenceUnitInfo      : No LoadTimeWeaver setup: ignoring JPA class transformer
2026-10-10T18:30:21.696+05:30  INFO 18088 --- [taskflow] [restartedMain] org.hibernate.orm.connections.pooling    : HHH10001005: Database info:
	Database JDBC URL [jdbc:postgresql://localhost:5432/taskflow]
	Database driver: PostgreSQL JDBC Driver
	Database dialect: PostgreSQLDialect
	Database version: 17.2
	Default catalog/schema: taskflow/public
	Autocommit mode: undefined/unknown
	Isolation level: READ_COMMITTED [default READ_COMMITTED]
	JDBC fetch size: none
	Pool: DataSourceConnectionProvider
	Minimum pool size: undefined/unknown
	Maximum pool size: undefined/unknown
2026-10-10T18:30:22.027+05:30  INFO 18088 --- [taskflow] [restartedMain] org.hibernate.orm.core                   : HHH000489: No JTA platform available (set 'hibernate.transaction.jta.platform' to enable JTA platform integration)
2026-10-10T18:30:22.059+05:30  INFO 18088 --- [taskflow] [restartedMain] j.LocalContainerEntityManagerFactoryBean : Initialized JPA EntityManagerFactory for persistence unit 'default'
2026-10-10T18:30:22.094+05:30  INFO 18088 --- [taskflow] [restartedMain] o.s.d.j.r.query.QueryEnhancerFactories   : Hibernate is in classpath; If applicable, HQL parser will be used.
2026-10-10T18:30:22.218+05:30  WARN 18088 --- [taskflow] [restartedMain] JpaBaseConfiguration$JpaWebConfiguration : spring.jpa.open-in-view is enabled by default. Therefore, database queries may be performed during view rendering. Explicitly configure spring.jpa.open-in-view to disable this warning
2026-10-10T18:30:22.408+05:30  INFO 18088 --- [taskflow] [restartedMain] o.s.b.a.e.web.EndpointLinksResolver      : Exposing 4 endpoints beneath base path '/actuator'
2026-10-10T18:30:22.432+05:30  WARN 18088 --- [taskflow] [restartedMain] ConfigServletWebServerApplicationContext : Exception encountered during context initialization - cancelling refresh attempt: org.springframework.context.ApplicationContextException: Failed to start bean 'webServerStartStop'
2026-10-10T18:30:22.435+05:30  INFO 18088 --- [taskflow] [restartedMain] j.LocalContainerEntityManagerFactoryBean : Closing JPA EntityManagerFactory for persistence unit 'default'
2026-10-10T18:30:22.437+05:30  INFO 18088 --- [taskflow] [restartedMain] com.zaxxer.hikari.HikariDataSource       : HikariPool-1 - Shutdown initiated...
2026-10-10T18:30:22.438+05:30  INFO 18088 --- [taskflow] [restartedMain] com.zaxxer.hikari.HikariDataSource       : HikariPool-1 - Shutdown completed.
2026-10-10T18:30:22.445+05:30  INFO 18088 --- [taskflow] [restartedMain] .s.b.a.l.ConditionEvaluationReportLogger : 

Error starting ApplicationContext. To display the condition evaluation report re-run your application with 'debug' enabled.
2026-10-10T18:30:22.451+05:30 ERROR 18088 --- [taskflow] [restartedMain] o.s.b.d.LoggingFailureAnalysisReporter   : 

***************************
APPLICATION FAILED TO START
***************************

Description:

Web server failed to start. Port 8080 was already in use.

Action:

Identify and stop the process that's listening on port 8080 or configure this application to listen on another port.

2026-10-10T18:31:38.559+05:30  INFO 18269 --- [taskflow] [restartedMain] c.example.taskflow.TaskflowApplication   : Starting TaskflowApplication using Java 22.0.2 with PID 18269 (/Users/janidubomal/Downloads/taskflow/target/classes started by janidubomal in /Users/janidubomal/Downloads/taskflow)
2026-10-10T18:31:38.560+05:30 DEBUG 18269 --- [taskflow] [restartedMain] c.example.taskflow.TaskflowApplication   : Running with Spring Boot v4.1.1, Spring v7.0.9
2026-10-10T18:31:38.560+05:30  INFO 18269 --- [taskflow] [restartedMain] c.example.taskflow.TaskflowApplication   : The following 1 profile is active: "dev"
2026-10-10T18:31:38.583+05:30  INFO 18269 --- [taskflow] [restartedMain] .e.DevToolsPropertyDefaultsPostProcessor : Devtools property defaults active! Set 'spring.devtools.add-properties' to 'false' to disable
2026-10-10T18:31:38.583+05:30  INFO 18269 --- [taskflow] [restartedMain] .e.DevToolsPropertyDefaultsPostProcessor : For additional web related logging consider setting the 'logging.level.web' property to 'DEBUG'
2026-10-10T18:31:38.936+05:30  INFO 18269 --- [taskflow] [restartedMain] .s.d.r.c.RepositoryConfigurationDelegate : Bootstrapping Spring Data JPA repositories in DEFAULT mode.
2026-10-10T18:31:38.954+05:30  INFO 18269 --- [taskflow] [restartedMain] .s.d.r.c.RepositoryConfigurationDelegate : Finished Spring Data repository scanning in 13 ms. Found 1 JPA repository interface.
2026-10-10T18:31:39.172+05:30  INFO 18269 --- [taskflow] [restartedMain] o.s.boot.tomcat.TomcatWebServer          : Tomcat initialized with port 8080 (http)
2026-10-10T18:31:39.179+05:30  INFO 18269 --- [taskflow] [restartedMain] o.apache.catalina.core.StandardService   : Starting service [Tomcat]
2026-10-10T18:31:39.179+05:30  INFO 18269 --- [taskflow] [restartedMain] o.apache.catalina.core.StandardEngine    : Starting Servlet engine: [Apache Tomcat/11.0.24]
2026-10-10T18:31:39.191+05:30  INFO 18269 --- [taskflow] [restartedMain] b.w.c.s.WebApplicationContextInitializer : Root WebApplicationContext: initialization completed in 608 ms
2026-10-10T18:31:39.313+05:30  INFO 18269 --- [taskflow] [restartedMain] com.zaxxer.hikari.HikariDataSource       : HikariPool-1 - Starting...
2026-10-10T18:31:39.387+05:30  INFO 18269 --- [taskflow] [restartedMain] com.zaxxer.hikari.pool.HikariPool        : HikariPool-1 - Added connection org.postgresql.jdbc.PgConnection@1ce7273e
2026-10-10T18:31:39.388+05:30  INFO 18269 --- [taskflow] [restartedMain] com.zaxxer.hikari.HikariDataSource       : HikariPool-1 - Start completed.
2026-10-10T18:31:39.396+05:30  INFO 18269 --- [taskflow] [restartedMain] org.flywaydb.core.FlywayExecutor         : Database: jdbc:postgresql://localhost:5432/taskflow (PostgreSQL 17.2)
2026-10-10T18:31:39.423+05:30  INFO 18269 --- [taskflow] [restartedMain] o.f.core.internal.command.DbValidate     : Successfully validated 2 migrations (execution time 00:00.011s)
2026-10-10T18:31:39.447+05:30  INFO 18269 --- [taskflow] [restartedMain] o.f.core.internal.command.DbMigrate      : Current version of schema "public": 2
2026-10-10T18:31:39.448+05:30  INFO 18269 --- [taskflow] [restartedMain] o.f.core.internal.command.DbMigrate      : Schema "public" is up to date. No migration necessary.
2026-10-10T18:31:39.484+05:30  INFO 18269 --- [taskflow] [restartedMain] org.hibernate.orm.jpa                    : HHH008540: Processing PersistenceUnitInfo [name: default]
2026-10-10T18:31:39.515+05:30  INFO 18269 --- [taskflow] [restartedMain] org.hibernate.orm.core                   : HHH000001: Hibernate ORM core version 7.4.5.Final
2026-10-10T18:31:39.692+05:30  INFO 18269 --- [taskflow] [restartedMain] o.s.o.j.p.SpringPersistenceUnitInfo      : No LoadTimeWeaver setup: ignoring JPA class transformer
2026-10-10T18:31:39.729+05:30  INFO 18269 --- [taskflow] [restartedMain] org.hibernate.orm.connections.pooling    : HHH10001005: Database info:
	Database JDBC URL [jdbc:postgresql://localhost:5432/taskflow]
	Database driver: PostgreSQL JDBC Driver
	Database dialect: PostgreSQLDialect
	Database version: 17.2
	Default catalog/schema: taskflow/public
	Autocommit mode: undefined/unknown
	Isolation level: READ_COMMITTED [default READ_COMMITTED]
	JDBC fetch size: none
	Pool: DataSourceConnectionProvider
	Minimum pool size: undefined/unknown
	Maximum pool size: undefined/unknown
2026-10-10T18:31:40.063+05:30  INFO 18269 --- [taskflow] [restartedMain] org.hibernate.orm.core                   : HHH000489: No JTA platform available (set 'hibernate.transaction.jta.platform' to enable JTA platform integration)
2026-10-10T18:31:40.096+05:30  INFO 18269 --- [taskflow] [restartedMain] j.LocalContainerEntityManagerFactoryBean : Initialized JPA EntityManagerFactory for persistence unit 'default'
2026-10-10T18:31:40.128+05:30  INFO 18269 --- [taskflow] [restartedMain] o.s.d.j.r.query.QueryEnhancerFactories   : Hibernate is in classpath; If applicable, HQL parser will be used.
2026-10-10T18:31:40.275+05:30  WARN 18269 --- [taskflow] [restartedMain] JpaBaseConfiguration$JpaWebConfiguration : spring.jpa.open-in-view is enabled by default. Therefore, database queries may be performed during view rendering. Explicitly configure spring.jpa.open-in-view to disable this warning
2026-10-10T18:31:40.462+05:30  INFO 18269 --- [taskflow] [restartedMain] o.s.b.a.e.web.EndpointLinksResolver      : Exposing 4 endpoints beneath base path '/actuator'
2026-10-10T18:31:40.485+05:30  WARN 18269 --- [taskflow] [restartedMain] ConfigServletWebServerApplicationContext : Exception encountered during context initialization - cancelling refresh attempt: org.springframework.context.ApplicationContextException: Failed to start bean 'webServerStartStop'
2026-10-10T18:31:40.486+05:30  INFO 18269 --- [taskflow] [restartedMain] j.LocalContainerEntityManagerFactoryBean : Closing JPA EntityManagerFactory for persistence unit 'default'
2026-10-10T18:31:40.488+05:30  INFO 18269 --- [taskflow] [restartedMain] com.zaxxer.hikari.HikariDataSource       : HikariPool-1 - Shutdown initiated...
2026-10-10T18:31:40.488+05:30  INFO 18269 --- [taskflow] [restartedMain] com.zaxxer.hikari.HikariDataSource       : HikariPool-1 - Shutdown completed.
2026-10-10T18:31:40.495+05:30  INFO 18269 --- [taskflow] [restartedMain] .s.b.a.l.ConditionEvaluationReportLogger : 

Error starting ApplicationContext. To display the condition evaluation report re-run your application with 'debug' enabled.
2026-10-10T18:31:40.500+05:30 ERROR 18269 --- [taskflow] [restartedMain] o.s.b.d.LoggingFailureAnalysisReporter   : 

***************************
APPLICATION FAILED TO START
***************************

Description:

Web server failed to start. Port 8080 was already in use.

Action:

Identify and stop the process that's listening on port 8080 or configure this application to listen on another port.

2026-10-10T18:31:56.093+05:30  INFO 18330 --- [taskflow] [restartedMain] c.example.taskflow.TaskflowApplication   : Starting TaskflowApplication using Java 22.0.2 with PID 18330 (/Users/janidubomal/Downloads/taskflow/target/classes started by janidubomal in /Users/janidubomal/Downloads/taskflow)
2026-10-10T18:31:56.094+05:30 DEBUG 18330 --- [taskflow] [restartedMain] c.example.taskflow.TaskflowApplication   : Running with Spring Boot v4.1.1, Spring v7.0.9
2026-10-10T18:31:56.095+05:30  INFO 18330 --- [taskflow] [restartedMain] c.example.taskflow.TaskflowApplication   : The following 1 profile is active: "dev"
2026-10-10T18:31:56.115+05:30  INFO 18330 --- [taskflow] [restartedMain] .e.DevToolsPropertyDefaultsPostProcessor : Devtools property defaults active! Set 'spring.devtools.add-properties' to 'false' to disable
2026-10-10T18:31:56.115+05:30  INFO 18330 --- [taskflow] [restartedMain] .e.DevToolsPropertyDefaultsPostProcessor : For additional web related logging consider setting the 'logging.level.web' property to 'DEBUG'
2026-10-10T18:31:56.488+05:30  INFO 18330 --- [taskflow] [restartedMain] .s.d.r.c.RepositoryConfigurationDelegate : Bootstrapping Spring Data JPA repositories in DEFAULT mode.
2026-10-10T18:31:56.504+05:30  INFO 18330 --- [taskflow] [restartedMain] .s.d.r.c.RepositoryConfigurationDelegate : Finished Spring Data repository scanning in 12 ms. Found 1 JPA repository interface.
2026-10-10T18:31:56.711+05:30  INFO 18330 --- [taskflow] [restartedMain] o.s.boot.tomcat.TomcatWebServer          : Tomcat initialized with port 8080 (http)
2026-10-10T18:31:56.718+05:30  INFO 18330 --- [taskflow] [restartedMain] o.apache.catalina.core.StandardService   : Starting service [Tomcat]
2026-10-10T18:31:56.719+05:30  INFO 18330 --- [taskflow] [restartedMain] o.apache.catalina.core.StandardEngine    : Starting Servlet engine: [Apache Tomcat/11.0.24]
2026-10-10T18:31:56.734+05:30  INFO 18330 --- [taskflow] [restartedMain] b.w.c.s.WebApplicationContextInitializer : Root WebApplicationContext: initialization completed in 619 ms
2026-10-10T18:31:56.860+05:30  INFO 18330 --- [taskflow] [restartedMain] com.zaxxer.hikari.HikariDataSource       : HikariPool-1 - Starting...
2026-10-10T18:31:57.921+05:30  WARN 18330 --- [taskflow] [restartedMain] ConfigServletWebServerApplicationContext : Exception encountered during context initialization - cancelling refresh attempt: org.springframework.beans.factory.BeanCreationException: Error creating bean with name 'entityManagerFactory' defined in class path resource [org/springframework/boot/hibernate/autoconfigure/HibernateJpaConfiguration.class]: Failed to initialize dependency 'flywayInitializer' of LoadTimeWeaverAware bean 'entityManagerFactory': Error creating bean with name 'flywayInitializer' defined in class path resource [org/springframework/boot/flyway/autoconfigure/FlywayAutoConfiguration$FlywayConfiguration.class]: Unable to obtain connection from database: FATAL: password authentication failed for user "janidubomal"
-------------------------------------------------------------------------------------------------------
SQL State  : 28P01
Error Code : 0
Message    : FATAL: password authentication failed for user "janidubomal"

2026-10-10T18:31:57.926+05:30  INFO 18330 --- [taskflow] [restartedMain] o.apache.catalina.core.StandardService   : Stopping service [Tomcat]
2026-10-10T18:31:57.942+05:30  INFO 18330 --- [taskflow] [restartedMain] .s.b.a.l.ConditionEvaluationReportLogger : 

Error starting ApplicationContext. To display the condition evaluation report re-run your application with 'debug' enabled.
2026-10-10T18:31:57.951+05:30 ERROR 18330 --- [taskflow] [restartedMain] o.s.boot.SpringApplication               : Application run failed

org.springframework.beans.factory.BeanCreationException: Error creating bean with name 'entityManagerFactory' defined in class path resource [org/springframework/boot/hibernate/autoconfigure/HibernateJpaConfiguration.class]: Failed to initialize dependency 'flywayInitializer' of LoadTimeWeaverAware bean 'entityManagerFactory': Error creating bean with name 'flywayInitializer' defined in class path resource [org/springframework/boot/flyway/autoconfigure/FlywayAutoConfiguration$FlywayConfiguration.class]: Unable to obtain connection from database: FATAL: password authentication failed for user "janidubomal"
-------------------------------------------------------------------------------------------------------
SQL State  : 28P01
Error Code : 0
Message    : FATAL: password authentication failed for user "janidubomal"

	at org.springframework.beans.factory.support.AbstractBeanFactory.doGetBean(AbstractBeanFactory.java:322) ~[spring-beans-7.0.9.jar:7.0.9]
	at org.springframework.beans.factory.support.AbstractBeanFactory.getBean(AbstractBeanFactory.java:201) ~[spring-beans-7.0.9.jar:7.0.9]
	at org.springframework.context.support.AbstractApplicationContext.finishBeanFactoryInitialization(AbstractApplicationContext.java:977) ~[spring-context-7.0.9.jar:7.0.9]
	at org.springframework.context.support.AbstractApplicationContext.refresh(AbstractApplicationContext.java:621) ~[spring-context-7.0.9.jar:7.0.9]
	at org.springframework.boot.web.server.servlet.context.ServletWebServerApplicationContext.refresh(ServletWebServerApplicationContext.java:143) ~[spring-boot-web-server-4.1.1.jar:4.1.1]
	at org.springframework.boot.SpringApplication.refresh(SpringApplication.java:756) ~[spring-boot-4.1.1.jar:4.1.1]
	at org.springframework.boot.SpringApplication.refreshContext(SpringApplication.java:445) ~[spring-boot-4.1.1.jar:4.1.1]
	at org.springframework.boot.SpringApplication.run(SpringApplication.java:321) ~[spring-boot-4.1.1.jar:4.1.1]
	at org.springframework.boot.SpringApplication.run(SpringApplication.java:1365) ~[spring-boot-4.1.1.jar:4.1.1]
	at org.springframework.boot.SpringApplication.run(SpringApplication.java:1354) ~[spring-boot-4.1.1.jar:4.1.1]
	at com.example.taskflow.TaskflowApplication.main(TaskflowApplication.java:10) ~[classes/:na]
	at java.base/jdk.internal.reflect.DirectMethodHandleAccessor.invoke(DirectMethodHandleAccessor.java:103) ~[na:na]
	at java.base/java.lang.reflect.Method.invoke(Method.java:580) ~[na:na]
	at org.springframework.boot.devtools.restart.RestartLauncher.run(RestartLauncher.java:52) ~[spring-boot-devtools-4.1.1.jar:4.1.1]
Caused by: org.springframework.beans.factory.BeanCreationException: Error creating bean with name 'flywayInitializer' defined in class path resource [org/springframework/boot/flyway/autoconfigure/FlywayAutoConfiguration$FlywayConfiguration.class]: Unable to obtain connection from database: FATAL: password authentication failed for user "janidubomal"
-------------------------------------------------------------------------------------------------------
SQL State  : 28P01
Error Code : 0
Message    : FATAL: password authentication failed for user "janidubomal"

	at org.springframework.beans.factory.support.AbstractAutowireCapableBeanFactory.initializeBean(AbstractAutowireCapableBeanFactory.java:1815) ~[spring-beans-7.0.9.jar:7.0.9]
	at org.springframework.beans.factory.support.AbstractAutowireCapableBeanFactory.doCreateBean(AbstractAutowireCapableBeanFactory.java:603) ~[spring-beans-7.0.9.jar:7.0.9]
	at org.springframework.beans.factory.support.AbstractAutowireCapableBeanFactory.createBean(AbstractAutowireCapableBeanFactory.java:525) ~[spring-beans-7.0.9.jar:7.0.9]
	at org.springframework.beans.factory.support.AbstractBeanFactory.lambda$doGetBean$0(AbstractBeanFactory.java:333) ~[spring-beans-7.0.9.jar:7.0.9]
	at org.springframework.beans.factory.support.DefaultSingletonBeanRegistry.getSingleton(DefaultSingletonBeanRegistry.java:371) ~[spring-beans-7.0.9.jar:7.0.9]
	at org.springframework.beans.factory.support.AbstractBeanFactory.doGetBean(AbstractBeanFactory.java:331) ~[spring-beans-7.0.9.jar:7.0.9]
	at org.springframework.beans.factory.support.AbstractBeanFactory.getBean(AbstractBeanFactory.java:196) ~[spring-beans-7.0.9.jar:7.0.9]
	at org.springframework.beans.factory.support.AbstractBeanFactory.doGetBean(AbstractBeanFactory.java:309) ~[spring-beans-7.0.9.jar:7.0.9]
	... 13 common frames omitted
Caused by: org.flywaydb.core.internal.exception.sqlExceptions.FlywaySqlUnableToConnectToDbException: Unable to obtain connection from database: FATAL: password authentication failed for user "janidubomal"
-------------------------------------------------------------------------------------------------------
SQL State  : 28P01
Error Code : 0
Message    : FATAL: password authentication failed for user "janidubomal"

	at org.flywaydb.core.internal.jdbc.JdbcUtils.openConnection(JdbcUtils.java:78) ~[flyway-core-12.4.0.jar:na]
	at org.flywaydb.core.internal.jdbc.JdbcConnectionFactory.<init>(JdbcConnectionFactory.java:76) ~[flyway-core-12.4.0.jar:na]
	at org.flywaydb.core.FlywayExecutor.init(FlywayExecutor.java:275) ~[flyway-core-12.4.0.jar:na]
	at org.flywaydb.core.FlywayExecutor.execute(FlywayExecutor.java:120) ~[flyway-core-12.4.0.jar:na]
	at org.flywaydb.core.Flyway.migrate(Flyway.java:181) ~[flyway-core-12.4.0.jar:na]
	at org.springframework.boot.flyway.autoconfigure.FlywayMigrationInitializer.afterPropertiesSet(FlywayMigrationInitializer.java:67) ~[spring-boot-flyway-4.1.1.jar:4.1.1]
	at org.springframework.beans.factory.support.AbstractAutowireCapableBeanFactory.invokeInitMethods(AbstractAutowireCapableBeanFactory.java:1862) ~[spring-beans-7.0.9.jar:7.0.9]
	at org.springframework.beans.factory.support.AbstractAutowireCapableBeanFactory.initializeBean(AbstractAutowireCapableBeanFactory.java:1811) ~[spring-beans-7.0.9.jar:7.0.9]
	... 20 common frames omitted
Caused by: org.postgresql.util.PSQLException: FATAL: password authentication failed for user "janidubomal"
	at org.postgresql.core.v3.ConnectionFactoryImpl.doAuthentication(ConnectionFactoryImpl.java:837) ~[postgresql-42.7.13.jar:42.7.13]
	at org.postgresql.core.v3.ConnectionFactoryImpl.tryConnect(ConnectionFactoryImpl.java:309) ~[postgresql-42.7.13.jar:42.7.13]
	at org.postgresql.core.v3.ConnectionFactoryImpl.openConnectionImpl(ConnectionFactoryImpl.java:367) ~[postgresql-42.7.13.jar:42.7.13]
	at org.postgresql.core.ConnectionFactory.openConnection(ConnectionFactory.java:52) ~[postgresql-42.7.13.jar:42.7.13]
	at org.postgresql.jdbc.PgConnection.<init>(PgConnection.java:295) ~[postgresql-42.7.13.jar:42.7.13]
	at org.postgresql.Driver.makeConnection(Driver.java:437) ~[postgresql-42.7.13.jar:42.7.13]
	at org.postgresql.Driver.connect(Driver.java:305) ~[postgresql-42.7.13.jar:42.7.13]
	at com.zaxxer.hikari.util.DriverDataSource.getConnection(DriverDataSource.java:144) ~[HikariCP-7.0.2.jar:na]
	at com.zaxxer.hikari.pool.PoolBase.newConnection(PoolBase.java:373) ~[HikariCP-7.0.2.jar:na]
	at com.zaxxer.hikari.pool.PoolBase.newPoolEntry(PoolBase.java:210) ~[HikariCP-7.0.2.jar:na]
	at com.zaxxer.hikari.pool.HikariPool.createPoolEntry(HikariPool.java:488) ~[HikariCP-7.0.2.jar:na]
	at com.zaxxer.hikari.pool.HikariPool.checkFailFast(HikariPool.java:576) ~[HikariCP-7.0.2.jar:na]
	at com.zaxxer.hikari.pool.HikariPool.<init>(HikariPool.java:97) ~[HikariCP-7.0.2.jar:na]
	at com.zaxxer.hikari.HikariDataSource.getConnection(HikariDataSource.java:111) ~[HikariCP-7.0.2.jar:na]
	at org.flywaydb.core.internal.jdbc.JdbcUtils.openConnection(JdbcUtils.java:73) ~[flyway-core-12.4.0.jar:na]
	... 27 common frames omitted

2026-10-10T18:33:34.348+05:30  INFO 18510 --- [taskflow] [restartedMain] c.example.taskflow.TaskflowApplication   : Starting TaskflowApplication using Java 22.0.2 with PID 18510 (/Users/janidubomal/Downloads/taskflow/target/classes started by janidubomal in /Users/janidubomal/Downloads/taskflow)
2026-10-10T18:33:34.349+05:30 DEBUG 18510 --- [taskflow] [restartedMain] c.example.taskflow.TaskflowApplication   : Running with Spring Boot v4.1.1, Spring v7.0.9
2026-10-10T18:33:34.349+05:30  INFO 18510 --- [taskflow] [restartedMain] c.example.taskflow.TaskflowApplication   : The following 1 profile is active: "dev"
2026-10-10T18:33:34.371+05:30  INFO 18510 --- [taskflow] [restartedMain] .e.DevToolsPropertyDefaultsPostProcessor : Devtools property defaults active! Set 'spring.devtools.add-properties' to 'false' to disable
2026-10-10T18:33:34.371+05:30  INFO 18510 --- [taskflow] [restartedMain] .e.DevToolsPropertyDefaultsPostProcessor : For additional web related logging consider setting the 'logging.level.web' property to 'DEBUG'
2026-10-10T18:33:34.724+05:30  INFO 18510 --- [taskflow] [restartedMain] .s.d.r.c.RepositoryConfigurationDelegate : Bootstrapping Spring Data JPA repositories in DEFAULT mode.
2026-10-10T18:33:34.740+05:30  INFO 18510 --- [taskflow] [restartedMain] .s.d.r.c.RepositoryConfigurationDelegate : Finished Spring Data repository scanning in 12 ms. Found 1 JPA repository interface.
2026-10-10T18:33:34.942+05:30  INFO 18510 --- [taskflow] [restartedMain] o.s.boot.tomcat.TomcatWebServer          : Tomcat initialized with port 8080 (http)
2026-10-10T18:33:34.949+05:30  INFO 18510 --- [taskflow] [restartedMain] o.apache.catalina.core.StandardService   : Starting service [Tomcat]
2026-10-10T18:33:34.949+05:30  INFO 18510 --- [taskflow] [restartedMain] o.apache.catalina.core.StandardEngine    : Starting Servlet engine: [Apache Tomcat/11.0.24]
2026-10-10T18:33:34.963+05:30  INFO 18510 --- [taskflow] [restartedMain] b.w.c.s.WebApplicationContextInitializer : Root WebApplicationContext: initialization completed in 592 ms
2026-10-10T18:33:35.086+05:30  INFO 18510 --- [taskflow] [restartedMain] com.zaxxer.hikari.HikariDataSource       : HikariPool-1 - Starting...
2026-10-10T18:33:35.164+05:30  INFO 18510 --- [taskflow] [restartedMain] com.zaxxer.hikari.pool.HikariPool        : HikariPool-1 - Added connection org.postgresql.jdbc.PgConnection@1c96796c
2026-10-10T18:33:35.165+05:30  INFO 18510 --- [taskflow] [restartedMain] com.zaxxer.hikari.HikariDataSource       : HikariPool-1 - Start completed.
2026-10-10T18:33:35.174+05:30  INFO 18510 --- [taskflow] [restartedMain] org.flywaydb.core.FlywayExecutor         : Database: jdbc:postgresql://localhost:5432/taskflow (PostgreSQL 17.2)
2026-10-10T18:33:35.201+05:30  INFO 18510 --- [taskflow] [restartedMain] o.f.core.internal.command.DbValidate     : Successfully validated 2 migrations (execution time 00:00.010s)
2026-10-10T18:33:35.223+05:30  INFO 18510 --- [taskflow] [restartedMain] o.f.core.internal.command.DbMigrate      : Current version of schema "public": 2
2026-10-10T18:33:35.225+05:30  INFO 18510 --- [taskflow] [restartedMain] o.f.core.internal.command.DbMigrate      : Schema "public" is up to date. No migration necessary.
2026-10-10T18:33:35.260+05:30  INFO 18510 --- [taskflow] [restartedMain] org.hibernate.orm.jpa                    : HHH008540: Processing PersistenceUnitInfo [name: default]
2026-10-10T18:33:35.290+05:30  INFO 18510 --- [taskflow] [restartedMain] org.hibernate.orm.core                   : HHH000001: Hibernate ORM core version 7.4.5.Final
2026-10-10T18:33:35.467+05:30  INFO 18510 --- [taskflow] [restartedMain] o.s.o.j.p.SpringPersistenceUnitInfo      : No LoadTimeWeaver setup: ignoring JPA class transformer
2026-10-10T18:33:35.505+05:30  INFO 18510 --- [taskflow] [restartedMain] org.hibernate.orm.connections.pooling    : HHH10001005: Database info:
	Database JDBC URL [jdbc:postgresql://localhost:5432/taskflow]
	Database driver: PostgreSQL JDBC Driver
	Database dialect: PostgreSQLDialect
	Database version: 17.2
	Default catalog/schema: taskflow/public
	Autocommit mode: undefined/unknown
	Isolation level: READ_COMMITTED [default READ_COMMITTED]
	JDBC fetch size: none
	Pool: DataSourceConnectionProvider
	Minimum pool size: undefined/unknown
	Maximum pool size: undefined/unknown
2026-10-10T18:33:35.840+05:30  INFO 18510 --- [taskflow] [restartedMain] org.hibernate.orm.core                   : HHH000489: No JTA platform available (set 'hibernate.transaction.jta.platform' to enable JTA platform integration)
2026-10-10T18:33:35.871+05:30  INFO 18510 --- [taskflow] [restartedMain] j.LocalContainerEntityManagerFactoryBean : Initialized JPA EntityManagerFactory for persistence unit 'default'
2026-10-10T18:33:35.904+05:30  INFO 18510 --- [taskflow] [restartedMain] o.s.d.j.r.query.QueryEnhancerFactories   : Hibernate is in classpath; If applicable, HQL parser will be used.
2026-10-10T18:33:36.032+05:30  WARN 18510 --- [taskflow] [restartedMain] JpaBaseConfiguration$JpaWebConfiguration : spring.jpa.open-in-view is enabled by default. Therefore, database queries may be performed during view rendering. Explicitly configure spring.jpa.open-in-view to disable this warning
2026-10-10T18:33:36.218+05:30  INFO 18510 --- [taskflow] [restartedMain] o.s.b.a.e.web.EndpointLinksResolver      : Exposing 4 endpoints beneath base path '/actuator'
2026-10-10T18:33:36.241+05:30  WARN 18510 --- [taskflow] [restartedMain] ConfigServletWebServerApplicationContext : Exception encountered during context initialization - cancelling refresh attempt: org.springframework.context.ApplicationContextException: Failed to start bean 'webServerStartStop'
2026-10-10T18:33:36.243+05:30  INFO 18510 --- [taskflow] [restartedMain] j.LocalContainerEntityManagerFactoryBean : Closing JPA EntityManagerFactory for persistence unit 'default'
2026-10-10T18:33:36.244+05:30  INFO 18510 --- [taskflow] [restartedMain] com.zaxxer.hikari.HikariDataSource       : HikariPool-1 - Shutdown initiated...
2026-10-10T18:33:36.245+05:30  INFO 18510 --- [taskflow] [restartedMain] com.zaxxer.hikari.HikariDataSource       : HikariPool-1 - Shutdown completed.
2026-10-10T18:33:36.252+05:30  INFO 18510 --- [taskflow] [restartedMain] .s.b.a.l.ConditionEvaluationReportLogger : 

Error starting ApplicationContext. To display the condition evaluation report re-run your application with 'debug' enabled.
2026-10-10T18:33:36.257+05:30 ERROR 18510 --- [taskflow] [restartedMain] o.s.b.d.LoggingFailureAnalysisReporter   : 

***************************
APPLICATION FAILED TO START
***************************

Description:

Web server failed to start. Port 8080 was already in use.

Action:

Identify and stop the process that's listening on port 8080 or configure this application to listen on another port.

2026-10-10T18:34:02.265+05:30  INFO 18694 --- [taskflow] [restartedMain] c.example.taskflow.TaskflowApplication   : Starting TaskflowApplication using Java 22.0.2 with PID 18694 (/Users/janidubomal/Downloads/taskflow/target/classes started by janidubomal in /Users/janidubomal/Downloads/taskflow)
2026-10-10T18:34:02.266+05:30 DEBUG 18694 --- [taskflow] [restartedMain] c.example.taskflow.TaskflowApplication   : Running with Spring Boot v4.1.1, Spring v7.0.9
2026-10-10T18:34:02.266+05:30  INFO 18694 --- [taskflow] [restartedMain] c.example.taskflow.TaskflowApplication   : The following 1 profile is active: "dev"
2026-10-10T18:34:02.287+05:30  INFO 18694 --- [taskflow] [restartedMain] .e.DevToolsPropertyDefaultsPostProcessor : Devtools property defaults active! Set 'spring.devtools.add-properties' to 'false' to disable
2026-10-10T18:34:02.287+05:30  INFO 18694 --- [taskflow] [restartedMain] .e.DevToolsPropertyDefaultsPostProcessor : For additional web related logging consider setting the 'logging.level.web' property to 'DEBUG'
2026-10-10T18:34:02.645+05:30  INFO 18694 --- [taskflow] [restartedMain] .s.d.r.c.RepositoryConfigurationDelegate : Bootstrapping Spring Data JPA repositories in DEFAULT mode.
2026-10-10T18:34:02.662+05:30  INFO 18694 --- [taskflow] [restartedMain] .s.d.r.c.RepositoryConfigurationDelegate : Finished Spring Data repository scanning in 13 ms. Found 1 JPA repository interface.
2026-10-10T18:34:02.871+05:30  INFO 18694 --- [taskflow] [restartedMain] o.s.boot.tomcat.TomcatWebServer          : Tomcat initialized with port 8080 (http)
2026-10-10T18:34:02.878+05:30  INFO 18694 --- [taskflow] [restartedMain] o.apache.catalina.core.StandardService   : Starting service [Tomcat]
2026-10-10T18:34:02.878+05:30  INFO 18694 --- [taskflow] [restartedMain] o.apache.catalina.core.StandardEngine    : Starting Servlet engine: [Apache Tomcat/11.0.24]
2026-10-10T18:34:02.892+05:30  INFO 18694 --- [taskflow] [restartedMain] b.w.c.s.WebApplicationContextInitializer : Root WebApplicationContext: initialization completed in 605 ms
2026-10-10T18:34:03.019+05:30  INFO 18694 --- [taskflow] [restartedMain] com.zaxxer.hikari.HikariDataSource       : HikariPool-1 - Starting...
2026-10-10T18:34:03.100+05:30  INFO 18694 --- [taskflow] [restartedMain] com.zaxxer.hikari.pool.HikariPool        : HikariPool-1 - Added connection org.postgresql.jdbc.PgConnection@37b992cf
2026-10-10T18:34:03.101+05:30  INFO 18694 --- [taskflow] [restartedMain] com.zaxxer.hikari.HikariDataSource       : HikariPool-1 - Start completed.
2026-10-10T18:34:03.109+05:30  INFO 18694 --- [taskflow] [restartedMain] org.flywaydb.core.FlywayExecutor         : Database: jdbc:postgresql://localhost:5432/taskflow (PostgreSQL 17.2)
2026-10-10T18:34:03.138+05:30  INFO 18694 --- [taskflow] [restartedMain] o.f.core.internal.command.DbValidate     : Successfully validated 2 migrations (execution time 00:00.010s)
2026-10-10T18:34:03.160+05:30  INFO 18694 --- [taskflow] [restartedMain] o.f.core.internal.command.DbMigrate      : Current version of schema "public": 2
2026-10-10T18:34:03.161+05:30  INFO 18694 --- [taskflow] [restartedMain] o.f.core.internal.command.DbMigrate      : Schema "public" is up to date. No migration necessary.
2026-10-10T18:34:03.198+05:30  INFO 18694 --- [taskflow] [restartedMain] org.hibernate.orm.jpa                    : HHH008540: Processing PersistenceUnitInfo [name: default]
2026-10-10T18:34:03.229+05:30  INFO 18694 --- [taskflow] [restartedMain] org.hibernate.orm.core                   : HHH000001: Hibernate ORM core version 7.4.5.Final
2026-10-10T18:34:03.412+05:30  INFO 18694 --- [taskflow] [restartedMain] o.s.o.j.p.SpringPersistenceUnitInfo      : No LoadTimeWeaver setup: ignoring JPA class transformer
2026-10-10T18:34:03.448+05:30  INFO 18694 --- [taskflow] [restartedMain] org.hibernate.orm.connections.pooling    : HHH10001005: Database info:
	Database JDBC URL [jdbc:postgresql://localhost:5432/taskflow]
	Database driver: PostgreSQL JDBC Driver
	Database dialect: PostgreSQLDialect
	Database version: 17.2
	Default catalog/schema: taskflow/public
	Autocommit mode: undefined/unknown
	Isolation level: READ_COMMITTED [default READ_COMMITTED]
	JDBC fetch size: none
	Pool: DataSourceConnectionProvider
	Minimum pool size: undefined/unknown
	Maximum pool size: undefined/unknown
2026-10-10T18:34:03.783+05:30  INFO 18694 --- [taskflow] [restartedMain] org.hibernate.orm.core                   : HHH000489: No JTA platform available (set 'hibernate.transaction.jta.platform' to enable JTA platform integration)
2026-10-10T18:34:03.806+05:30  INFO 18694 --- [taskflow] [restartedMain] j.LocalContainerEntityManagerFactoryBean : Initialized JPA EntityManagerFactory for persistence unit 'default'
2026-10-10T18:34:03.840+05:30  INFO 18694 --- [taskflow] [restartedMain] o.s.d.j.r.query.QueryEnhancerFactories   : Hibernate is in classpath; If applicable, HQL parser will be used.
2026-10-10T18:34:03.970+05:30  WARN 18694 --- [taskflow] [restartedMain] JpaBaseConfiguration$JpaWebConfiguration : spring.jpa.open-in-view is enabled by default. Therefore, database queries may be performed during view rendering. Explicitly configure spring.jpa.open-in-view to disable this warning
2026-10-10T18:34:04.177+05:30  INFO 18694 --- [taskflow] [restartedMain] o.s.b.a.e.web.EndpointLinksResolver      : Exposing 4 endpoints beneath base path '/actuator'
2026-10-10T18:34:04.201+05:30  WARN 18694 --- [taskflow] [restartedMain] ConfigServletWebServerApplicationContext : Exception encountered during context initialization - cancelling refresh attempt: org.springframework.context.ApplicationContextException: Failed to start bean 'webServerStartStop'
2026-10-10T18:34:04.202+05:30  INFO 18694 --- [taskflow] [restartedMain] j.LocalContainerEntityManagerFactoryBean : Closing JPA EntityManagerFactory for persistence unit 'default'
2026-10-10T18:34:04.203+05:30  INFO 18694 --- [taskflow] [restartedMain] com.zaxxer.hikari.HikariDataSource       : HikariPool-1 - Shutdown initiated...
2026-10-10T18:34:04.204+05:30  INFO 18694 --- [taskflow] [restartedMain] com.zaxxer.hikari.HikariDataSource       : HikariPool-1 - Shutdown completed.
2026-10-10T18:34:04.212+05:30  INFO 18694 --- [taskflow] [restartedMain] .s.b.a.l.ConditionEvaluationReportLogger : 

Error starting ApplicationContext. To display the condition evaluation report re-run your application with 'debug' enabled.
2026-10-10T18:34:04.218+05:30 ERROR 18694 --- [taskflow] [restartedMain] o.s.b.d.LoggingFailureAnalysisReporter   : 

***************************
APPLICATION FAILED TO START
***************************

Description:

Web server failed to start. Port 8080 was already in use.

Action:

Identify and stop the process that's listening on port 8080 or configure this application to listen on another port.

2026-10-10T18:38:48.877+05:30  INFO 19034 --- [taskflow] [restartedMain] c.example.taskflow.TaskflowApplication   : Starting TaskflowApplication using Java 22.0.2 with PID 19034 (/Users/janidubomal/Downloads/taskflow/target/classes started by janidubomal in /Users/janidubomal/Downloads/taskflow)
2026-10-10T18:38:48.878+05:30 DEBUG 19034 --- [taskflow] [restartedMain] c.example.taskflow.TaskflowApplication   : Running with Spring Boot v4.1.1, Spring v7.0.9
2026-10-10T18:38:48.878+05:30  INFO 19034 --- [taskflow] [restartedMain] c.example.taskflow.TaskflowApplication   : The following 1 profile is active: "dev"
2026-10-10T18:38:48.903+05:30  INFO 19034 --- [taskflow] [restartedMain] .e.DevToolsPropertyDefaultsPostProcessor : Devtools property defaults active! Set 'spring.devtools.add-properties' to 'false' to disable
2026-10-10T18:38:48.903+05:30  INFO 19034 --- [taskflow] [restartedMain] .e.DevToolsPropertyDefaultsPostProcessor : For additional web related logging consider setting the 'logging.level.web' property to 'DEBUG'
2026-10-10T18:38:49.279+05:30  INFO 19034 --- [taskflow] [restartedMain] .s.d.r.c.RepositoryConfigurationDelegate : Bootstrapping Spring Data JPA repositories in DEFAULT mode.
2026-10-10T18:38:49.297+05:30  INFO 19034 --- [taskflow] [restartedMain] .s.d.r.c.RepositoryConfigurationDelegate : Finished Spring Data repository scanning in 13 ms. Found 1 JPA repository interface.
2026-10-10T18:38:49.510+05:30  INFO 19034 --- [taskflow] [restartedMain] o.s.boot.tomcat.TomcatWebServer          : Tomcat initialized with port 8080 (http)
2026-10-10T18:38:49.519+05:30  INFO 19034 --- [taskflow] [restartedMain] o.apache.catalina.core.StandardService   : Starting service [Tomcat]
2026-10-10T18:38:49.519+05:30  INFO 19034 --- [taskflow] [restartedMain] o.apache.catalina.core.StandardEngine    : Starting Servlet engine: [Apache Tomcat/11.0.24]
2026-10-10T18:38:49.533+05:30  INFO 19034 --- [taskflow] [restartedMain] b.w.c.s.WebApplicationContextInitializer : Root WebApplicationContext: initialization completed in 628 ms
2026-10-10T18:38:49.658+05:30  INFO 19034 --- [taskflow] [restartedMain] com.zaxxer.hikari.HikariDataSource       : HikariPool-1 - Starting...
2026-10-10T18:38:49.742+05:30  INFO 19034 --- [taskflow] [restartedMain] com.zaxxer.hikari.pool.HikariPool        : HikariPool-1 - Added connection org.postgresql.jdbc.PgConnection@23c56170
2026-10-10T18:38:49.743+05:30  INFO 19034 --- [taskflow] [restartedMain] com.zaxxer.hikari.HikariDataSource       : HikariPool-1 - Start completed.
2026-10-10T18:38:49.755+05:30  INFO 19034 --- [taskflow] [restartedMain] org.flywaydb.core.FlywayExecutor         : Database: jdbc:postgresql://localhost:5432/taskflow (PostgreSQL 17.2)
2026-10-10T18:38:49.798+05:30  INFO 19034 --- [taskflow] [restartedMain] o.f.core.internal.command.DbValidate     : Successfully validated 2 migrations (execution time 00:00.020s)
2026-10-10T18:38:49.818+05:30  INFO 19034 --- [taskflow] [restartedMain] o.f.core.internal.command.DbMigrate      : Current version of schema "public": 2
2026-10-10T18:38:49.819+05:30  INFO 19034 --- [taskflow] [restartedMain] o.f.core.internal.command.DbMigrate      : Schema "public" is up to date. No migration necessary.
2026-10-10T18:38:49.853+05:30  INFO 19034 --- [taskflow] [restartedMain] org.hibernate.orm.jpa                    : HHH008540: Processing PersistenceUnitInfo [name: default]
2026-10-10T18:38:49.883+05:30  INFO 19034 --- [taskflow] [restartedMain] org.hibernate.orm.core                   : HHH000001: Hibernate ORM core version 7.4.5.Final
2026-10-10T18:38:50.058+05:30  INFO 19034 --- [taskflow] [restartedMain] o.s.o.j.p.SpringPersistenceUnitInfo      : No LoadTimeWeaver setup: ignoring JPA class transformer
2026-10-10T18:38:50.099+05:30  INFO 19034 --- [taskflow] [restartedMain] org.hibernate.orm.connections.pooling    : HHH10001005: Database info:
	Database JDBC URL [jdbc:postgresql://localhost:5432/taskflow]
	Database driver: PostgreSQL JDBC Driver
	Database dialect: PostgreSQLDialect
	Database version: 17.2
	Default catalog/schema: taskflow/public
	Autocommit mode: undefined/unknown
	Isolation level: READ_COMMITTED [default READ_COMMITTED]
	JDBC fetch size: none
	Pool: DataSourceConnectionProvider
	Minimum pool size: undefined/unknown
	Maximum pool size: undefined/unknown
2026-10-10T18:38:50.459+05:30  INFO 19034 --- [taskflow] [restartedMain] org.hibernate.orm.core                   : HHH000489: No JTA platform available (set 'hibernate.transaction.jta.platform' to enable JTA platform integration)
2026-10-10T18:38:50.485+05:30  INFO 19034 --- [taskflow] [restartedMain] j.LocalContainerEntityManagerFactoryBean : Initialized JPA EntityManagerFactory for persistence unit 'default'
2026-10-10T18:38:50.519+05:30  INFO 19034 --- [taskflow] [restartedMain] o.s.d.j.r.query.QueryEnhancerFactories   : Hibernate is in classpath; If applicable, HQL parser will be used.
2026-10-10T18:38:50.643+05:30  WARN 19034 --- [taskflow] [restartedMain] JpaBaseConfiguration$JpaWebConfiguration : spring.jpa.open-in-view is enabled by default. Therefore, database queries may be performed during view rendering. Explicitly configure spring.jpa.open-in-view to disable this warning
2026-10-10T18:38:50.834+05:30  INFO 19034 --- [taskflow] [restartedMain] o.s.b.a.e.web.EndpointLinksResolver      : Exposing 4 endpoints beneath base path '/actuator'
2026-10-10T18:38:50.859+05:30  WARN 19034 --- [taskflow] [restartedMain] ConfigServletWebServerApplicationContext : Exception encountered during context initialization - cancelling refresh attempt: org.springframework.context.ApplicationContextException: Failed to start bean 'webServerStartStop'
2026-10-10T18:38:50.863+05:30  INFO 19034 --- [taskflow] [restartedMain] j.LocalContainerEntityManagerFactoryBean : Closing JPA EntityManagerFactory for persistence unit 'default'
2026-10-10T18:38:50.864+05:30  INFO 19034 --- [taskflow] [restartedMain] com.zaxxer.hikari.HikariDataSource       : HikariPool-1 - Shutdown initiated...
2026-10-10T18:38:50.865+05:30  INFO 19034 --- [taskflow] [restartedMain] com.zaxxer.hikari.HikariDataSource       : HikariPool-1 - Shutdown completed.
2026-10-10T18:38:50.872+05:30  INFO 19034 --- [taskflow] [restartedMain] .s.b.a.l.ConditionEvaluationReportLogger : 

Error starting ApplicationContext. To display the condition evaluation report re-run your application with 'debug' enabled.
2026-10-10T18:38:50.877+05:30 ERROR 19034 --- [taskflow] [restartedMain] o.s.b.d.LoggingFailureAnalysisReporter   : 

***************************
APPLICATION FAILED TO START
***************************

Description:

Web server failed to start. Port 8080 was already in use.

Action:

Identify and stop the process that's listening on port 8080 or configure this application to listen on another port.

2026-10-10T18:40:10.779+05:30  INFO 19276 --- [taskflow] [restartedMain] c.example.taskflow.TaskflowApplication   : Starting TaskflowApplication using Java 22.0.2 with PID 19276 (/Users/janidubomal/Downloads/taskflow/target/classes started by janidubomal in /Users/janidubomal/Downloads/taskflow)
2026-10-10T18:40:10.780+05:30 DEBUG 19276 --- [taskflow] [restartedMain] c.example.taskflow.TaskflowApplication   : Running with Spring Boot v4.1.1, Spring v7.0.9
2026-10-10T18:40:10.781+05:30  INFO 19276 --- [taskflow] [restartedMain] c.example.taskflow.TaskflowApplication   : The following 1 profile is active: "dev"
2026-10-10T18:40:10.803+05:30  INFO 19276 --- [taskflow] [restartedMain] .e.DevToolsPropertyDefaultsPostProcessor : Devtools property defaults active! Set 'spring.devtools.add-properties' to 'false' to disable
2026-10-10T18:40:10.803+05:30  INFO 19276 --- [taskflow] [restartedMain] .e.DevToolsPropertyDefaultsPostProcessor : For additional web related logging consider setting the 'logging.level.web' property to 'DEBUG'
2026-10-10T18:40:11.169+05:30  INFO 19276 --- [taskflow] [restartedMain] .s.d.r.c.RepositoryConfigurationDelegate : Bootstrapping Spring Data JPA repositories in DEFAULT mode.
2026-10-10T18:40:11.187+05:30  INFO 19276 --- [taskflow] [restartedMain] .s.d.r.c.RepositoryConfigurationDelegate : Finished Spring Data repository scanning in 13 ms. Found 1 JPA repository interface.
2026-10-10T18:40:11.400+05:30  INFO 19276 --- [taskflow] [restartedMain] o.s.boot.tomcat.TomcatWebServer          : Tomcat initialized with port 8080 (http)
2026-10-10T18:40:11.407+05:30  INFO 19276 --- [taskflow] [restartedMain] o.apache.catalina.core.StandardService   : Starting service [Tomcat]
2026-10-10T18:40:11.407+05:30  INFO 19276 --- [taskflow] [restartedMain] o.apache.catalina.core.StandardEngine    : Starting Servlet engine: [Apache Tomcat/11.0.24]
2026-10-10T18:40:11.422+05:30  INFO 19276 --- [taskflow] [restartedMain] b.w.c.s.WebApplicationContextInitializer : Root WebApplicationContext: initialization completed in 619 ms
2026-10-10T18:40:11.545+05:30  INFO 19276 --- [taskflow] [restartedMain] com.zaxxer.hikari.HikariDataSource       : HikariPool-1 - Starting...
2026-10-10T18:40:11.638+05:30  INFO 19276 --- [taskflow] [restartedMain] com.zaxxer.hikari.pool.HikariPool        : HikariPool-1 - Added connection org.postgresql.jdbc.PgConnection@1ce7273e
2026-10-10T18:40:11.639+05:30  INFO 19276 --- [taskflow] [restartedMain] com.zaxxer.hikari.HikariDataSource       : HikariPool-1 - Start completed.
2026-10-10T18:40:11.652+05:30  INFO 19276 --- [taskflow] [restartedMain] org.flywaydb.core.FlywayExecutor         : Database: jdbc:postgresql://localhost:5432/taskflow (PostgreSQL 17.2)
2026-10-10T18:40:11.693+05:30  INFO 19276 --- [taskflow] [restartedMain] o.f.core.internal.command.DbValidate     : Successfully validated 2 migrations (execution time 00:00.013s)
2026-10-10T18:40:11.712+05:30  INFO 19276 --- [taskflow] [restartedMain] o.f.core.internal.command.DbMigrate      : Current version of schema "public": 2
2026-10-10T18:40:11.713+05:30  INFO 19276 --- [taskflow] [restartedMain] o.f.core.internal.command.DbMigrate      : Schema "public" is up to date. No migration necessary.
2026-10-10T18:40:11.749+05:30  INFO 19276 --- [taskflow] [restartedMain] org.hibernate.orm.jpa                    : HHH008540: Processing PersistenceUnitInfo [name: default]
2026-10-10T18:40:11.779+05:30  INFO 19276 --- [taskflow] [restartedMain] org.hibernate.orm.core                   : HHH000001: Hibernate ORM core version 7.4.5.Final
2026-10-10T18:40:11.954+05:30  INFO 19276 --- [taskflow] [restartedMain] o.s.o.j.p.SpringPersistenceUnitInfo      : No LoadTimeWeaver setup: ignoring JPA class transformer
2026-10-10T18:40:11.991+05:30  INFO 19276 --- [taskflow] [restartedMain] org.hibernate.orm.connections.pooling    : HHH10001005: Database info:
	Database JDBC URL [jdbc:postgresql://localhost:5432/taskflow]
	Database driver: PostgreSQL JDBC Driver
	Database dialect: PostgreSQLDialect
	Database version: 17.2
	Default catalog/schema: taskflow/public
	Autocommit mode: undefined/unknown
	Isolation level: READ_COMMITTED [default READ_COMMITTED]
	JDBC fetch size: none
	Pool: DataSourceConnectionProvider
	Minimum pool size: undefined/unknown
	Maximum pool size: undefined/unknown
2026-10-10T18:40:12.319+05:30  INFO 19276 --- [taskflow] [restartedMain] org.hibernate.orm.core                   : HHH000489: No JTA platform available (set 'hibernate.transaction.jta.platform' to enable JTA platform integration)
2026-10-10T18:40:12.351+05:30  INFO 19276 --- [taskflow] [restartedMain] j.LocalContainerEntityManagerFactoryBean : Initialized JPA EntityManagerFactory for persistence unit 'default'
2026-10-10T18:40:12.385+05:30  INFO 19276 --- [taskflow] [restartedMain] o.s.d.j.r.query.QueryEnhancerFactories   : Hibernate is in classpath; If applicable, HQL parser will be used.
2026-10-10T18:40:12.515+05:30  WARN 19276 --- [taskflow] [restartedMain] JpaBaseConfiguration$JpaWebConfiguration : spring.jpa.open-in-view is enabled by default. Therefore, database queries may be performed during view rendering. Explicitly configure spring.jpa.open-in-view to disable this warning
2026-10-10T18:40:12.706+05:30  INFO 19276 --- [taskflow] [restartedMain] o.s.b.a.e.web.EndpointLinksResolver      : Exposing 4 endpoints beneath base path '/actuator'
2026-10-10T18:40:12.730+05:30  WARN 19276 --- [taskflow] [restartedMain] ConfigServletWebServerApplicationContext : Exception encountered during context initialization - cancelling refresh attempt: org.springframework.context.ApplicationContextException: Failed to start bean 'webServerStartStop'
2026-10-10T18:40:12.733+05:30  INFO 19276 --- [taskflow] [restartedMain] j.LocalContainerEntityManagerFactoryBean : Closing JPA EntityManagerFactory for persistence unit 'default'
2026-10-10T18:40:12.735+05:30  INFO 19276 --- [taskflow] [restartedMain] com.zaxxer.hikari.HikariDataSource       : HikariPool-1 - Shutdown initiated...
2026-10-10T18:40:12.736+05:30  INFO 19276 --- [taskflow] [restartedMain] com.zaxxer.hikari.HikariDataSource       : HikariPool-1 - Shutdown completed.
2026-10-10T18:40:12.743+05:30  INFO 19276 --- [taskflow] [restartedMain] .s.b.a.l.ConditionEvaluationReportLogger : 

Error starting ApplicationContext. To display the condition evaluation report re-run your application with 'debug' enabled.
2026-10-10T18:40:12.747+05:30 ERROR 19276 --- [taskflow] [restartedMain] o.s.b.d.LoggingFailureAnalysisReporter   : 

***************************
APPLICATION FAILED TO START
***************************

Description:

Web server failed to start. Port 8080 was already in use.

Action:

Identify and stop the process that's listening on port 8080 or configure this application to listen on another port.

2026-10-10T18:42:10.346+05:30  INFO 19466 --- [taskflow] [restartedMain] c.example.taskflow.TaskflowApplication   : Starting TaskflowApplication using Java 22.0.2 with PID 19466 (/Users/janidubomal/Downloads/taskflow/target/classes started by janidubomal in /Users/janidubomal/Downloads/taskflow)
2026-10-10T18:42:10.347+05:30 DEBUG 19466 --- [taskflow] [restartedMain] c.example.taskflow.TaskflowApplication   : Running with Spring Boot v4.1.1, Spring v7.0.9
2026-10-10T18:42:10.347+05:30  INFO 19466 --- [taskflow] [restartedMain] c.example.taskflow.TaskflowApplication   : The following 1 profile is active: "dev"
2026-10-10T18:42:10.369+05:30  INFO 19466 --- [taskflow] [restartedMain] .e.DevToolsPropertyDefaultsPostProcessor : Devtools property defaults active! Set 'spring.devtools.add-properties' to 'false' to disable
2026-10-10T18:42:10.369+05:30  INFO 19466 --- [taskflow] [restartedMain] .e.DevToolsPropertyDefaultsPostProcessor : For additional web related logging consider setting the 'logging.level.web' property to 'DEBUG'
2026-10-10T18:42:10.762+05:30  INFO 19466 --- [taskflow] [restartedMain] .s.d.r.c.RepositoryConfigurationDelegate : Bootstrapping Spring Data JPA repositories in DEFAULT mode.
2026-10-10T18:42:10.779+05:30  INFO 19466 --- [taskflow] [restartedMain] .s.d.r.c.RepositoryConfigurationDelegate : Finished Spring Data repository scanning in 13 ms. Found 1 JPA repository interface.
2026-10-10T18:42:10.988+05:30  INFO 19466 --- [taskflow] [restartedMain] o.s.boot.tomcat.TomcatWebServer          : Tomcat initialized with port 8080 (http)
2026-10-10T18:42:10.994+05:30  INFO 19466 --- [taskflow] [restartedMain] o.apache.catalina.core.StandardService   : Starting service [Tomcat]
2026-10-10T18:42:10.995+05:30  INFO 19466 --- [taskflow] [restartedMain] o.apache.catalina.core.StandardEngine    : Starting Servlet engine: [Apache Tomcat/11.0.24]
2026-10-10T18:42:11.008+05:30  INFO 19466 --- [taskflow] [restartedMain] b.w.c.s.WebApplicationContextInitializer : Root WebApplicationContext: initialization completed in 638 ms
2026-10-10T18:42:11.128+05:30  INFO 19466 --- [taskflow] [restartedMain] com.zaxxer.hikari.HikariDataSource       : HikariPool-1 - Starting...
2026-10-10T18:42:11.201+05:30  INFO 19466 --- [taskflow] [restartedMain] com.zaxxer.hikari.pool.HikariPool        : HikariPool-1 - Added connection org.postgresql.jdbc.PgConnection@550ec089
2026-10-10T18:42:11.202+05:30  INFO 19466 --- [taskflow] [restartedMain] com.zaxxer.hikari.HikariDataSource       : HikariPool-1 - Start completed.
2026-10-10T18:42:11.209+05:30  INFO 19466 --- [taskflow] [restartedMain] org.flywaydb.core.FlywayExecutor         : Database: jdbc:postgresql://localhost:5432/taskflow (PostgreSQL 17.2)
2026-10-10T18:42:11.236+05:30  INFO 19466 --- [taskflow] [restartedMain] o.f.core.internal.command.DbValidate     : Successfully validated 2 migrations (execution time 00:00.010s)
2026-10-10T18:42:11.256+05:30  INFO 19466 --- [taskflow] [restartedMain] o.f.core.internal.command.DbMigrate      : Current version of schema "public": 2
2026-10-10T18:42:11.257+05:30  INFO 19466 --- [taskflow] [restartedMain] o.f.core.internal.command.DbMigrate      : Schema "public" is up to date. No migration necessary.
2026-10-10T18:42:11.291+05:30  INFO 19466 --- [taskflow] [restartedMain] org.hibernate.orm.jpa                    : HHH008540: Processing PersistenceUnitInfo [name: default]
2026-10-10T18:42:11.320+05:30  INFO 19466 --- [taskflow] [restartedMain] org.hibernate.orm.core                   : HHH000001: Hibernate ORM core version 7.4.5.Final
2026-10-10T18:42:11.496+05:30  INFO 19466 --- [taskflow] [restartedMain] o.s.o.j.p.SpringPersistenceUnitInfo      : No LoadTimeWeaver setup: ignoring JPA class transformer
2026-10-10T18:42:11.532+05:30  INFO 19466 --- [taskflow] [restartedMain] org.hibernate.orm.connections.pooling    : HHH10001005: Database info:
	Database JDBC URL [jdbc:postgresql://localhost:5432/taskflow]
	Database driver: PostgreSQL JDBC Driver
	Database dialect: PostgreSQLDialect
	Database version: 17.2
	Default catalog/schema: taskflow/public
	Autocommit mode: undefined/unknown
	Isolation level: READ_COMMITTED [default READ_COMMITTED]
	JDBC fetch size: none
	Pool: DataSourceConnectionProvider
	Minimum pool size: undefined/unknown
	Maximum pool size: undefined/unknown
2026-10-10T18:42:11.857+05:30  INFO 19466 --- [taskflow] [restartedMain] org.hibernate.orm.core                   : HHH000489: No JTA platform available (set 'hibernate.transaction.jta.platform' to enable JTA platform integration)
2026-10-10T18:42:11.886+05:30  INFO 19466 --- [taskflow] [restartedMain] j.LocalContainerEntityManagerFactoryBean : Initialized JPA EntityManagerFactory for persistence unit 'default'
2026-10-10T18:42:11.919+05:30  INFO 19466 --- [taskflow] [restartedMain] o.s.d.j.r.query.QueryEnhancerFactories   : Hibernate is in classpath; If applicable, HQL parser will be used.
2026-10-10T18:42:12.039+05:30  WARN 19466 --- [taskflow] [restartedMain] JpaBaseConfiguration$JpaWebConfiguration : spring.jpa.open-in-view is enabled by default. Therefore, database queries may be performed during view rendering. Explicitly configure spring.jpa.open-in-view to disable this warning
2026-10-10T18:42:12.230+05:30  INFO 19466 --- [taskflow] [restartedMain] o.s.b.a.e.web.EndpointLinksResolver      : Exposing 4 endpoints beneath base path '/actuator'
2026-10-10T18:42:12.253+05:30  WARN 19466 --- [taskflow] [restartedMain] ConfigServletWebServerApplicationContext : Exception encountered during context initialization - cancelling refresh attempt: org.springframework.context.ApplicationContextException: Failed to start bean 'webServerStartStop'
2026-10-10T18:42:12.254+05:30  INFO 19466 --- [taskflow] [restartedMain] j.LocalContainerEntityManagerFactoryBean : Closing JPA EntityManagerFactory for persistence unit 'default'
2026-10-10T18:42:12.255+05:30  INFO 19466 --- [taskflow] [restartedMain] com.zaxxer.hikari.HikariDataSource       : HikariPool-1 - Shutdown initiated...
2026-10-10T18:42:12.256+05:30  INFO 19466 --- [taskflow] [restartedMain] com.zaxxer.hikari.HikariDataSource       : HikariPool-1 - Shutdown completed.
2026-10-10T18:42:12.262+05:30  INFO 19466 --- [taskflow] [restartedMain] .s.b.a.l.ConditionEvaluationReportLogger : 

Error starting ApplicationContext. To display the condition evaluation report re-run your application with 'debug' enabled.
2026-10-10T18:42:12.268+05:30 ERROR 19466 --- [taskflow] [restartedMain] o.s.b.d.LoggingFailureAnalysisReporter   : 

***************************
APPLICATION FAILED TO START
***************************

Description:

Web server failed to start. Port 8080 was already in use.

Action:

Identify and stop the process that's listening on port 8080 or configure this application to listen on another port.

2026-10-10T18:44:56.818+05:30  INFO 19890 --- [taskflow] [restartedMain] c.example.taskflow.TaskflowApplication   : Starting TaskflowApplication using Java 22.0.2 with PID 19890 (/Users/janidubomal/Downloads/taskflow/target/classes started by janidubomal in /Users/janidubomal/Downloads/taskflow)
2026-10-10T18:44:56.819+05:30 DEBUG 19890 --- [taskflow] [restartedMain] c.example.taskflow.TaskflowApplication   : Running with Spring Boot v4.1.1, Spring v7.0.9
2026-10-10T18:44:56.819+05:30  INFO 19890 --- [taskflow] [restartedMain] c.example.taskflow.TaskflowApplication   : The following 1 profile is active: "dev"
2026-10-10T18:44:56.840+05:30  INFO 19890 --- [taskflow] [restartedMain] .e.DevToolsPropertyDefaultsPostProcessor : Devtools property defaults active! Set 'spring.devtools.add-properties' to 'false' to disable
2026-10-10T18:44:56.840+05:30  INFO 19890 --- [taskflow] [restartedMain] .e.DevToolsPropertyDefaultsPostProcessor : For additional web related logging consider setting the 'logging.level.web' property to 'DEBUG'
2026-10-10T18:44:57.207+05:30  INFO 19890 --- [taskflow] [restartedMain] .s.d.r.c.RepositoryConfigurationDelegate : Bootstrapping Spring Data JPA repositories in DEFAULT mode.
2026-10-10T18:44:57.225+05:30  INFO 19890 --- [taskflow] [restartedMain] .s.d.r.c.RepositoryConfigurationDelegate : Finished Spring Data repository scanning in 15 ms. Found 1 JPA repository interface.
2026-10-10T18:44:57.453+05:30  INFO 19890 --- [taskflow] [restartedMain] o.s.boot.tomcat.TomcatWebServer          : Tomcat initialized with port 8080 (http)
2026-10-10T18:44:57.462+05:30  INFO 19890 --- [taskflow] [restartedMain] o.apache.catalina.core.StandardService   : Starting service [Tomcat]
2026-10-10T18:44:57.462+05:30  INFO 19890 --- [taskflow] [restartedMain] o.apache.catalina.core.StandardEngine    : Starting Servlet engine: [Apache Tomcat/11.0.24]
2026-10-10T18:44:57.481+05:30  INFO 19890 --- [taskflow] [restartedMain] b.w.c.s.WebApplicationContextInitializer : Root WebApplicationContext: initialization completed in 641 ms
2026-10-10T18:44:57.614+05:30  INFO 19890 --- [taskflow] [restartedMain] com.zaxxer.hikari.HikariDataSource       : HikariPool-1 - Starting...
2026-10-10T18:44:57.717+05:30  INFO 19890 --- [taskflow] [restartedMain] com.zaxxer.hikari.pool.HikariPool        : HikariPool-1 - Added connection org.postgresql.jdbc.PgConnection@6f8967af
2026-10-10T18:44:57.717+05:30  INFO 19890 --- [taskflow] [restartedMain] com.zaxxer.hikari.HikariDataSource       : HikariPool-1 - Start completed.
2026-10-10T18:44:57.737+05:30  INFO 19890 --- [taskflow] [restartedMain] org.flywaydb.core.FlywayExecutor         : Database: jdbc:postgresql://localhost:5432/taskflow (PostgreSQL 17.2)
2026-10-10T18:44:57.774+05:30  INFO 19890 --- [taskflow] [restartedMain] o.f.core.internal.command.DbValidate     : Successfully validated 2 migrations (execution time 00:00.013s)
2026-10-10T18:44:57.795+05:30  INFO 19890 --- [taskflow] [restartedMain] o.f.core.internal.command.DbMigrate      : Current version of schema "public": 2
2026-10-10T18:44:57.796+05:30  INFO 19890 --- [taskflow] [restartedMain] o.f.core.internal.command.DbMigrate      : Schema "public" is up to date. No migration necessary.
2026-10-10T18:44:57.833+05:30  INFO 19890 --- [taskflow] [restartedMain] org.hibernate.orm.jpa                    : HHH008540: Processing PersistenceUnitInfo [name: default]
2026-10-10T18:44:57.863+05:30  INFO 19890 --- [taskflow] [restartedMain] org.hibernate.orm.core                   : HHH000001: Hibernate ORM core version 7.4.5.Final
2026-10-10T18:44:58.092+05:30  INFO 19890 --- [taskflow] [restartedMain] o.s.o.j.p.SpringPersistenceUnitInfo      : No LoadTimeWeaver setup: ignoring JPA class transformer
2026-10-10T18:44:58.132+05:30  INFO 19890 --- [taskflow] [restartedMain] org.hibernate.orm.connections.pooling    : HHH10001005: Database info:
	Database JDBC URL [jdbc:postgresql://localhost:5432/taskflow]
	Database driver: PostgreSQL JDBC Driver
	Database dialect: PostgreSQLDialect
	Database version: 17.2
	Default catalog/schema: taskflow/public
	Autocommit mode: undefined/unknown
	Isolation level: READ_COMMITTED [default READ_COMMITTED]
	JDBC fetch size: none
	Pool: DataSourceConnectionProvider
	Minimum pool size: undefined/unknown
	Maximum pool size: undefined/unknown
2026-10-10T18:44:58.492+05:30  INFO 19890 --- [taskflow] [restartedMain] org.hibernate.orm.core                   : HHH000489: No JTA platform available (set 'hibernate.transaction.jta.platform' to enable JTA platform integration)
2026-10-10T18:44:58.522+05:30  INFO 19890 --- [taskflow] [restartedMain] j.LocalContainerEntityManagerFactoryBean : Initialized JPA EntityManagerFactory for persistence unit 'default'
2026-10-10T18:44:58.556+05:30  INFO 19890 --- [taskflow] [restartedMain] o.s.d.j.r.query.QueryEnhancerFactories   : Hibernate is in classpath; If applicable, HQL parser will be used.
2026-10-10T18:44:58.688+05:30  WARN 19890 --- [taskflow] [restartedMain] JpaBaseConfiguration$JpaWebConfiguration : spring.jpa.open-in-view is enabled by default. Therefore, database queries may be performed during view rendering. Explicitly configure spring.jpa.open-in-view to disable this warning
2026-10-10T18:44:58.886+05:30  INFO 19890 --- [taskflow] [restartedMain] o.s.b.a.e.web.EndpointLinksResolver      : Exposing 4 endpoints beneath base path '/actuator'
2026-10-10T18:44:58.912+05:30  WARN 19890 --- [taskflow] [restartedMain] ConfigServletWebServerApplicationContext : Exception encountered during context initialization - cancelling refresh attempt: org.springframework.context.ApplicationContextException: Failed to start bean 'webServerStartStop'
2026-10-10T18:44:58.914+05:30  INFO 19890 --- [taskflow] [restartedMain] j.LocalContainerEntityManagerFactoryBean : Closing JPA EntityManagerFactory for persistence unit 'default'
2026-10-10T18:44:58.915+05:30  INFO 19890 --- [taskflow] [restartedMain] com.zaxxer.hikari.HikariDataSource       : HikariPool-1 - Shutdown initiated...
2026-10-10T18:44:58.916+05:30  INFO 19890 --- [taskflow] [restartedMain] com.zaxxer.hikari.HikariDataSource       : HikariPool-1 - Shutdown completed.
2026-10-10T18:44:58.923+05:30  INFO 19890 --- [taskflow] [restartedMain] .s.b.a.l.ConditionEvaluationReportLogger : 

Error starting ApplicationContext. To display the condition evaluation report re-run your application with 'debug' enabled.
2026-10-10T18:44:58.931+05:30 ERROR 19890 --- [taskflow] [restartedMain] o.s.b.d.LoggingFailureAnalysisReporter   : 

***************************
APPLICATION FAILED TO START
***************************

Description:

Web server failed to start. Port 8080 was already in use.

Action:

Identify and stop the process that's listening on port 8080 or configure this application to listen on another port.

2026-10-10T18:47:36.384+05:30  INFO 20158 --- [taskflow] [restartedMain] c.example.taskflow.TaskflowApplication   : Starting TaskflowApplication using Java 22.0.2 with PID 20158 (/Users/janidubomal/Downloads/taskflow/target/classes started by janidubomal in /Users/janidubomal/Downloads/taskflow)
2026-10-10T18:47:36.386+05:30 DEBUG 20158 --- [taskflow] [restartedMain] c.example.taskflow.TaskflowApplication   : Running with Spring Boot v4.1.1, Spring v7.0.9
2026-10-10T18:47:36.386+05:30  INFO 20158 --- [taskflow] [restartedMain] c.example.taskflow.TaskflowApplication   : The following 1 profile is active: "dev"
2026-10-10T18:47:36.406+05:30  INFO 20158 --- [taskflow] [restartedMain] .e.DevToolsPropertyDefaultsPostProcessor : Devtools property defaults active! Set 'spring.devtools.add-properties' to 'false' to disable
2026-10-10T18:47:36.406+05:30  INFO 20158 --- [taskflow] [restartedMain] .e.DevToolsPropertyDefaultsPostProcessor : For additional web related logging consider setting the 'logging.level.web' property to 'DEBUG'
2026-10-10T18:47:36.776+05:30  INFO 20158 --- [taskflow] [restartedMain] .s.d.r.c.RepositoryConfigurationDelegate : Bootstrapping Spring Data JPA repositories in DEFAULT mode.
2026-10-10T18:47:36.793+05:30  INFO 20158 --- [taskflow] [restartedMain] .s.d.r.c.RepositoryConfigurationDelegate : Finished Spring Data repository scanning in 12 ms. Found 1 JPA repository interface.
2026-10-10T18:47:37.004+05:30  INFO 20158 --- [taskflow] [restartedMain] o.s.boot.tomcat.TomcatWebServer          : Tomcat initialized with port 8080 (http)
2026-10-10T18:47:37.012+05:30  INFO 20158 --- [taskflow] [restartedMain] o.apache.catalina.core.StandardService   : Starting service [Tomcat]
2026-10-10T18:47:37.012+05:30  INFO 20158 --- [taskflow] [restartedMain] o.apache.catalina.core.StandardEngine    : Starting Servlet engine: [Apache Tomcat/11.0.24]
2026-10-10T18:47:37.024+05:30  INFO 20158 --- [taskflow] [restartedMain] b.w.c.s.WebApplicationContextInitializer : Root WebApplicationContext: initialization completed in 618 ms
2026-10-10T18:47:37.148+05:30  INFO 20158 --- [taskflow] [restartedMain] com.zaxxer.hikari.HikariDataSource       : HikariPool-1 - Starting...
2026-10-10T18:47:37.248+05:30  INFO 20158 --- [taskflow] [restartedMain] com.zaxxer.hikari.pool.HikariPool        : HikariPool-1 - Added connection org.postgresql.jdbc.PgConnection@30ad959
2026-10-10T18:47:37.248+05:30  INFO 20158 --- [taskflow] [restartedMain] com.zaxxer.hikari.HikariDataSource       : HikariPool-1 - Start completed.
2026-10-10T18:47:37.263+05:30  INFO 20158 --- [taskflow] [restartedMain] org.flywaydb.core.FlywayExecutor         : Database: jdbc:postgresql://localhost:5432/taskflow (PostgreSQL 17.2)
2026-10-10T18:47:37.303+05:30  INFO 20158 --- [taskflow] [restartedMain] o.f.core.internal.command.DbValidate     : Successfully validated 2 migrations (execution time 00:00.019s)
2026-10-10T18:47:37.321+05:30  INFO 20158 --- [taskflow] [restartedMain] o.f.core.internal.command.DbMigrate      : Current version of schema "public": 2
2026-10-10T18:47:37.322+05:30  INFO 20158 --- [taskflow] [restartedMain] o.f.core.internal.command.DbMigrate      : Schema "public" is up to date. No migration necessary.
2026-10-10T18:47:37.359+05:30  INFO 20158 --- [taskflow] [restartedMain] org.hibernate.orm.jpa                    : HHH008540: Processing PersistenceUnitInfo [name: default]
2026-10-10T18:47:37.389+05:30  INFO 20158 --- [taskflow] [restartedMain] org.hibernate.orm.core                   : HHH000001: Hibernate ORM core version 7.4.5.Final
2026-10-10T18:47:37.568+05:30  INFO 20158 --- [taskflow] [restartedMain] o.s.o.j.p.SpringPersistenceUnitInfo      : No LoadTimeWeaver setup: ignoring JPA class transformer
2026-10-10T18:47:37.606+05:30  INFO 20158 --- [taskflow] [restartedMain] org.hibernate.orm.connections.pooling    : HHH10001005: Database info:
	Database JDBC URL [jdbc:postgresql://localhost:5432/taskflow]
	Database driver: PostgreSQL JDBC Driver
	Database dialect: PostgreSQLDialect
	Database version: 17.2
	Default catalog/schema: taskflow/public
	Autocommit mode: undefined/unknown
	Isolation level: READ_COMMITTED [default READ_COMMITTED]
	JDBC fetch size: none
	Pool: DataSourceConnectionProvider
	Minimum pool size: undefined/unknown
	Maximum pool size: undefined/unknown
2026-10-10T18:47:37.930+05:30  INFO 20158 --- [taskflow] [restartedMain] org.hibernate.orm.core                   : HHH000489: No JTA platform available (set 'hibernate.transaction.jta.platform' to enable JTA platform integration)
2026-10-10T18:47:37.960+05:30  INFO 20158 --- [taskflow] [restartedMain] j.LocalContainerEntityManagerFactoryBean : Initialized JPA EntityManagerFactory for persistence unit 'default'
2026-10-10T18:47:37.994+05:30  INFO 20158 --- [taskflow] [restartedMain] o.s.d.j.r.query.QueryEnhancerFactories   : Hibernate is in classpath; If applicable, HQL parser will be used.
2026-10-10T18:47:38.118+05:30  WARN 20158 --- [taskflow] [restartedMain] JpaBaseConfiguration$JpaWebConfiguration : spring.jpa.open-in-view is enabled by default. Therefore, database queries may be performed during view rendering. Explicitly configure spring.jpa.open-in-view to disable this warning
2026-10-10T18:47:38.309+05:30  INFO 20158 --- [taskflow] [restartedMain] o.s.b.a.e.web.EndpointLinksResolver      : Exposing 4 endpoints beneath base path '/actuator'
2026-10-10T18:47:38.339+05:30  INFO 20158 --- [taskflow] [restartedMain] o.s.boot.tomcat.TomcatWebServer          : Tomcat started on port 8080 (http) with context path '/'
2026-10-10T18:47:38.344+05:30  INFO 20158 --- [taskflow] [restartedMain] c.example.taskflow.TaskflowApplication   : Started TaskflowApplication in 2.156 seconds (process running for 2.341)
2026-10-10T18:47:38.375+05:30  WARN 20158 --- [taskflow] [restartedMain] o.s.core.events.SpringDocAppInitializer  : SpringDoc /v3/api-docs endpoint is enabled by default. To disable it in production, set the property 'springdoc.api-docs.enabled=false'
2026-10-10T18:47:38.376+05:30  WARN 20158 --- [taskflow] [restartedMain] o.s.core.events.SpringDocAppInitializer  : SpringDoc /swagger-ui.html endpoint is enabled by default. To disable it in production, set the property 'springdoc.swagger-ui.enabled=false'
2026-10-10T18:47:46.549+05:30  INFO 20158 --- [taskflow] [http-nio-8080-exec-1] o.a.c.c.C.[Tomcat].[localhost].[/]       : Initializing Spring DispatcherServlet 'dispatcherServlet'
2026-10-10T18:47:46.550+05:30  INFO 20158 --- [taskflow] [http-nio-8080-exec-1] o.s.web.servlet.DispatcherServlet        : Initializing Servlet 'dispatcherServlet'
2026-10-10T18:47:46.553+05:30  INFO 20158 --- [taskflow] [http-nio-8080-exec-1] o.s.web.servlet.DispatcherServlet        : Completed initialization in 3 ms
2026-10-10T18:47:46.840+05:30  INFO 20158 --- [taskflow] [http-nio-8080-exec-10] o.springdoc.api.AbstractOpenApiResource  : Init duration for springdoc-openapi is: 120 ms
2026-10-10T18:52:33.263+05:30  INFO 20158 --- [taskflow] [SpringApplicationShutdownHook] o.s.boot.tomcat.GracefulShutdown         : Commencing graceful shutdown. Waiting for active requests to complete
2026-10-10T18:52:33.271+05:30  INFO 20158 --- [taskflow] [tomcat-shutdown] o.s.boot.tomcat.GracefulShutdown         : Graceful shutdown complete
2026-10-10T18:52:33.281+05:30  INFO 20158 --- [taskflow] [SpringApplicationShutdownHook] j.LocalContainerEntityManagerFactoryBean : Closing JPA EntityManagerFactory for persistence unit 'default'
2026-10-10T18:52:33.290+05:30  INFO 20158 --- [taskflow] [SpringApplicationShutdownHook] com.zaxxer.hikari.HikariDataSource       : HikariPool-1 - Shutdown initiated...
2026-10-10T18:52:33.293+05:30  INFO 20158 --- [taskflow] [SpringApplicationShutdownHook] com.zaxxer.hikari.HikariDataSource       : HikariPool-1 - Shutdown completed.
2026-10-10T18:52:36.916+05:30  INFO 20452 --- [taskflow] [restartedMain] c.example.taskflow.TaskflowApplication   : Starting TaskflowApplication using Java 22.0.2 with PID 20452 (/Users/janidubomal/Downloads/taskflow/target/classes started by janidubomal in /Users/janidubomal/Downloads/taskflow)
2026-10-10T18:52:36.916+05:30 DEBUG 20452 --- [taskflow] [restartedMain] c.example.taskflow.TaskflowApplication   : Running with Spring Boot v4.1.1, Spring v7.0.9
2026-10-10T18:52:36.917+05:30  INFO 20452 --- [taskflow] [restartedMain] c.example.taskflow.TaskflowApplication   : No active profile set, falling back to 1 default profile: "dev"
2026-10-10T18:52:36.942+05:30  INFO 20452 --- [taskflow] [restartedMain] .e.DevToolsPropertyDefaultsPostProcessor : Devtools property defaults active! Set 'spring.devtools.add-properties' to 'false' to disable
2026-10-10T18:52:36.942+05:30  INFO 20452 --- [taskflow] [restartedMain] .e.DevToolsPropertyDefaultsPostProcessor : For additional web related logging consider setting the 'logging.level.web' property to 'DEBUG'
2026-10-10T18:52:37.404+05:30  INFO 20452 --- [taskflow] [restartedMain] .s.d.r.c.RepositoryConfigurationDelegate : Bootstrapping Spring Data JPA repositories in DEFAULT mode.
2026-10-10T18:52:37.425+05:30  INFO 20452 --- [taskflow] [restartedMain] .s.d.r.c.RepositoryConfigurationDelegate : Finished Spring Data repository scanning in 16 ms. Found 1 JPA repository interface.
2026-10-10T18:52:37.669+05:30  INFO 20452 --- [taskflow] [restartedMain] o.s.boot.tomcat.TomcatWebServer          : Tomcat initialized with port 8080 (http)
2026-10-10T18:52:37.676+05:30  INFO 20452 --- [taskflow] [restartedMain] o.apache.catalina.core.StandardService   : Starting service [Tomcat]
2026-10-10T18:52:37.676+05:30  INFO 20452 --- [taskflow] [restartedMain] o.apache.catalina.core.StandardEngine    : Starting Servlet engine: [Apache Tomcat/11.0.24]
2026-10-10T18:52:37.690+05:30  INFO 20452 --- [taskflow] [restartedMain] b.w.c.s.WebApplicationContextInitializer : Root WebApplicationContext: initialization completed in 748 ms
2026-10-10T18:52:37.814+05:30  INFO 20452 --- [taskflow] [restartedMain] com.zaxxer.hikari.HikariDataSource       : HikariPool-1 - Starting...
2026-10-10T18:52:38.881+05:30  WARN 20452 --- [taskflow] [restartedMain] ConfigServletWebServerApplicationContext : Exception encountered during context initialization - cancelling refresh attempt: org.springframework.beans.factory.BeanCreationException: Error creating bean with name 'entityManagerFactory' defined in class path resource [org/springframework/boot/hibernate/autoconfigure/HibernateJpaConfiguration.class]: Failed to initialize dependency 'flywayInitializer' of LoadTimeWeaverAware bean 'entityManagerFactory': Error creating bean with name 'flywayInitializer' defined in class path resource [org/springframework/boot/flyway/autoconfigure/FlywayAutoConfiguration$FlywayConfiguration.class]: Unable to obtain connection from database: FATAL: password authentication failed for user "janidubomal"
-------------------------------------------------------------------------------------------------------
SQL State  : 28P01
Error Code : 0
Message    : FATAL: password authentication failed for user "janidubomal"

2026-10-10T18:52:38.889+05:30  INFO 20452 --- [taskflow] [restartedMain] o.apache.catalina.core.StandardService   : Stopping service [Tomcat]
2026-10-10T18:52:38.906+05:30  INFO 20452 --- [taskflow] [restartedMain] .s.b.a.l.ConditionEvaluationReportLogger : 

Error starting ApplicationContext. To display the condition evaluation report re-run your application with 'debug' enabled.
2026-10-10T18:52:38.913+05:30 ERROR 20452 --- [taskflow] [restartedMain] o.s.boot.SpringApplication               : Application run failed

org.springframework.beans.factory.BeanCreationException: Error creating bean with name 'entityManagerFactory' defined in class path resource [org/springframework/boot/hibernate/autoconfigure/HibernateJpaConfiguration.class]: Failed to initialize dependency 'flywayInitializer' of LoadTimeWeaverAware bean 'entityManagerFactory': Error creating bean with name 'flywayInitializer' defined in class path resource [org/springframework/boot/flyway/autoconfigure/FlywayAutoConfiguration$FlywayConfiguration.class]: Unable to obtain connection from database: FATAL: password authentication failed for user "janidubomal"
-------------------------------------------------------------------------------------------------------
SQL State  : 28P01
Error Code : 0
Message    : FATAL: password authentication failed for user "janidubomal"

	at org.springframework.beans.factory.support.AbstractBeanFactory.doGetBean(AbstractBeanFactory.java:322) ~[spring-beans-7.0.9.jar:7.0.9]
	at org.springframework.beans.factory.support.AbstractBeanFactory.getBean(AbstractBeanFactory.java:201) ~[spring-beans-7.0.9.jar:7.0.9]
	at org.springframework.context.support.AbstractApplicationContext.finishBeanFactoryInitialization(AbstractApplicationContext.java:977) ~[spring-context-7.0.9.jar:7.0.9]
	at org.springframework.context.support.AbstractApplicationContext.refresh(AbstractApplicationContext.java:621) ~[spring-context-7.0.9.jar:7.0.9]
	at org.springframework.boot.web.server.servlet.context.ServletWebServerApplicationContext.refresh(ServletWebServerApplicationContext.java:143) ~[spring-boot-web-server-4.1.1.jar:4.1.1]
	at org.springframework.boot.SpringApplication.refresh(SpringApplication.java:756) ~[spring-boot-4.1.1.jar:4.1.1]
	at org.springframework.boot.SpringApplication.refreshContext(SpringApplication.java:445) ~[spring-boot-4.1.1.jar:4.1.1]
	at org.springframework.boot.SpringApplication.run(SpringApplication.java:321) ~[spring-boot-4.1.1.jar:4.1.1]
	at org.springframework.boot.SpringApplication.run(SpringApplication.java:1365) ~[spring-boot-4.1.1.jar:4.1.1]
	at org.springframework.boot.SpringApplication.run(SpringApplication.java:1354) ~[spring-boot-4.1.1.jar:4.1.1]
	at com.example.taskflow.TaskflowApplication.main(TaskflowApplication.java:10) ~[classes/:na]
	at java.base/jdk.internal.reflect.DirectMethodHandleAccessor.invoke(DirectMethodHandleAccessor.java:103) ~[na:na]
	at java.base/java.lang.reflect.Method.invoke(Method.java:580) ~[na:na]
	at org.springframework.boot.devtools.restart.RestartLauncher.run(RestartLauncher.java:52) ~[spring-boot-devtools-4.1.1.jar:4.1.1]
Caused by: org.springframework.beans.factory.BeanCreationException: Error creating bean with name 'flywayInitializer' defined in class path resource [org/springframework/boot/flyway/autoconfigure/FlywayAutoConfiguration$FlywayConfiguration.class]: Unable to obtain connection from database: FATAL: password authentication failed for user "janidubomal"
-------------------------------------------------------------------------------------------------------
SQL State  : 28P01
Error Code : 0
Message    : FATAL: password authentication failed for user "janidubomal"

	at org.springframework.beans.factory.support.AbstractAutowireCapableBeanFactory.initializeBean(AbstractAutowireCapableBeanFactory.java:1815) ~[spring-beans-7.0.9.jar:7.0.9]
	at org.springframework.beans.factory.support.AbstractAutowireCapableBeanFactory.doCreateBean(AbstractAutowireCapableBeanFactory.java:603) ~[spring-beans-7.0.9.jar:7.0.9]
	at org.springframework.beans.factory.support.AbstractAutowireCapableBeanFactory.createBean(AbstractAutowireCapableBeanFactory.java:525) ~[spring-beans-7.0.9.jar:7.0.9]
	at org.springframework.beans.factory.support.AbstractBeanFactory.lambda$doGetBean$0(AbstractBeanFactory.java:333) ~[spring-beans-7.0.9.jar:7.0.9]
	at org.springframework.beans.factory.support.DefaultSingletonBeanRegistry.getSingleton(DefaultSingletonBeanRegistry.java:371) ~[spring-beans-7.0.9.jar:7.0.9]
	at org.springframework.beans.factory.support.AbstractBeanFactory.doGetBean(AbstractBeanFactory.java:331) ~[spring-beans-7.0.9.jar:7.0.9]
	at org.springframework.beans.factory.support.AbstractBeanFactory.getBean(AbstractBeanFactory.java:196) ~[spring-beans-7.0.9.jar:7.0.9]
	at org.springframework.beans.factory.support.AbstractBeanFactory.doGetBean(AbstractBeanFactory.java:309) ~[spring-beans-7.0.9.jar:7.0.9]
	... 13 common frames omitted
Caused by: org.flywaydb.core.internal.exception.sqlExceptions.FlywaySqlUnableToConnectToDbException: Unable to obtain connection from database: FATAL: password authentication failed for user "janidubomal"
-------------------------------------------------------------------------------------------------------
SQL State  : 28P01
Error Code : 0
Message    : FATAL: password authentication failed for user "janidubomal"

	at org.flywaydb.core.internal.jdbc.JdbcUtils.openConnection(JdbcUtils.java:78) ~[flyway-core-12.4.0.jar:na]
	at org.flywaydb.core.internal.jdbc.JdbcConnectionFactory.<init>(JdbcConnectionFactory.java:76) ~[flyway-core-12.4.0.jar:na]
	at org.flywaydb.core.FlywayExecutor.init(FlywayExecutor.java:275) ~[flyway-core-12.4.0.jar:na]
	at org.flywaydb.core.FlywayExecutor.execute(FlywayExecutor.java:120) ~[flyway-core-12.4.0.jar:na]
	at org.flywaydb.core.Flyway.migrate(Flyway.java:181) ~[flyway-core-12.4.0.jar:na]
	at org.springframework.boot.flyway.autoconfigure.FlywayMigrationInitializer.afterPropertiesSet(FlywayMigrationInitializer.java:67) ~[spring-boot-flyway-4.1.1.jar:4.1.1]
	at org.springframework.beans.factory.support.AbstractAutowireCapableBeanFactory.invokeInitMethods(AbstractAutowireCapableBeanFactory.java:1862) ~[spring-beans-7.0.9.jar:7.0.9]
	at org.springframework.beans.factory.support.AbstractAutowireCapableBeanFactory.initializeBean(AbstractAutowireCapableBeanFactory.java:1811) ~[spring-beans-7.0.9.jar:7.0.9]
	... 20 common frames omitted
Caused by: org.postgresql.util.PSQLException: FATAL: password authentication failed for user "janidubomal"
	at org.postgresql.core.v3.ConnectionFactoryImpl.doAuthentication(ConnectionFactoryImpl.java:837) ~[postgresql-42.7.13.jar:42.7.13]
	at org.postgresql.core.v3.ConnectionFactoryImpl.tryConnect(ConnectionFactoryImpl.java:309) ~[postgresql-42.7.13.jar:42.7.13]
	at org.postgresql.core.v3.ConnectionFactoryImpl.openConnectionImpl(ConnectionFactoryImpl.java:367) ~[postgresql-42.7.13.jar:42.7.13]
	at org.postgresql.core.ConnectionFactory.openConnection(ConnectionFactory.java:52) ~[postgresql-42.7.13.jar:42.7.13]
	at org.postgresql.jdbc.PgConnection.<init>(PgConnection.java:295) ~[postgresql-42.7.13.jar:42.7.13]
	at org.postgresql.Driver.makeConnection(Driver.java:437) ~[postgresql-42.7.13.jar:42.7.13]
	at org.postgresql.Driver.connect(Driver.java:305) ~[postgresql-42.7.13.jar:42.7.13]
	at com.zaxxer.hikari.util.DriverDataSource.getConnection(DriverDataSource.java:144) ~[HikariCP-7.0.2.jar:na]
	at com.zaxxer.hikari.pool.PoolBase.newConnection(PoolBase.java:373) ~[HikariCP-7.0.2.jar:na]
	at com.zaxxer.hikari.pool.PoolBase.newPoolEntry(PoolBase.java:210) ~[HikariCP-7.0.2.jar:na]
	at com.zaxxer.hikari.pool.HikariPool.createPoolEntry(HikariPool.java:488) ~[HikariCP-7.0.2.jar:na]
	at com.zaxxer.hikari.pool.HikariPool.checkFailFast(HikariPool.java:576) ~[HikariCP-7.0.2.jar:na]
	at com.zaxxer.hikari.pool.HikariPool.<init>(HikariPool.java:97) ~[HikariCP-7.0.2.jar:na]
	at com.zaxxer.hikari.HikariDataSource.getConnection(HikariDataSource.java:111) ~[HikariCP-7.0.2.jar:na]
	at org.flywaydb.core.internal.jdbc.JdbcUtils.openConnection(JdbcUtils.java:73) ~[flyway-core-12.4.0.jar:na]
	... 27 common frames omitted

2026-10-10T18:52:48.910+05:30  INFO 20589 --- [taskflow] [restartedMain] c.example.taskflow.TaskflowApplication   : Starting TaskflowApplication using Java 22.0.2 with PID 20589 (/Users/janidubomal/Downloads/taskflow/target/classes started by janidubomal in /Users/janidubomal/Downloads/taskflow)
2026-10-10T18:52:48.911+05:30 DEBUG 20589 --- [taskflow] [restartedMain] c.example.taskflow.TaskflowApplication   : Running with Spring Boot v4.1.1, Spring v7.0.9
2026-10-10T18:52:48.911+05:30  INFO 20589 --- [taskflow] [restartedMain] c.example.taskflow.TaskflowApplication   : The following 1 profile is active: "dev"
2026-10-10T18:52:48.930+05:30  INFO 20589 --- [taskflow] [restartedMain] .e.DevToolsPropertyDefaultsPostProcessor : Devtools property defaults active! Set 'spring.devtools.add-properties' to 'false' to disable
2026-10-10T18:52:48.931+05:30  INFO 20589 --- [taskflow] [restartedMain] .e.DevToolsPropertyDefaultsPostProcessor : For additional web related logging consider setting the 'logging.level.web' property to 'DEBUG'
2026-10-10T18:52:49.275+05:30  INFO 20589 --- [taskflow] [restartedMain] .s.d.r.c.RepositoryConfigurationDelegate : Bootstrapping Spring Data JPA repositories in DEFAULT mode.
2026-10-10T18:52:49.293+05:30  INFO 20589 --- [taskflow] [restartedMain] .s.d.r.c.RepositoryConfigurationDelegate : Finished Spring Data repository scanning in 14 ms. Found 1 JPA repository interface.
2026-10-10T18:52:49.517+05:30  INFO 20589 --- [taskflow] [restartedMain] o.s.boot.tomcat.TomcatWebServer          : Tomcat initialized with port 8080 (http)
2026-10-10T18:52:49.523+05:30  INFO 20589 --- [taskflow] [restartedMain] o.apache.catalina.core.StandardService   : Starting service [Tomcat]
2026-10-10T18:52:49.523+05:30  INFO 20589 --- [taskflow] [restartedMain] o.apache.catalina.core.StandardEngine    : Starting Servlet engine: [Apache Tomcat/11.0.24]
2026-10-10T18:52:49.538+05:30  INFO 20589 --- [taskflow] [restartedMain] b.w.c.s.WebApplicationContextInitializer : Root WebApplicationContext: initialization completed in 607 ms
2026-10-10T18:52:49.662+05:30  INFO 20589 --- [taskflow] [restartedMain] com.zaxxer.hikari.HikariDataSource       : HikariPool-1 - Starting...
2026-10-10T18:52:50.104+05:30  INFO 20589 --- [taskflow] [restartedMain] com.zaxxer.hikari.pool.HikariPool        : HikariPool-1 - Added connection org.postgresql.jdbc.PgConnection@5214c472
2026-10-10T18:52:50.106+05:30  INFO 20589 --- [taskflow] [restartedMain] com.zaxxer.hikari.HikariDataSource       : HikariPool-1 - Start completed.
2026-10-10T18:52:50.138+05:30  INFO 20589 --- [taskflow] [restartedMain] org.flywaydb.core.FlywayExecutor         : Database: jdbc:postgresql://localhost:5432/taskflow (PostgreSQL 17.2)
2026-10-10T18:52:50.186+05:30  INFO 20589 --- [taskflow] [restartedMain] o.f.core.internal.command.DbValidate     : Successfully validated 2 migrations (execution time 00:00.016s)
2026-10-10T18:52:50.210+05:30  INFO 20589 --- [taskflow] [restartedMain] o.f.core.internal.command.DbMigrate      : Current version of schema "public": 2
2026-10-10T18:52:50.212+05:30  INFO 20589 --- [taskflow] [restartedMain] o.f.core.internal.command.DbMigrate      : Schema "public" is up to date. No migration necessary.
2026-10-10T18:52:50.256+05:30  INFO 20589 --- [taskflow] [restartedMain] org.hibernate.orm.jpa                    : HHH008540: Processing PersistenceUnitInfo [name: default]
2026-10-10T18:52:50.286+05:30  INFO 20589 --- [taskflow] [restartedMain] org.hibernate.orm.core                   : HHH000001: Hibernate ORM core version 7.4.5.Final
2026-10-10T18:52:50.734+05:30  INFO 20589 --- [taskflow] [restartedMain] o.s.o.j.p.SpringPersistenceUnitInfo      : No LoadTimeWeaver setup: ignoring JPA class transformer
2026-10-10T18:52:50.776+05:30  INFO 20589 --- [taskflow] [restartedMain] org.hibernate.orm.connections.pooling    : HHH10001005: Database info:
	Database JDBC URL [jdbc:postgresql://localhost:5432/taskflow]
	Database driver: PostgreSQL JDBC Driver
	Database dialect: PostgreSQLDialect
	Database version: 17.2
	Default catalog/schema: taskflow/public
	Autocommit mode: undefined/unknown
	Isolation level: READ_COMMITTED [default READ_COMMITTED]
	JDBC fetch size: none
	Pool: DataSourceConnectionProvider
	Minimum pool size: undefined/unknown
	Maximum pool size: undefined/unknown
2026-10-10T18:52:51.199+05:30  INFO 20589 --- [taskflow] [restartedMain] org.hibernate.orm.core                   : HHH000489: No JTA platform available (set 'hibernate.transaction.jta.platform' to enable JTA platform integration)
2026-10-10T18:52:51.228+05:30  INFO 20589 --- [taskflow] [restartedMain] j.LocalContainerEntityManagerFactoryBean : Initialized JPA EntityManagerFactory for persistence unit 'default'
2026-10-10T18:52:51.261+05:30  INFO 20589 --- [taskflow] [restartedMain] o.s.d.j.r.query.QueryEnhancerFactories   : Hibernate is in classpath; If applicable, HQL parser will be used.
2026-10-10T18:52:51.375+05:30  WARN 20589 --- [taskflow] [restartedMain] JpaBaseConfiguration$JpaWebConfiguration : spring.jpa.open-in-view is enabled by default. Therefore, database queries may be performed during view rendering. Explicitly configure spring.jpa.open-in-view to disable this warning
2026-10-10T18:52:51.663+05:30  INFO 20589 --- [taskflow] [restartedMain] o.s.b.a.e.web.EndpointLinksResolver      : Exposing 4 endpoints beneath base path '/actuator'
2026-10-10T18:52:51.693+05:30  INFO 20589 --- [taskflow] [restartedMain] o.s.boot.tomcat.TomcatWebServer          : Tomcat started on port 8080 (http) with context path '/'
2026-10-10T18:52:51.698+05:30  INFO 20589 --- [taskflow] [restartedMain] c.example.taskflow.TaskflowApplication   : Started TaskflowApplication in 2.956 seconds (process running for 3.12)
2026-10-10T18:52:51.729+05:30  WARN 20589 --- [taskflow] [restartedMain] o.s.core.events.SpringDocAppInitializer  : SpringDoc /v3/api-docs endpoint is enabled by default. To disable it in production, set the property 'springdoc.api-docs.enabled=false'
2026-10-10T18:52:51.729+05:30  WARN 20589 --- [taskflow] [restartedMain] o.s.core.events.SpringDocAppInitializer  : SpringDoc /swagger-ui.html endpoint is enabled by default. To disable it in production, set the property 'springdoc.swagger-ui.enabled=false'
2026-10-10T18:52:56.818+05:30  INFO 20589 --- [taskflow] [http-nio-8080-exec-1] o.a.c.c.C.[Tomcat].[localhost].[/]       : Initializing Spring DispatcherServlet 'dispatcherServlet'
2026-10-10T18:52:56.819+05:30  INFO 20589 --- [taskflow] [http-nio-8080-exec-1] o.s.web.servlet.DispatcherServlet        : Initializing Servlet 'dispatcherServlet'
2026-10-10T18:52:56.822+05:30  INFO 20589 --- [taskflow] [http-nio-8080-exec-1] o.s.web.servlet.DispatcherServlet        : Completed initialization in 3 ms
2026-10-10T18:52:57.109+05:30  INFO 20589 --- [taskflow] [http-nio-8080-exec-4] o.springdoc.api.AbstractOpenApiResource  : Init duration for springdoc-openapi is: 128 ms
2026-10-10T19:06:36.048+05:30  INFO 20589 --- [taskflow] [SpringApplicationShutdownHook] o.s.boot.tomcat.GracefulShutdown         : Commencing graceful shutdown. Waiting for active requests to complete
2026-10-10T19:06:36.054+05:30  INFO 20589 --- [taskflow] [tomcat-shutdown] o.s.boot.tomcat.GracefulShutdown         : Graceful shutdown complete
2026-10-10T19:06:36.062+05:30  INFO 20589 --- [taskflow] [SpringApplicationShutdownHook] j.LocalContainerEntityManagerFactoryBean : Closing JPA EntityManagerFactory for persistence unit 'default'
2026-10-10T19:06:36.069+05:30  INFO 20589 --- [taskflow] [SpringApplicationShutdownHook] com.zaxxer.hikari.HikariDataSource       : HikariPool-1 - Shutdown initiated...
2026-10-10T19:06:36.071+05:30  INFO 20589 --- [taskflow] [SpringApplicationShutdownHook] com.zaxxer.hikari.HikariDataSource       : HikariPool-1 - Shutdown completed.
2026-10-10T19:06:42.341+05:30  INFO 21218 --- [taskflow] [restartedMain] c.example.taskflow.TaskflowApplication   : Starting TaskflowApplication using Java 22.0.2 with PID 21218 (/Users/janidubomal/Downloads/taskflow/target/classes started by janidubomal in /Users/janidubomal/Downloads/taskflow)
2026-10-10T19:06:42.343+05:30 DEBUG 21218 --- [taskflow] [restartedMain] c.example.taskflow.TaskflowApplication   : Running with Spring Boot v4.1.1, Spring v7.0.9
2026-10-10T19:06:42.343+05:30  INFO 21218 --- [taskflow] [restartedMain] c.example.taskflow.TaskflowApplication   : The following 1 profile is active: "dev"
2026-10-10T19:06:42.363+05:30  INFO 21218 --- [taskflow] [restartedMain] .e.DevToolsPropertyDefaultsPostProcessor : Devtools property defaults active! Set 'spring.devtools.add-properties' to 'false' to disable
2026-10-10T19:06:42.363+05:30  INFO 21218 --- [taskflow] [restartedMain] .e.DevToolsPropertyDefaultsPostProcessor : For additional web related logging consider setting the 'logging.level.web' property to 'DEBUG'
2026-10-10T19:06:42.734+05:30  INFO 21218 --- [taskflow] [restartedMain] .s.d.r.c.RepositoryConfigurationDelegate : Bootstrapping Spring Data JPA repositories in DEFAULT mode.
2026-10-10T19:06:42.752+05:30  INFO 21218 --- [taskflow] [restartedMain] .s.d.r.c.RepositoryConfigurationDelegate : Finished Spring Data repository scanning in 14 ms. Found 1 JPA repository interface.
2026-10-10T19:06:42.978+05:30  INFO 21218 --- [taskflow] [restartedMain] o.s.boot.tomcat.TomcatWebServer          : Tomcat initialized with port 8080 (http)
2026-10-10T19:06:42.985+05:30  INFO 21218 --- [taskflow] [restartedMain] o.apache.catalina.core.StandardService   : Starting service [Tomcat]
2026-10-10T19:06:42.985+05:30  INFO 21218 --- [taskflow] [restartedMain] o.apache.catalina.core.StandardEngine    : Starting Servlet engine: [Apache Tomcat/11.0.24]
2026-10-10T19:06:42.998+05:30  INFO 21218 --- [taskflow] [restartedMain] b.w.c.s.WebApplicationContextInitializer : Root WebApplicationContext: initialization completed in 635 ms
2026-10-10T19:06:43.121+05:30  INFO 21218 --- [taskflow] [restartedMain] com.zaxxer.hikari.HikariDataSource       : HikariPool-1 - Starting...
2026-10-10T19:06:43.202+05:30  INFO 21218 --- [taskflow] [restartedMain] com.zaxxer.hikari.pool.HikariPool        : HikariPool-1 - Added connection org.postgresql.jdbc.PgConnection@ebfb604
2026-10-10T19:06:43.203+05:30  INFO 21218 --- [taskflow] [restartedMain] com.zaxxer.hikari.HikariDataSource       : HikariPool-1 - Start completed.
2026-10-10T19:06:43.218+05:30  INFO 21218 --- [taskflow] [restartedMain] org.flywaydb.core.FlywayExecutor         : Database: jdbc:postgresql://localhost:5432/taskflow (PostgreSQL 17.2)
2026-10-10T19:06:43.250+05:30  INFO 21218 --- [taskflow] [restartedMain] o.f.core.internal.command.DbValidate     : Successfully validated 2 migrations (execution time 00:00.012s)
2026-10-10T19:06:43.270+05:30  INFO 21218 --- [taskflow] [restartedMain] o.f.core.internal.command.DbMigrate      : Current version of schema "public": 2
2026-10-10T19:06:43.271+05:30  INFO 21218 --- [taskflow] [restartedMain] o.f.core.internal.command.DbMigrate      : Schema "public" is up to date. No migration necessary.
2026-10-10T19:06:43.306+05:30  INFO 21218 --- [taskflow] [restartedMain] org.hibernate.orm.jpa                    : HHH008540: Processing PersistenceUnitInfo [name: default]
2026-10-10T19:06:43.337+05:30  INFO 21218 --- [taskflow] [restartedMain] org.hibernate.orm.core                   : HHH000001: Hibernate ORM core version 7.4.5.Final
2026-10-10T19:06:43.511+05:30  INFO 21218 --- [taskflow] [restartedMain] o.s.o.j.p.SpringPersistenceUnitInfo      : No LoadTimeWeaver setup: ignoring JPA class transformer
2026-10-10T19:06:43.549+05:30  INFO 21218 --- [taskflow] [restartedMain] org.hibernate.orm.connections.pooling    : HHH10001005: Database info:
	Database JDBC URL [jdbc:postgresql://localhost:5432/taskflow]
	Database driver: PostgreSQL JDBC Driver
	Database dialect: PostgreSQLDialect
	Database version: 17.2
	Default catalog/schema: taskflow/public
	Autocommit mode: undefined/unknown
	Isolation level: READ_COMMITTED [default READ_COMMITTED]
	JDBC fetch size: none
	Pool: DataSourceConnectionProvider
	Minimum pool size: undefined/unknown
	Maximum pool size: undefined/unknown
2026-10-10T19:06:43.875+05:30  INFO 21218 --- [taskflow] [restartedMain] org.hibernate.orm.core                   : HHH000489: No JTA platform available (set 'hibernate.transaction.jta.platform' to enable JTA platform integration)
2026-10-10T19:06:43.905+05:30  INFO 21218 --- [taskflow] [restartedMain] j.LocalContainerEntityManagerFactoryBean : Initialized JPA EntityManagerFactory for persistence unit 'default'
2026-10-10T19:06:43.939+05:30  INFO 21218 --- [taskflow] [restartedMain] o.s.d.j.r.query.QueryEnhancerFactories   : Hibernate is in classpath; If applicable, HQL parser will be used.
2026-10-10T19:06:44.042+05:30  WARN 21218 --- [taskflow] [restartedMain] JpaBaseConfiguration$JpaWebConfiguration : spring.jpa.open-in-view is enabled by default. Therefore, database queries may be performed during view rendering. Explicitly configure spring.jpa.open-in-view to disable this warning
2026-10-10T19:06:44.227+05:30  INFO 21218 --- [taskflow] [restartedMain] o.s.b.a.e.web.EndpointLinksResolver      : Exposing 4 endpoints beneath base path '/actuator'
2026-10-10T19:06:44.254+05:30  INFO 21218 --- [taskflow] [restartedMain] o.s.boot.tomcat.TomcatWebServer          : Tomcat started on port 8080 (http) with context path '/'
2026-10-10T19:06:44.262+05:30  INFO 21218 --- [taskflow] [restartedMain] c.example.taskflow.TaskflowApplication   : Started TaskflowApplication in 2.12 seconds (process running for 2.309)
2026-10-10T19:06:44.293+05:30  WARN 21218 --- [taskflow] [restartedMain] o.s.core.events.SpringDocAppInitializer  : SpringDoc /v3/api-docs endpoint is enabled by default. To disable it in production, set the property 'springdoc.api-docs.enabled=false'
2026-10-10T19:06:44.293+05:30  WARN 21218 --- [taskflow] [restartedMain] o.s.core.events.SpringDocAppInitializer  : SpringDoc /swagger-ui.html endpoint is enabled by default. To disable it in production, set the property 'springdoc.swagger-ui.enabled=false'
2026-10-10T19:06:55.544+05:30  INFO 21218 --- [taskflow] [http-nio-8080-exec-1] o.a.c.c.C.[Tomcat].[localhost].[/]       : Initializing Spring DispatcherServlet 'dispatcherServlet'
2026-10-10T19:06:55.545+05:30  INFO 21218 --- [taskflow] [http-nio-8080-exec-1] o.s.web.servlet.DispatcherServlet        : Initializing Servlet 'dispatcherServlet'
2026-10-10T19:06:55.548+05:30  INFO 21218 --- [taskflow] [http-nio-8080-exec-1] o.s.web.servlet.DispatcherServlet        : Completed initialization in 2 ms
2026-10-10T19:06:55.805+05:30  INFO 21218 --- [taskflow] [http-nio-8080-exec-4] o.springdoc.api.AbstractOpenApiResource  : Init duration for springdoc-openapi is: 144 ms
2026-10-10T19:08:07.402+05:30  INFO 21447 --- [taskflow] [main] c.e.t.repository.TaskRepositoryTest      : Starting TaskRepositoryTest using Java 22.0.2 with PID 21447 (started by janidubomal in /Users/janidubomal/Downloads/taskflow)
2026-10-10T19:08:07.403+05:30 DEBUG 21447 --- [taskflow] [main] c.e.t.repository.TaskRepositoryTest      : Running with Spring Boot v4.1.1, Spring v7.0.9
2026-10-10T19:08:07.403+05:30  INFO 21447 --- [taskflow] [main] c.e.t.repository.TaskRepositoryTest      : No active profile set, falling back to 1 default profile: "dev"
2026-10-10T19:08:07.561+05:30  INFO 21447 --- [taskflow] [main] .s.d.r.c.RepositoryConfigurationDelegate : Bootstrapping Spring Data JPA repositories in DEFAULT mode.
2026-10-10T19:08:07.584+05:30  INFO 21447 --- [taskflow] [main] .s.d.r.c.RepositoryConfigurationDelegate : Finished Spring Data repository scanning in 18 ms. Found 1 JPA repository interface.
2026-10-10T19:08:07.610+05:30  INFO 21447 --- [taskflow] [main] beddedDataSourceBeanFactoryPostProcessor : Replacing 'dataSource' DataSource bean with embedded version
2026-10-10T19:08:07.652+05:30  INFO 21447 --- [taskflow] [main] o.s.j.d.e.EmbeddedDatabaseFactory        : Starting embedded database: url='jdbc:h2:mem:8a7549df-d8b2-46d2-8533-c4004072dc1b;DB_CLOSE_DELAY=-1;DB_CLOSE_ON_EXIT=false', username='sa'
2026-10-10T19:08:07.782+05:30  INFO 21447 --- [taskflow] [main] org.hibernate.orm.jpa                    : HHH008540: Processing PersistenceUnitInfo [name: default]
2026-10-10T19:08:07.818+05:30  INFO 21447 --- [taskflow] [main] org.hibernate.orm.core                   : HHH000001: Hibernate ORM core version 7.4.5.Final
2026-10-10T19:08:07.998+05:30  INFO 21447 --- [taskflow] [main] o.s.o.j.p.SpringPersistenceUnitInfo      : No LoadTimeWeaver setup: ignoring JPA class transformer
2026-10-10T19:08:08.034+05:30  INFO 21447 --- [taskflow] [main] org.hibernate.orm.connections.pooling    : HHH10001005: Database info:
	Database JDBC URL [jdbc:h2:mem:8a7549df-d8b2-46d2-8533-c4004072dc1b]
	Database driver: H2 JDBC Driver
	Database dialect: H2Dialect
	Database version: 2.4.240
	Default catalog/schema: 8A7549DF-D8B2-46D2-8533-C4004072DC1B/PUBLIC
	Autocommit mode: undefined/unknown
	Isolation level: READ_COMMITTED [default READ_COMMITTED]
	JDBC fetch size: 100
	Pool: DataSourceConnectionProvider
	Minimum pool size: undefined/unknown
	Maximum pool size: undefined/unknown
2026-10-10T19:08:08.375+05:30  INFO 21447 --- [taskflow] [main] org.hibernate.orm.core                   : HHH000489: No JTA platform available (set 'hibernate.transaction.jta.platform' to enable JTA platform integration)
2026-10-10T19:08:08.389+05:30  INFO 21447 --- [taskflow] [main] j.LocalContainerEntityManagerFactoryBean : Initialized JPA EntityManagerFactory for persistence unit 'default'
2026-10-10T19:08:08.430+05:30  INFO 21447 --- [taskflow] [main] o.s.d.j.r.query.QueryEnhancerFactories   : Hibernate is in classpath; If applicable, HQL parser will be used.
2026-10-10T19:08:08.508+05:30  INFO 21447 --- [taskflow] [main] c.e.t.repository.TaskRepositoryTest      : Started TaskRepositoryTest in 1.293 seconds (process running for 1.942)
2026-10-10T19:08:09.137+05:30  INFO 21447 --- [taskflow] [main] org.testcontainers.images.PullPolicy     : Image pull policy will be performed by: DefaultPullPolicy()
2026-10-10T19:08:09.138+05:30  INFO 21447 --- [taskflow] [main] o.t.utility.ImageNameSubstitutor         : Image name substitution will be performed by: DefaultImageNameSubstitutor (composite of 'ConfigurationFileImageNameSubstitutor' and 'PrefixingImageNameSubstitutor')
2026-10-10T19:08:09.145+05:30  INFO 21447 --- [taskflow] [main] org.testcontainers.DockerClientFactory   : Testcontainers version: 2.0.5
2026-10-10T19:08:09.260+05:30  INFO 21447 --- [taskflow] [main] o.t.d.DockerClientProviderStrategy       : Loaded org.testcontainers.dockerclient.UnixSocketClientProviderStrategy from ~/.testcontainers.properties, will try it first
2026-10-10T19:08:11.214+05:30  INFO 21447 --- [taskflow] [main] o.t.d.DockerClientProviderStrategy       : Found Docker environment with local Unix socket (unix:///var/run/docker.sock)
2026-10-10T19:08:11.216+05:30  INFO 21447 --- [taskflow] [main] org.testcontainers.DockerClientFactory   : Docker host IP address is localhost
2026-10-10T19:08:11.225+05:30  INFO 21447 --- [taskflow] [main] org.testcontainers.DockerClientFactory   : Connected to docker: 
  Server Version: 27.4.0
  API Version: 1.47
  Operating System: Docker Desktop
  Total Memory: 3919 MB
  Labels: 
    com.docker.desktop.address=unix:///Users/janidubomal/Library/Containers/com.docker.docker/Data/docker-cli.sock
2026-10-10T19:08:11.249+05:30  INFO 21447 --- [taskflow] [main] tc.testcontainers/ryuk:0.14.0            : Creating container for image: testcontainers/ryuk:0.14.0
2026-10-10T19:08:11.497+05:30  INFO 21447 --- [taskflow] [main] tc.testcontainers/ryuk:0.14.0            : Container testcontainers/ryuk:0.14.0 is starting: 861d31c03fd9a728bb17ce280fbf7048dc46ed862417032cca14fd0435b16574
2026-10-10T19:08:11.787+05:30  INFO 21447 --- [taskflow] [main] tc.testcontainers/ryuk:0.14.0            : Container testcontainers/ryuk:0.14.0 started in PT0.538529S
2026-10-10T19:08:11.794+05:30  INFO 21447 --- [taskflow] [main] o.t.utility.RyukResourceReaper           : Ryuk started - will monitor and terminate Testcontainers containers on JVM exit
2026-10-10T19:08:11.794+05:30  INFO 21447 --- [taskflow] [main] org.testcontainers.DockerClientFactory   : Checking the system...
2026-10-10T19:08:11.794+05:30  INFO 21447 --- [taskflow] [main] org.testcontainers.DockerClientFactory   : ✔︎ Docker server version should be at least 1.6.0
2026-10-10T19:08:11.794+05:30  INFO 21447 --- [taskflow] [main] tc.postgres:16-alpine                    : Creating container for image: postgres:16-alpine
2026-10-10T19:08:11.823+05:30  INFO 21447 --- [taskflow] [main] tc.postgres:16-alpine                    : Container postgres:16-alpine is starting: db444f05ca08b42d7c839bca13d85d921c2e8d3ccdc49cf8156f25aa3b0bff52
2026-10-10T19:08:13.095+05:30  INFO 21447 --- [taskflow] [main] tc.postgres:16-alpine                    : Container postgres:16-alpine started in PT1.30067S
2026-10-10T19:08:13.106+05:30  INFO 21447 --- [taskflow] [main] tc.postgres:16-alpine                    : Container is started (JDBC URL: jdbc:postgresql://localhost:53658/test?loggerLevel=OFF)
2026-10-10T19:08:13.115+05:30  INFO 21447 --- [taskflow] [main] t.c.s.AnnotationConfigContextLoaderUtils : Could not detect default configuration classes for test class [com.example.taskflow.integration.TaskRepositoryPostgresIntegrationTest]: TaskRepositoryPostgresIntegrationTest does not declare any static, non-private, non-final, nested classes annotated with @Configuration.
2026-10-10T19:08:13.136+05:30  INFO 21447 --- [taskflow] [main] .b.t.c.SpringBootTestContextBootstrapper : Found @SpringBootConfiguration com.example.taskflow.TaskflowApplication for test class com.example.taskflow.integration.TaskRepositoryPostgresIntegrationTest
2026-10-10T19:08:13.140+05:30  INFO 21447 --- [taskflow] [main] t.c.s.AnnotationConfigContextLoaderUtils : Could not detect default configuration classes for test class [com.example.taskflow.integration.TaskRepositoryPostgresIntegrationTest]: TaskRepositoryPostgresIntegrationTest does not declare any static, non-private, non-final, nested classes annotated with @Configuration.
2026-10-10T19:08:13.141+05:30  INFO 21447 --- [taskflow] [main] .b.t.c.SpringBootTestContextBootstrapper : Found @SpringBootConfiguration com.example.taskflow.TaskflowApplication for test class com.example.taskflow.integration.TaskRepositoryPostgresIntegrationTest
2026-10-10T19:08:13.151+05:30  INFO 21447 --- [taskflow] [main] o.s.b.d.r.RestartApplicationListener     : Restart disabled due to context in which it is running
2026-10-10T19:08:13.174+05:30  INFO 21447 --- [taskflow] [main] .i.TaskRepositoryPostgresIntegrationTest : Starting TaskRepositoryPostgresIntegrationTest using Java 22.0.2 with PID 21447 (started by janidubomal in /Users/janidubomal/Downloads/taskflow)
2026-10-10T19:08:13.174+05:30 DEBUG 21447 --- [taskflow] [main] .i.TaskRepositoryPostgresIntegrationTest : Running with Spring Boot v4.1.1, Spring v7.0.9
2026-10-10T19:08:13.174+05:30  INFO 21447 --- [taskflow] [main] .i.TaskRepositoryPostgresIntegrationTest : No active profile set, falling back to 1 default profile: "dev"
2026-10-10T19:08:13.515+05:30  INFO 21447 --- [taskflow] [main] .s.d.r.c.RepositoryConfigurationDelegate : Bootstrapping Spring Data JPA repositories in DEFAULT mode.
2026-10-10T19:08:13.524+05:30  INFO 21447 --- [taskflow] [main] .s.d.r.c.RepositoryConfigurationDelegate : Finished Spring Data repository scanning in 3 ms. Found 1 JPA repository interface.
2026-10-10T19:08:13.887+05:30  INFO 21447 --- [taskflow] [main] org.flywaydb.core.FlywayExecutor         : Database: jdbc:postgresql://localhost:53658/test?loggerLevel=OFF (PostgreSQL 16.15)
2026-10-10T19:08:13.933+05:30  INFO 21447 --- [taskflow] [main] o.f.c.i.s.JdbcTableSchemaHistory         : Schema history table "public"."flyway_schema_history" does not exist yet
2026-10-10T19:08:13.935+05:30  INFO 21447 --- [taskflow] [main] o.f.core.internal.command.DbValidate     : Successfully validated 2 migrations (execution time 00:00.009s)
2026-10-10T19:08:13.941+05:30  INFO 21447 --- [taskflow] [main] o.f.c.i.s.JdbcTableSchemaHistory         : Creating Schema History table "public"."flyway_schema_history" ...
2026-10-10T19:08:13.981+05:30  INFO 21447 --- [taskflow] [main] o.f.core.internal.command.DbMigrate      : Current version of schema "public": << Empty Schema >>
2026-10-10T19:08:13.985+05:30  INFO 21447 --- [taskflow] [main] o.f.core.internal.command.DbMigrate      : Migrating schema "public" to version "1 - create tasks table"
2026-10-10T19:08:13.997+05:30  INFO 21447 --- [taskflow] [main] o.f.core.internal.command.DbMigrate      : Migrating schema "public" to version "2 - add priority to tasks"
2026-10-10T19:08:14.005+05:30  INFO 21447 --- [taskflow] [main] o.f.core.internal.command.DbMigrate      : Successfully applied 2 migrations to schema "public", now at version v2 (execution time 00:00.007s)
2026-10-10T19:08:14.015+05:30  INFO 21447 --- [taskflow] [main] org.hibernate.orm.jpa                    : HHH008540: Processing PersistenceUnitInfo [name: default]
2026-10-10T19:08:14.025+05:30  INFO 21447 --- [taskflow] [main] o.s.o.j.p.SpringPersistenceUnitInfo      : No LoadTimeWeaver setup: ignoring JPA class transformer
2026-10-10T19:08:14.026+05:30  INFO 21447 --- [taskflow] [main] com.zaxxer.hikari.HikariDataSource       : HikariPool-1 - Starting...
2026-10-10T19:08:14.040+05:30  INFO 21447 --- [taskflow] [main] com.zaxxer.hikari.pool.HikariPool        : HikariPool-1 - Added connection org.postgresql.jdbc.PgConnection@682a00f8
2026-10-10T19:08:14.040+05:30  INFO 21447 --- [taskflow] [main] com.zaxxer.hikari.HikariDataSource       : HikariPool-1 - Start completed.
2026-10-10T19:08:14.053+05:30  INFO 21447 --- [taskflow] [main] org.hibernate.orm.connections.pooling    : HHH10001005: Database info:
	Database JDBC URL [jdbc:postgresql://localhost:53658/test?loggerLevel=OFF]
	Database driver: PostgreSQL JDBC Driver
	Database dialect: PostgreSQLDialect
	Database version: 16.15
	Default catalog/schema: test/public
	Autocommit mode: undefined/unknown
	Isolation level: READ_COMMITTED [default READ_COMMITTED]
	JDBC fetch size: none
	Pool: DataSourceConnectionProvider
	Minimum pool size: undefined/unknown
	Maximum pool size: undefined/unknown
2026-10-10T19:08:14.091+05:30  INFO 21447 --- [taskflow] [main] org.hibernate.orm.core                   : HHH000489: No JTA platform available (set 'hibernate.transaction.jta.platform' to enable JTA platform integration)
2026-10-10T19:08:14.108+05:30  INFO 21447 --- [taskflow] [main] j.LocalContainerEntityManagerFactoryBean : Initialized JPA EntityManagerFactory for persistence unit 'default'
2026-10-10T19:08:14.245+05:30  WARN 21447 --- [taskflow] [main] JpaBaseConfiguration$JpaWebConfiguration : spring.jpa.open-in-view is enabled by default. Therefore, database queries may be performed during view rendering. Explicitly configure spring.jpa.open-in-view to disable this warning
2026-10-10T19:08:14.531+05:30  INFO 21447 --- [taskflow] [main] o.s.b.a.e.web.EndpointLinksResolver      : Exposing 4 endpoints beneath base path '/actuator'
2026-10-10T19:08:14.568+05:30  INFO 21447 --- [taskflow] [main] .i.TaskRepositoryPostgresIntegrationTest : Started TaskRepositoryPostgresIntegrationTest in 1.417 seconds (process running for 8.002)
2026-10-10T19:08:14.612+05:30  WARN 21447 --- [taskflow] [main] o.s.core.events.SpringDocAppInitializer  : SpringDoc /v3/api-docs endpoint is enabled by default. To disable it in production, set the property 'springdoc.api-docs.enabled=false'
2026-10-10T19:08:14.612+05:30  WARN 21447 --- [taskflow] [main] o.s.core.events.SpringDocAppInitializer  : SpringDoc /swagger-ui.html endpoint is enabled by default. To disable it in production, set the property 'springdoc.swagger-ui.enabled=false'
2026-10-10T19:08:14.903+05:30  INFO 21447 --- [taskflow] [main] tc.postgres:16-alpine                    : Creating container for image: postgres:16-alpine
2026-10-10T19:08:15.009+05:30  INFO 21447 --- [taskflow] [main] tc.postgres:16-alpine                    : Container postgres:16-alpine is starting: ee02c252aca75f831bbb76592d2072b5ffd6fa786dabab8eb31db537c65ab14c
2026-10-10T19:08:16.174+05:30  INFO 21447 --- [taskflow] [main] tc.postgres:16-alpine                    : Container postgres:16-alpine started in PT1.271054S
2026-10-10T19:08:16.179+05:30  INFO 21447 --- [taskflow] [main] tc.postgres:16-alpine                    : Container is started (JDBC URL: jdbc:postgresql://localhost:53673/test?loggerLevel=OFF)
2026-10-10T19:08:16.188+05:30  INFO 21447 --- [taskflow] [main] t.c.s.AnnotationConfigContextLoaderUtils : Could not detect default configuration classes for test class [com.example.taskflow.integration.TaskApiIntegrationTest]: TaskApiIntegrationTest does not declare any static, non-private, non-final, nested classes annotated with @Configuration.
2026-10-10T19:08:16.209+05:30  INFO 21447 --- [taskflow] [main] .b.t.c.SpringBootTestContextBootstrapper : Found @SpringBootConfiguration com.example.taskflow.TaskflowApplication for test class com.example.taskflow.integration.TaskApiIntegrationTest
2026-10-10T19:08:16.212+05:30  INFO 21447 --- [taskflow] [main] t.c.s.AnnotationConfigContextLoaderUtils : Could not detect default configuration classes for test class [com.example.taskflow.integration.TaskApiIntegrationTest]: TaskApiIntegrationTest does not declare any static, non-private, non-final, nested classes annotated with @Configuration.
2026-10-10T19:08:16.217+05:30  INFO 21447 --- [taskflow] [main] .b.t.c.SpringBootTestContextBootstrapper : Found @SpringBootConfiguration com.example.taskflow.TaskflowApplication for test class com.example.taskflow.integration.TaskApiIntegrationTest
2026-10-10T19:08:16.228+05:30  INFO 21447 --- [taskflow] [main] o.s.b.d.r.RestartApplicationListener     : Restart disabled due to context in which it is running
2026-10-10T19:08:16.258+05:30  INFO 21447 --- [taskflow] [main] c.e.t.i.TaskApiIntegrationTest           : Starting TaskApiIntegrationTest using Java 22.0.2 with PID 21447 (started by janidubomal in /Users/janidubomal/Downloads/taskflow)
2026-10-10T19:08:16.258+05:30 DEBUG 21447 --- [taskflow] [main] c.e.t.i.TaskApiIntegrationTest           : Running with Spring Boot v4.1.1, Spring v7.0.9
2026-10-10T19:08:16.258+05:30  INFO 21447 --- [taskflow] [main] c.e.t.i.TaskApiIntegrationTest           : No active profile set, falling back to 1 default profile: "dev"
2026-10-10T19:08:16.476+05:30  INFO 21447 --- [taskflow] [main] .s.d.r.c.RepositoryConfigurationDelegate : Bootstrapping Spring Data JPA repositories in DEFAULT mode.
2026-10-10T19:08:16.484+05:30  INFO 21447 --- [taskflow] [main] .s.d.r.c.RepositoryConfigurationDelegate : Finished Spring Data repository scanning in 4 ms. Found 1 JPA repository interface.
2026-10-10T19:08:16.683+05:30  INFO 21447 --- [taskflow] [main] org.flywaydb.core.FlywayExecutor         : Database: jdbc:postgresql://localhost:53673/test?loggerLevel=OFF (PostgreSQL 16.15)
2026-10-10T19:08:16.720+05:30  INFO 21447 --- [taskflow] [main] o.f.c.i.s.JdbcTableSchemaHistory         : Schema history table "public"."flyway_schema_history" does not exist yet
2026-10-10T19:08:16.722+05:30  INFO 21447 --- [taskflow] [main] o.f.core.internal.command.DbValidate     : Successfully validated 2 migrations (execution time 00:00.006s)
2026-10-10T19:08:16.737+05:30  INFO 21447 --- [taskflow] [main] o.f.c.i.s.JdbcTableSchemaHistory         : Creating Schema History table "public"."flyway_schema_history" ...
2026-10-10T19:08:16.787+05:30  INFO 21447 --- [taskflow] [main] o.f.core.internal.command.DbMigrate      : Current version of schema "public": << Empty Schema >>
2026-10-10T19:08:16.794+05:30  INFO 21447 --- [taskflow] [main] o.f.core.internal.command.DbMigrate      : Migrating schema "public" to version "1 - create tasks table"
2026-10-10T19:08:16.826+05:30  INFO 21447 --- [taskflow] [main] o.f.core.internal.command.DbMigrate      : Migrating schema "public" to version "2 - add priority to tasks"
2026-10-10T19:08:16.849+05:30  INFO 21447 --- [taskflow] [main] o.f.core.internal.command.DbMigrate      : Successfully applied 2 migrations to schema "public", now at version v2 (execution time 00:00.024s)
2026-10-10T19:08:16.882+05:30  INFO 21447 --- [taskflow] [main] org.hibernate.orm.jpa                    : HHH008540: Processing PersistenceUnitInfo [name: default]
2026-10-10T19:08:16.916+05:30  INFO 21447 --- [taskflow] [main] o.s.o.j.p.SpringPersistenceUnitInfo      : No LoadTimeWeaver setup: ignoring JPA class transformer
2026-10-10T19:08:16.917+05:30  INFO 21447 --- [taskflow] [main] com.zaxxer.hikari.HikariDataSource       : HikariPool-2 - Starting...
2026-10-10T19:08:16.924+05:30  INFO 21447 --- [taskflow] [main] com.zaxxer.hikari.pool.HikariPool        : HikariPool-2 - Added connection org.postgresql.jdbc.PgConnection@d863a65
2026-10-10T19:08:16.925+05:30  INFO 21447 --- [taskflow] [main] com.zaxxer.hikari.HikariDataSource       : HikariPool-2 - Start completed.
2026-10-10T19:08:16.930+05:30  INFO 21447 --- [taskflow] [main] org.hibernate.orm.connections.pooling    : HHH10001005: Database info:
	Database JDBC URL [jdbc:postgresql://localhost:53673/test?loggerLevel=OFF]
	Database driver: PostgreSQL JDBC Driver
	Database dialect: PostgreSQLDialect
	Database version: 16.15
	Default catalog/schema: test/public
	Autocommit mode: undefined/unknown
	Isolation level: READ_COMMITTED [default READ_COMMITTED]
	JDBC fetch size: none
	Pool: DataSourceConnectionProvider
	Minimum pool size: undefined/unknown
	Maximum pool size: undefined/unknown
2026-10-10T19:08:16.953+05:30  INFO 21447 --- [taskflow] [main] org.hibernate.orm.core                   : HHH000489: No JTA platform available (set 'hibernate.transaction.jta.platform' to enable JTA platform integration)
2026-10-10T19:08:16.966+05:30  INFO 21447 --- [taskflow] [main] j.LocalContainerEntityManagerFactoryBean : Initialized JPA EntityManagerFactory for persistence unit 'default'
2026-10-10T19:08:17.001+05:30  WARN 21447 --- [taskflow] [main] JpaBaseConfiguration$JpaWebConfiguration : spring.jpa.open-in-view is enabled by default. Therefore, database queries may be performed during view rendering. Explicitly configure spring.jpa.open-in-view to disable this warning
2026-10-10T19:08:17.139+05:30  INFO 21447 --- [taskflow] [main] o.s.b.t.m.w.SpringBootMockServletContext : Initializing Spring TestDispatcherServlet ''
2026-10-10T19:08:17.139+05:30  INFO 21447 --- [taskflow] [main] o.s.t.web.servlet.TestDispatcherServlet  : Initializing Servlet ''
2026-10-10T19:08:17.140+05:30  INFO 21447 --- [taskflow] [main] o.s.b.a.e.web.EndpointLinksResolver      : Exposing 4 endpoints beneath base path '/actuator'
2026-10-10T19:08:17.142+05:30  INFO 21447 --- [taskflow] [main] o.s.t.web.servlet.TestDispatcherServlet  : Completed initialization in 3 ms
2026-10-10T19:08:17.153+05:30  INFO 21447 --- [taskflow] [main] c.e.t.i.TaskApiIntegrationTest           : Started TaskApiIntegrationTest in 0.925 seconds (process running for 10.586)
2026-10-10T19:08:17.153+05:30  WARN 21447 --- [taskflow] [main] o.s.core.events.SpringDocAppInitializer  : SpringDoc /v3/api-docs endpoint is enabled by default. To disable it in production, set the property 'springdoc.api-docs.enabled=false'
2026-10-10T19:08:17.153+05:30  WARN 21447 --- [taskflow] [main] o.s.core.events.SpringDocAppInitializer  : SpringDoc /swagger-ui.html endpoint is enabled by default. To disable it in production, set the property 'springdoc.swagger-ui.enabled=false'
2026-10-10T19:08:17.239+05:30  INFO 21447 --- [taskflow] [main] c.example.taskflow.services.TaskService  : Creating task with title: Learn Spring Boot
2026-10-10T19:08:17.245+05:30  INFO 21447 --- [taskflow] [main] c.example.taskflow.services.TaskService  : Task created successfully with id: 1
2026-10-10T19:08:17.287+05:30  INFO 21447 --- [taskflow] [main] c.example.taskflow.services.TaskService  : Creating task with title: Learn Docker
2026-10-10T19:08:17.288+05:30  INFO 21447 --- [taskflow] [main] c.example.taskflow.services.TaskService  : Task created successfully with id: 2
2026-10-10T19:08:17.328+05:30 DEBUG 21447 --- [taskflow] [main] c.example.taskflow.services.TaskService  : Finding task with id: 999
2026-10-10T19:08:17.330+05:30  WARN 21447 --- [taskflow] [main] c.example.taskflow.services.TaskService  : Task not found with id: 999
2026-10-10T19:08:17.346+05:30  INFO 21447 --- [taskflow] [main] c.example.taskflow.services.TaskService  : Creating task with title: Learn Testcontainers
2026-10-10T19:08:17.348+05:30  INFO 21447 --- [taskflow] [main] c.example.taskflow.services.TaskService  : Task created successfully with id: 3
2026-10-10T19:08:17.403+05:30  INFO 21447 --- [taskflow] [main] c.example.taskflow.services.TaskService  : Creating task with title: Learn Integration Testing
2026-10-10T19:08:17.404+05:30  INFO 21447 --- [taskflow] [main] c.example.taskflow.services.TaskService  : Task created successfully with id: 4
2026-10-10T19:08:17.414+05:30  INFO 21447 --- [taskflow] [main] c.example.taskflow.services.TaskService  : Creating task with title: Delete this task
2026-10-10T19:08:17.415+05:30  INFO 21447 --- [taskflow] [main] c.example.taskflow.services.TaskService  : Task created successfully with id: 5
2026-10-10T19:08:17.427+05:30  INFO 21447 --- [taskflow] [main] c.example.taskflow.services.TaskService  : Creating task with title: Finish Spring Testing
2026-10-10T19:08:17.428+05:30  INFO 21447 --- [taskflow] [main] c.example.taskflow.services.TaskService  : Task created successfully with id: 6
2026-10-10T19:08:17.435+05:30 DEBUG 21447 --- [taskflow] [main] c.example.taskflow.services.TaskService  : Finding task with id: 6
2026-10-10T19:08:17.604+05:30  INFO 21447 --- [taskflow] [main] tc.postgres:16-alpine                    : Creating container for image: postgres:16-alpine
2026-10-10T19:08:17.637+05:30  INFO 21447 --- [taskflow] [main] tc.postgres:16-alpine                    : Container postgres:16-alpine is starting: 4dc27e69c58464d69c5db7c08f82ea83e9e3a694a2e12b43065cd40924591452
2026-10-10T19:08:18.594+05:30  INFO 21447 --- [taskflow] [main] tc.postgres:16-alpine                    : Container postgres:16-alpine started in PT0.990177S
2026-10-10T19:08:18.600+05:30  INFO 21447 --- [taskflow] [main] tc.postgres:16-alpine                    : Container is started (JDBC URL: jdbc:postgresql://localhost:53689/test?loggerLevel=OFF)
2026-10-10T19:08:18.610+05:30  INFO 21447 --- [taskflow] [main] t.c.s.AnnotationConfigContextLoaderUtils : Could not detect default configuration classes for test class [com.example.taskflow.TaskflowApplicationTests]: TaskflowApplicationTests does not declare any static, non-private, non-final, nested classes annotated with @Configuration.
2026-10-10T19:08:18.636+05:30  INFO 21447 --- [taskflow] [main] .b.t.c.SpringBootTestContextBootstrapper : Found @SpringBootConfiguration com.example.taskflow.TaskflowApplication for test class com.example.taskflow.TaskflowApplicationTests
2026-10-10T19:08:18.638+05:30  INFO 21447 --- [taskflow] [main] t.c.s.AnnotationConfigContextLoaderUtils : Could not detect default configuration classes for test class [com.example.taskflow.TaskflowApplicationTests]: TaskflowApplicationTests does not declare any static, non-private, non-final, nested classes annotated with @Configuration.
2026-10-10T19:08:18.641+05:30  INFO 21447 --- [taskflow] [main] .b.t.c.SpringBootTestContextBootstrapper : Found @SpringBootConfiguration com.example.taskflow.TaskflowApplication for test class com.example.taskflow.TaskflowApplicationTests
2026-10-10T19:08:18.655+05:30  INFO 21447 --- [taskflow] [main] o.s.b.d.r.RestartApplicationListener     : Restart disabled due to context in which it is running
2026-10-10T19:08:18.675+05:30  INFO 21447 --- [taskflow] [main] c.e.taskflow.TaskflowApplicationTests    : Starting TaskflowApplicationTests using Java 22.0.2 with PID 21447 (started by janidubomal in /Users/janidubomal/Downloads/taskflow)
2026-10-10T19:08:18.675+05:30 DEBUG 21447 --- [taskflow] [main] c.e.taskflow.TaskflowApplicationTests    : Running with Spring Boot v4.1.1, Spring v7.0.9
2026-10-10T19:08:18.675+05:30  INFO 21447 --- [taskflow] [main] c.e.taskflow.TaskflowApplicationTests    : No active profile set, falling back to 1 default profile: "dev"
2026-10-10T19:08:18.771+05:30  INFO 21447 --- [taskflow] [main] .s.d.r.c.RepositoryConfigurationDelegate : Bootstrapping Spring Data JPA repositories in DEFAULT mode.
2026-10-10T19:08:18.778+05:30  INFO 21447 --- [taskflow] [main] .s.d.r.c.RepositoryConfigurationDelegate : Finished Spring Data repository scanning in 4 ms. Found 1 JPA repository interface.
2026-10-10T19:08:18.877+05:30  INFO 21447 --- [taskflow] [main] org.flywaydb.core.FlywayExecutor         : Database: jdbc:postgresql://localhost:53689/test?loggerLevel=OFF (PostgreSQL 16.15)
2026-10-10T19:08:18.885+05:30  INFO 21447 --- [taskflow] [main] o.f.c.i.s.JdbcTableSchemaHistory         : Schema history table "public"."flyway_schema_history" does not exist yet
2026-10-10T19:08:18.885+05:30  INFO 21447 --- [taskflow] [main] o.f.core.internal.command.DbValidate     : Successfully validated 2 migrations (execution time 00:00.002s)
2026-10-10T19:08:18.890+05:30  INFO 21447 --- [taskflow] [main] o.f.c.i.s.JdbcTableSchemaHistory         : Creating Schema History table "public"."flyway_schema_history" ...
2026-10-10T19:08:18.913+05:30  INFO 21447 --- [taskflow] [main] o.f.core.internal.command.DbMigrate      : Current version of schema "public": << Empty Schema >>
2026-10-10T19:08:18.914+05:30  INFO 21447 --- [taskflow] [main] o.f.core.internal.command.DbMigrate      : Migrating schema "public" to version "1 - create tasks table"
2026-10-10T19:08:18.925+05:30  INFO 21447 --- [taskflow] [main] o.f.core.internal.command.DbMigrate      : Migrating schema "public" to version "2 - add priority to tasks"
2026-10-10T19:08:18.930+05:30  INFO 21447 --- [taskflow] [main] o.f.core.internal.command.DbMigrate      : Successfully applied 2 migrations to schema "public", now at version v2 (execution time 00:00.006s)
2026-10-10T19:08:18.937+05:30  INFO 21447 --- [taskflow] [main] org.hibernate.orm.jpa                    : HHH008540: Processing PersistenceUnitInfo [name: default]
2026-10-10T19:08:18.948+05:30  INFO 21447 --- [taskflow] [main] o.s.o.j.p.SpringPersistenceUnitInfo      : No LoadTimeWeaver setup: ignoring JPA class transformer
2026-10-10T19:08:18.948+05:30  INFO 21447 --- [taskflow] [main] com.zaxxer.hikari.HikariDataSource       : HikariPool-3 - Starting...
2026-10-10T19:08:18.956+05:30  INFO 21447 --- [taskflow] [main] com.zaxxer.hikari.pool.HikariPool        : HikariPool-3 - Added connection org.postgresql.jdbc.PgConnection@8f5dcbc
2026-10-10T19:08:18.956+05:30  INFO 21447 --- [taskflow] [main] com.zaxxer.hikari.HikariDataSource       : HikariPool-3 - Start completed.
2026-10-10T19:08:18.961+05:30  INFO 21447 --- [taskflow] [main] org.hibernate.orm.connections.pooling    : HHH10001005: Database info:
	Database JDBC URL [jdbc:postgresql://localhost:53689/test?loggerLevel=OFF]
	Database driver: PostgreSQL JDBC Driver
	Database dialect: PostgreSQLDialect
	Database version: 16.15
	Default catalog/schema: test/public
	Autocommit mode: undefined/unknown
	Isolation level: READ_COMMITTED [default READ_COMMITTED]
	JDBC fetch size: none
	Pool: DataSourceConnectionProvider
	Minimum pool size: undefined/unknown
	Maximum pool size: undefined/unknown
2026-10-10T19:08:19.012+05:30  INFO 21447 --- [taskflow] [main] org.hibernate.orm.core                   : HHH000489: No JTA platform available (set 'hibernate.transaction.jta.platform' to enable JTA platform integration)
2026-10-10T19:08:19.021+05:30  INFO 21447 --- [taskflow] [main] j.LocalContainerEntityManagerFactoryBean : Initialized JPA EntityManagerFactory for persistence unit 'default'
2026-10-10T19:08:19.049+05:30  WARN 21447 --- [taskflow] [main] JpaBaseConfiguration$JpaWebConfiguration : spring.jpa.open-in-view is enabled by default. Therefore, database queries may be performed during view rendering. Explicitly configure spring.jpa.open-in-view to disable this warning
2026-10-10T19:08:19.093+05:30  INFO 21447 --- [taskflow] [main] o.s.b.a.e.web.EndpointLinksResolver      : Exposing 4 endpoints beneath base path '/actuator'
2026-10-10T19:08:19.106+05:30  INFO 21447 --- [taskflow] [main] c.e.taskflow.TaskflowApplicationTests    : Started TaskflowApplicationTests in 0.452 seconds (process running for 12.539)
2026-10-10T19:08:19.106+05:30  WARN 21447 --- [taskflow] [main] o.s.core.events.SpringDocAppInitializer  : SpringDoc /v3/api-docs endpoint is enabled by default. To disable it in production, set the property 'springdoc.api-docs.enabled=false'
2026-10-10T19:08:19.106+05:30  WARN 21447 --- [taskflow] [main] o.s.core.events.SpringDocAppInitializer  : SpringDoc /swagger-ui.html endpoint is enabled by default. To disable it in production, set the property 'springdoc.swagger-ui.enabled=false'
2026-10-10T19:08:19.282+05:30  INFO 21447 --- [taskflow] [main] t.c.s.AnnotationConfigContextLoaderUtils : Could not detect default configuration classes for test class [com.example.taskflow.controller.TaskControllerTest]: TaskControllerTest does not declare any static, non-private, non-final, nested classes annotated with @Configuration.
2026-10-10T19:08:19.294+05:30  INFO 21447 --- [taskflow] [main] .b.t.c.SpringBootTestContextBootstrapper : Found @SpringBootConfiguration com.example.taskflow.TaskflowApplication for test class com.example.taskflow.controller.TaskControllerTest
2026-10-10T19:08:19.294+05:30  INFO 21447 --- [taskflow] [main] t.c.s.AnnotationConfigContextLoaderUtils : Could not detect default configuration classes for test class [com.example.taskflow.controller.TaskControllerTest]: TaskControllerTest does not declare any static, non-private, non-final, nested classes annotated with @Configuration.
2026-10-10T19:08:19.297+05:30  INFO 21447 --- [taskflow] [main] .b.t.c.SpringBootTestContextBootstrapper : Found @SpringBootConfiguration com.example.taskflow.TaskflowApplication for test class com.example.taskflow.controller.TaskControllerTest
2026-10-10T19:08:19.299+05:30  INFO 21447 --- [taskflow] [main] o.s.b.d.r.RestartApplicationListener     : Restart disabled due to context in which it is running
2026-10-10T19:08:19.335+05:30  INFO 21447 --- [taskflow] [main] c.e.t.controller.TaskControllerTest      : Starting TaskControllerTest using Java 22.0.2 with PID 21447 (started by janidubomal in /Users/janidubomal/Downloads/taskflow)
2026-10-10T19:08:19.335+05:30 DEBUG 21447 --- [taskflow] [main] c.e.t.controller.TaskControllerTest      : Running with Spring Boot v4.1.1, Spring v7.0.9
2026-10-10T19:08:19.335+05:30  INFO 21447 --- [taskflow] [main] c.e.t.controller.TaskControllerTest      : No active profile set, falling back to 1 default profile: "dev"
2026-10-10T19:08:19.654+05:30  INFO 21447 --- [taskflow] [main] o.s.b.t.m.w.SpringBootMockServletContext : Initializing Spring TestDispatcherServlet ''
2026-10-10T19:08:19.654+05:30  INFO 21447 --- [taskflow] [main] o.s.t.web.servlet.TestDispatcherServlet  : Initializing Servlet ''
2026-10-10T19:08:19.655+05:30  INFO 21447 --- [taskflow] [main] o.s.t.web.servlet.TestDispatcherServlet  : Completed initialization in 1 ms
2026-10-10T19:08:19.677+05:30  INFO 21447 --- [taskflow] [main] c.e.t.controller.TaskControllerTest      : Started TaskControllerTest in 0.378 seconds (process running for 13.111)
2026-10-10T19:08:20.157+05:30 DEBUG 21447 --- [taskflow] [main] c.example.taskflow.services.TaskService  : Finding task with id: 1
2026-10-10T19:08:20.189+05:30  INFO 21447 --- [taskflow] [main] c.example.taskflow.services.TaskService  : Creating task with title: Learn Mockito
2026-10-10T19:08:20.190+05:30  INFO 21447 --- [taskflow] [main] c.example.taskflow.services.TaskService  : Task created successfully with id: 1
2026-10-10T19:08:20.200+05:30 DEBUG 21447 --- [taskflow] [main] c.example.taskflow.services.TaskService  : Finding task with id: 1
2026-10-10T19:08:20.205+05:30 DEBUG 21447 --- [taskflow] [main] c.example.taskflow.services.TaskService  : Finding task with id: 999
2026-10-10T19:08:20.206+05:30  WARN 21447 --- [taskflow] [main] c.example.taskflow.services.TaskService  : Task not found with id: 999
2026-10-10T19:08:20.233+05:30  INFO 21447 --- [taskflow] [SpringApplicationShutdownHook] j.LocalContainerEntityManagerFactoryBean : Closing JPA EntityManagerFactory for persistence unit 'default'
2026-10-10T19:08:20.251+05:30  INFO 21447 --- [taskflow] [SpringApplicationShutdownHook] j.LocalContainerEntityManagerFactoryBean : Closing JPA EntityManagerFactory for persistence unit 'default'
2026-10-10T19:08:20.253+05:30  INFO 21447 --- [taskflow] [SpringApplicationShutdownHook] com.zaxxer.hikari.HikariDataSource       : HikariPool-1 - Shutdown initiated...
2026-10-10T19:08:20.255+05:30  INFO 21447 --- [taskflow] [SpringApplicationShutdownHook] com.zaxxer.hikari.HikariDataSource       : HikariPool-1 - Shutdown completed.
2026-10-10T19:08:20.267+05:30  INFO 21447 --- [taskflow] [SpringApplicationShutdownHook] j.LocalContainerEntityManagerFactoryBean : Closing JPA EntityManagerFactory for persistence unit 'default'
2026-10-10T19:08:20.268+05:30  INFO 21447 --- [taskflow] [SpringApplicationShutdownHook] com.zaxxer.hikari.HikariDataSource       : HikariPool-2 - Shutdown initiated...
2026-10-10T19:08:20.270+05:30  INFO 21447 --- [taskflow] [SpringApplicationShutdownHook] com.zaxxer.hikari.HikariDataSource       : HikariPool-2 - Shutdown completed.
2026-10-10T19:08:20.283+05:30  INFO 21447 --- [taskflow] [SpringApplicationShutdownHook] j.LocalContainerEntityManagerFactoryBean : Closing JPA EntityManagerFactory for persistence unit 'default'
2026-10-10T19:08:20.294+05:30  INFO 21447 --- [taskflow] [SpringApplicationShutdownHook] com.zaxxer.hikari.HikariDataSource       : HikariPool-3 - Shutdown initiated...
2026-10-10T19:08:20.505+05:30  INFO 21447 --- [taskflow] [SpringApplicationShutdownHook] com.zaxxer.hikari.HikariDataSource       : HikariPool-3 - Shutdown completed.
